,onshore_wind_turbine_1,biomass_2,conventional_hydroelectric_3,conventional_steam_coal_4,natural_gas_fired_combined_cycle_5,natural_gas_fired_combustion_turbine_6,natural_gas_steam_turbine_7,nuclear_8,onshore_wind_turbine_9,small_hydroelectric_10,solar_photovoltaic_11,conventional_steam_coal_12,natural_gas_fired_combined_cycle_13,natural_gas_fired_combustion_turbine_14,onshore_wind_turbine_15,solar_photovoltaic_16,naturalgas_ccccsavgcf_17,naturalgas_ccavgcf_18,naturalgas_ctavgcf_19,landbasedwind_ltrg1_20,landbasedwind_ltrg1_21,landbasedwind_ltrg1_22,utilitypv_losangeles_23,utilitypv_losangeles_24,utilitypv_losangeles_25,utilitypv_losangeles_26,battery_27,naturalgas_ccs100_28,naturalgas_ccccsavgcf_29,naturalgas_ccavgcf_30,naturalgas_ctavgcf_31,landbasedwind_ltrg1_32,landbasedwind_ltrg1_33,landbasedwind_ltrg1_34,offshorewind_otrg3_35,offshorewind_otrg3_36,offshorewind_otrg3_37,utilitypv_losangeles_38,utilitypv_losangeles_39,battery_40,naturalgas_ccs100_41,naturalgas_ccccsavgcf_42,naturalgas_ccavgcf_43,naturalgas_ctavgcf_44,landbasedwind_ltrg1_45,landbasedwind_ltrg1_46,landbasedwind_ltrg1_47,landbasedwind_ltrg1_48,landbasedwind_ltrg1_49,landbasedwind_ltrg1_50,landbasedwind_ltrg1_51,utilitypv_losangeles_52,utilitypv_losangeles_53,battery_54,naturalgas_ccs100_55
1,0.1844,1,0.066826255,1,1,1,1,1,0.1041,1,0.0,1,1,1,0.1451,0.0,1,1,1,0.2735,0.2138,0.2207,0.0,0.0,0.0,0.0,1,1,1,1,1,0.2848,0.2469,0.0337,0.2203,0.2502,0.2446,0.0,0.0,1,1,1,1,1,0.2898,0.3769,0.3546,0.2133,0.1714,0.3065,0.0791,0.0,0.0,1,1
2,0.1263,1,0.066788942,1,1,1,1,1,0.0902,1,0.0,1,1,1,0.1546,0.0,1,1,1,0.1881,0.1404,0.1934,0.0,0.0,0.0,0.0,1,1,1,1,1,0.1883,0.1803,0.2404,0.2007,0.2344,0.2317,0.0,0.0,1,1,1,1,1,0.1517,0.3579,0.1647,0.1337,0.1089,0.155,0.0867,0.0,0.0,1,1
3,0.0817,1,0.066751629,1,1,1,1,1,0.0729,1,0.0,1,1,1,0.1998,0.0,1,1,1,0.1468,0.0993,0.149,0.0,0.0,0.0,0.0,1,1,1,1,1,0.1669,0.153,0.2585,0.1571,0.1682,0.1659,0.0,0.0,1,1,1,1,1,0.1421,0.391,0.1362,0.1254,0.1228,0.1406,0.1837,0.0,0.0,1,1
4,0.0494,1,0.066714317,1,1,1,1,1,0.0659,1,0.0,1,1,1,0.1591,0.0,1,1,1,0.0841,0.0671,0.0945,0.0,0.0,0.0,0.0,1,1,1,1,1,0.1599,0.1407,0.1597,0.1244,0.1311,0.1268,0.0,0.0,1,1,1,1,1,0.1278,0.2682,0.1337,0.1267,0.0963,0.1293,0.1416,0.0,0.0,1,1
5,0.0344,1,0.066677004,1,1,1,1,1,0.1013,1,0.0,1,1,1,0.1746,0.0,1,1,1,0.047,0.0416,0.0713,0.0,0.0,0.0,0.0,1,1,1,1,1,0.2455,0.2022,0.149,0.1299,0.1307,0.1198,0.0,0.0,1,1,1,1,1,0.205,0.1948,0.2365,0.1596,0.1229,0.2131,0.1761,0.0,0.0,1,1
6,0.0381,1,0.066639691,1,1,1,1,1,0.1,1,0.1594,1,1,1,0.138,0.1791,1,1,1,0.065,0.0547,0.0738,0.2142,0.222,0.1914,0.2699,1,1,1,1,1,0.2813,0.1923,0.1434,0.035,0.0187,0.0228,0.2335,0.2614,1,1,1,1,1,0.0525,0.2002,0.0131,0.0792,0.0951,0.0424,0.1726,0.1672,0.2157,1,1
7,0.0428,1,0.066602378,1,1,1,1,1,0.0948,1,0.3646,1,1,1,0.1027,0.3971,1,1,1,0.0523,0.0445,0.0691,0.5079,0.5095,0.437,0.5744,1,1,1,1,1,0.1735,0.1261,0.1405,0.0355,0.0235,0.0223,0.5168,0.5205,1,1,1,1,1,0.0164,0.1329,0.0,0.0147,0.0262,0.0122,0.1326,0.4551,0.5314,1,1
8,0.0512,1,0.066565066,1,1,1,1,1,0.1621,1,0.496,1,1,1,0.0955,0.4586,1,1,1,0.0547,0.0541,0.0771,0.6951,0.696,0.5638,0.7417,1,1,1,1,1,0.2555,0.2337,0.0583,0.1293,0.1337,0.1507,0.6974,0.722,1,1,1,1,1,0.0,0.0972,0.0,0.0096,0.0325,0.0,0.1618,0.6462,0.7378,1,1
9,0.0488,1,0.066527753,1,1,1,1,1,0.1671,1,0.5863,1,1,1,0.0769,0.4157,1,1,1,0.0668,0.0421,0.0855,0.7709,0.7341,0.6221,0.7776,1,1,1,1,1,0.2311,0.2251,0.0308,0.137,0.1376,0.1369,0.7539,0.782,1,1,1,1,1,0.0,0.0809,0.0,0.0059,0.0236,0.0,0.1116,0.6808,0.8011,1,1
10,0.0487,1,0.06649044,1,1,1,1,1,0.1997,1,0.6285,1,1,1,0.0297,0.5192,1,1,1,0.0614,0.0518,0.1081,0.7877,0.7578,0.7124,0.7879,1,1,1,1,1,0.2254,0.237,0.0173,0.0863,0.1059,0.0946,0.7685,0.8008,1,1,1,1,1,0.0014,0.0437,0.0,0.0021,0.0087,0.001,0.0255,0.7213,0.8373,1,1
11,0.0605,1,0.066453127,1,1,1,1,1,0.272,1,0.6377,1,1,1,0.0324,0.4912,1,1,1,0.0643,0.0662,0.1273,0.8081,0.7923,0.754,0.8168,1,1,1,1,1,0.339,0.2735,0.0133,0.0484,0.0663,0.0557,0.7719,0.8109,1,1,1,1,1,0.0,0.0493,0.0,0.0021,0.0041,0.0,0.0529,0.7275,0.8322,1,1
12,0.0973,1,0.066415815,1,1,1,1,1,0.252,1,0.6294,1,1,1,0.0343,0.519,1,1,1,0.0728,0.0997,0.1493,0.843,0.8282,0.7664,0.828,1,1,1,1,1,0.2744,0.2447,0.0089,0.0139,0.0195,0.0162,0.7345,0.798,1,1,1,1,1,0.0055,0.0556,0.0086,0.0054,0.0081,0.0063,0.0829,0.6748,0.7421,1,1
13,0.1303,1,0.066378502,1,1,1,1,1,0.322,1,0.5932,1,1,1,0.0529,0.4168,1,1,1,0.0939,0.1417,0.1936,0.8197,0.8086,0.7536,0.8405,1,1,1,1,1,0.353,0.338,0.0124,0.0032,0.0053,0.0,0.6969,0.7786,1,1,1,1,1,0.0279,0.1069,0.0361,0.0291,0.0331,0.03,0.1427,0.5549,0.6979,1,1
14,0.1638,1,0.066341189,1,1,1,1,1,0.2944,1,0.5595,1,1,1,0.093,0.4901,1,1,1,0.1173,0.1889,0.2185,0.7627,0.7584,0.7449,0.8211,1,1,1,1,1,0.3332,0.3426,0.0145,0.05,0.0483,0.0432,0.6139,0.7256,1,1,1,1,1,0.1371,0.216,0.2617,0.0464,0.1002,0.1692,0.1076,0.4197,0.5849,1,1
15,0.2152,1,0.066303876,1,1,1,1,1,0.3428,1,0.4779,1,1,1,0.1882,0.2563,1,1,1,0.1802,0.2042,0.2212,0.7287,0.7502,0.712,0.7399,1,1,1,1,1,0.3175,0.3568,0.136,0.0405,0.0442,0.0424,0.4478,0.6319,1,1,1,1,1,0.1558,0.2463,0.0276,0.0981,0.1942,0.1227,0.419,0.3413,0.3755,1,1
16,0.2525,1,0.066266564,1,1,1,1,1,0.3916,1,0.3526,1,1,1,0.2832,0.1736,1,1,1,0.2019,0.2156,0.2192,0.7033,0.6878,0.5719,0.5888,1,1,1,1,1,0.3819,0.4205,0.0625,0.0695,0.0464,0.0611,0.2861,0.4467,1,1,1,1,1,0.4441,0.2159,0.536,0.1003,0.2167,0.4678,0.2271,0.191,0.2046,1,1
17,0.1899,1,0.066229251,1,1,1,1,1,0.4354,1,0.1806,1,1,1,0.1542,0.0644,1,1,1,0.1606,0.2153,0.2009,0.4817,0.457,0.3756,0.4096,1,1,1,1,1,0.4288,0.4235,0.1042,0.1076,0.0957,0.1125,0.1115,0.2113,1,1,1,1,1,0.233,0.1178,0.1081,0.1976,0.2206,0.2008,0.1927,0.0526,0.0548,1,1
18,0.3133,1,0.066191938,1,1,1,1,1,0.5602,1,0.0,1,1,1,0.132,0.0,1,1,1,0.2486,0.305,0.2618,0.0989,0.0751,0.0386,0.0932,1,1,1,1,1,0.7521,0.6547,0.0846,0.1307,0.1616,0.1568,0.0,0.0,1,1,1,1,1,0.2556,0.1548,0.2732,0.1934,0.2079,0.2601,0.2664,0.0,0.0,1,1
19,0.3244,1,0.066154625,1,1,1,1,1,0.349,1,0.0,1,1,1,0.1979,0.0,1,1,1,0.3006,0.3431,0.3244,0.0,0.0,0.0,0.0,1,1,1,1,1,0.5737,0.4652,0.0562,0.0802,0.0883,0.079,0.0,0.0,1,1,1,1,1,0.2941,0.1256,0.3186,0.0952,0.1068,0.3004,0.2973,0.0,0.0,1,1
20,0.2987,1,0.066117312,1,1,1,1,1,0.3106,1,0.0,1,1,1,0.2447,0.0,1,1,1,0.3184,0.3778,0.3868,0.0,0.0,0.0,0.0,1,1,1,1,1,0.471,0.407,0.0705,0.1985,0.2392,0.2257,0.0,0.0,1,1,1,1,1,0.5562,0.1547,0.5636,0.2874,0.3049,0.5581,0.3126,0.0,0.0,1,1
21,0.4015,1,0.06608,1,1,1,1,1,0.4077,1,0.0,1,1,1,0.1989,0.0,1,1,1,0.4379,0.5404,0.4721,0.0,0.0,0.0,0.0,1,1,1,1,1,0.6694,0.5599,0.1802,0.2874,0.348,0.3319,0.0,0.0,1,1,1,1,1,0.3968,0.2861,0.4093,0.3348,0.2939,0.4,0.1982,0.0,0.0,1,1
22,0.2986,1,0.066042687,1,1,1,1,1,0.3378,1,0.0,1,1,1,0.2406,0.0,1,1,1,0.2923,0.4487,0.3867,0.0,0.0,0.0,0.0,1,1,1,1,1,0.6225,0.5098,0.1591,0.3631,0.4255,0.3897,0.0,0.0,1,1,1,1,1,0.468,0.3682,0.5183,0.4694,0.38,0.481,0.233,0.0,0.0,1,1
23,0.2489,1,0.066005374,1,1,1,1,1,0.3031,1,0.0,1,1,1,0.2676,0.0,1,1,1,0.2814,0.3904,0.3165,0.0,0.0,0.0,0.0,1,1,1,1,1,0.6098,0.5062,0.0945,0.3674,0.3807,0.3616,0.0,0.0,1,1,1,1,1,0.5522,0.3069,0.6517,0.4637,0.3875,0.5778,0.2184,0.0,0.0,1,1
24,0.2403,1,0.065968061,1,1,1,1,1,0.2905,1,0.0,1,1,1,0.2486,0.0,1,1,1,0.2918,0.301,0.2485,0.0,0.0,0.0,0.0,1,1,1,1,1,0.5602,0.4755,0.1096,0.4015,0.4248,0.3956,0.0,0.0,1,1,1,1,1,0.4026,0.1842,0.5164,0.3855,0.3368,0.4319,0.3028,0.0,0.0,1,1
25,0.3932,1,0.011761165,1,1,1,1,1,0.0995,1,0.0,1,1,1,0.1846,0.0,1,1,1,0.4889,0.4517,0.3674,0.0,0.0,0.0,0.0,1,1,1,1,1,0.0396,0.0531,0.5271,0.5996,0.5762,0.5655,0.0,0.0,1,1,1,1,1,0.2189,0.3511,0.1525,0.1548,0.1601,0.2018,0.2013,0.0,0.0,1,1
26,0.3784,1,0.01173714,1,1,1,1,1,0.0752,1,0.0,1,1,1,0.2122,0.0,1,1,1,0.4173,0.4228,0.3532,0.0,0.0,0.0,0.0,1,1,1,1,1,0.0238,0.055,0.4588,0.5291,0.4731,0.472,0.0,0.0,1,1,1,1,1,0.2791,0.4463,0.1926,0.2625,0.2379,0.2568,0.2327,0.0,0.0,1,1
27,0.3868,1,0.011713115,1,1,1,1,1,0.0902,1,0.0,1,1,1,0.1553,0.0,1,1,1,0.4307,0.4311,0.387,0.0,0.0,0.0,0.0,1,1,1,1,1,0.1064,0.1074,0.4611,0.4046,0.3723,0.3759,0.0,0.0,1,1,1,1,1,0.1682,0.4294,0.0989,0.1873,0.1724,0.1503,0.2082,0.0,0.0,1,1
28,0.3848,1,0.01168909,1,1,1,1,1,0.1049,1,0.0,1,1,1,0.1567,0.0,1,1,1,0.4342,0.4194,0.4121,0.0,0.0,0.0,0.0,1,1,1,1,1,0.1757,0.1453,0.4485,0.3081,0.2697,0.2956,0.0,0.0,1,1,1,1,1,0.1653,0.3952,0.1016,0.1811,0.1709,0.1489,0.1744,0.0,0.0,1,1
29,0.2778,1,0.011665065,1,1,1,1,1,0.0781,1,0.0,1,1,1,0.1536,0.0,1,1,1,0.324,0.2815,0.2968,0.0,0.0,0.0,0.0,1,1,1,1,1,0.1183,0.1129,0.2517,0.4632,0.4171,0.4772,0.0,0.0,1,1,1,1,1,0.2046,0.3556,0.1429,0.1168,0.1244,0.1887,0.1183,0.0,0.0,1,1
30,0.2345,1,0.01164104,1,1,1,1,1,0.1389,1,0.0,1,1,1,0.1027,0.0,1,1,1,0.2613,0.2557,0.283,0.0,0.0,0.0,0.0,1,1,1,1,1,0.2003,0.1736,0.3154,0.2943,0.2127,0.2852,0.0,0.0,1,1,1,1,1,0.1195,0.2719,0.0862,0.0536,0.0639,0.1109,0.0773,0.0,0.0,1,1
31,0.2329,1,0.011617015,1,1,1,1,1,0.1548,1,0.1467,1,1,1,0.0658,0.0675,1,1,1,0.2127,0.2691,0.3008,0.0525,0.0666,0.0877,0.0343,1,1,1,1,1,0.2226,0.1952,0.3204,0.3658,0.1581,0.2558,0.229,0.2192,1,1,1,1,1,0.0665,0.1461,0.0509,0.0311,0.0385,0.0624,0.0357,0.1074,0.2093,1,1
32,0.2067,1,0.011592989,1,1,1,1,1,0.1386,1,0.3552,1,1,1,0.0742,0.3579,1,1,1,0.2102,0.2381,0.2554,0.5296,0.5161,0.5,0.4383,1,1,1,1,1,0.2148,0.1664,0.1565,0.3981,0.1397,0.3248,0.5316,0.508,1,1,1,1,1,0.1594,0.0769,0.1913,0.0683,0.0755,0.1676,0.0527,0.4617,0.5915,1,1
33,0.1406,1,0.011568964,1,1,1,1,1,0.1272,1,0.5133,1,1,1,0.0912,0.593,1,1,1,0.1364,0.1133,0.1156,0.7569,0.7371,0.7282,0.673,1,1,1,1,1,0.2363,0.1895,0.0298,0.4085,0.1714,0.3517,0.7174,0.6696,1,1,1,1,1,0.3086,0.0371,0.3948,0.1625,0.1337,0.3308,0.0615,0.7057,0.8063,1,1
34,0.1523,1,0.011544939,1,1,1,1,1,0.0819,1,0.5871,1,1,1,0.0768,0.7178,1,1,1,0.1393,0.1065,0.1096,0.9151,0.9111,0.8824,0.7773,1,1,1,1,1,0.1247,0.0985,0.0,0.3939,0.1698,0.3177,0.8426,0.7371,1,1,1,1,1,0.1922,0.0252,0.2541,0.1073,0.0967,0.2081,0.0587,0.8814,0.9457,1,1
35,0.2696,1,0.011520914,1,1,1,1,1,0.0709,1,0.6638,1,1,1,0.0613,0.7736,1,1,1,0.2303,0.2618,0.2549,0.99,0.9808,0.9652,0.9306,1,1,1,1,1,0.0781,0.0751,0.0,0.2893,0.0905,0.1889,0.9249,0.8254,1,1,1,1,1,0.1046,0.0102,0.1229,0.0643,0.0656,0.1093,0.0663,0.9804,0.9922,1,1
36,0.3413,1,0.011496889,1,1,1,1,1,0.0922,1,0.672,1,1,1,0.0825,0.7882,1,1,1,0.35,0.3387,0.2907,0.9597,0.9749,0.9546,0.9281,1,1,1,1,1,0.1204,0.1129,0.0,0.1511,0.0351,0.0986,0.9542,0.7959,1,1,1,1,1,0.1332,0.0382,0.1367,0.1069,0.0989,0.1341,0.0989,1.0,0.9927,1,1
37,0.388,1,0.011472864,1,1,1,1,1,0.0669,1,0.685,1,1,1,0.0682,0.7674,1,1,1,0.4172,0.3528,0.2911,0.9509,0.9618,0.954,0.8674,1,1,1,1,1,0.0738,0.0718,0.0005,0.1388,0.0303,0.0849,0.9584,0.7337,1,1,1,1,1,0.0899,0.0292,0.0905,0.0704,0.0674,0.0901,0.0849,0.9968,0.9914,1,1
38,0.3727,1,0.011448839,1,1,1,1,1,0.1033,1,0.6107,1,1,1,0.0727,0.7038,1,1,1,0.4907,0.3645,0.3302,0.7757,0.802,0.8168,0.7702,1,1,1,1,1,0.0845,0.1209,0.0085,0.2547,0.1167,0.1683,0.8779,0.6582,1,1,1,1,1,0.059,0.0327,0.0559,0.0384,0.0439,0.0582,0.0967,0.9165,0.9102,1,1
39,0.389,1,0.011424814,1,1,1,1,1,0.1597,1,0.4975,1,1,1,0.0852,0.5767,1,1,1,0.5519,0.4053,0.3898,0.5339,0.5311,0.629,0.6141,1,1,1,1,1,0.1345,0.1958,0.0387,0.4158,0.32,0.414,0.7123,0.4299,1,1,1,1,1,0.058,0.0315,0.0573,0.0327,0.0467,0.0578,0.1023,0.7541,0.7467,1,1
40,0.3667,1,0.011400789,1,1,1,1,1,0.2014,1,0.2953,1,1,1,0.1584,0.3767,1,1,1,0.5589,0.3749,0.3673,0.3143,0.3228,0.3966,0.3589,1,1,1,1,1,0.1792,0.228,0.1034,0.5211,0.3423,0.4704,0.4314,0.301,1,1,1,1,1,0.144,0.0984,0.1526,0.076,0.1127,0.1462,0.1775,0.498,0.4915,1,1
41,0.2629,1,0.011376764,1,1,1,1,1,0.1652,1,0.0007,1,1,1,0.1244,0.0,1,1,1,0.4227,0.2564,0.2766,0.0001,0.0002,0.0,0.0001,1,1,1,1,1,0.1626,0.2053,0.2023,0.4132,0.3975,0.4834,0.0,0.0,1,1,1,1,1,0.0987,0.1161,0.1149,0.0851,0.1177,0.1029,0.1501,0.0,0.0008,1,1
42,0.4153,1,0.011352738,1,1,1,1,1,0.1527,1,0.0,1,1,1,0.1523,0.0,1,1,1,0.5384,0.3827,0.4393,0.0,0.0,0.0,0.0,1,1,1,1,1,0.1541,0.197,0.2802,0.385,0.3545,0.4206,0.0,0.0,1,1,1,1,1,0.0789,0.1794,0.0724,0.1983,0.1967,0.0772,0.2405,0.0,0.0,1,1
43,0.4705,1,0.011328713,1,1,1,1,1,0.1265,1,0.0,1,1,1,0.1206,0.0,1,1,1,0.6157,0.507,0.5003,0.0,0.0,0.0,0.0,1,1,1,1,1,0.1313,0.1327,0.3137,0.3758,0.298,0.3878,0.0,0.0,1,1,1,1,1,0.0,0.2084,0.0,0.1407,0.1467,0.0,0.1665,0.0,0.0,1,1
44,0.5582,1,0.011304688,1,1,1,1,1,0.1075,1,0.0,1,1,1,0.4276,0.0,1,1,1,0.7203,0.6249,0.5505,0.0,0.0,0.0,0.0,1,1,1,1,1,0.1224,0.1057,0.4916,0.4287,0.2981,0.37,0.0,0.0,1,1,1,1,1,0.3675,0.4388,0.3487,0.5885,0.5514,0.3626,0.5054,0.0,0.0,1,1
45,0.5971,1,0.011280663,1,1,1,1,1,0.126,1,0.0,1,1,1,0.736,0.0,1,1,1,0.7775,0.7078,0.5763,0.0,0.0,0.0,0.0,1,1,1,1,1,0.1922,0.1526,0.5608,0.3584,0.1939,0.2769,0.0,0.0,1,1,1,1,1,0.9045,0.5722,0.9054,0.8656,0.8631,0.9048,0.8781,0.0,0.0,1,1
46,0.6459,1,0.011256638,1,1,1,1,1,0.1197,1,0.0,1,1,1,0.7403,0.0,1,1,1,0.7913,0.7534,0.6055,0.0,0.0,0.0,0.0,1,1,1,1,1,0.1538,0.1253,0.6704,0.3556,0.2229,0.2953,0.0,0.0,1,1,1,1,1,0.8999,0.633,0.9088,0.8863,0.8738,0.9022,0.8822,0.0,0.0,1,1
47,0.6396,1,0.011232613,1,1,1,1,1,0.1309,1,0.0,1,1,1,0.7205,0.0,1,1,1,0.7526,0.7351,0.5834,0.0,0.0,0.0,0.0,1,1,1,1,1,0.1365,0.1425,0.6334,0.3571,0.3622,0.3678,0.0,0.0,1,1,1,1,1,0.894,0.7285,0.9096,0.8675,0.8297,0.898,0.8273,0.0,0.0,1,1
48,0.6321,1,0.011208588,1,1,1,1,1,0.1325,1,0.0,1,1,1,0.6285,0.0,1,1,1,0.7934,0.714,0.5837,0.0,0.0,0.0,0.0,1,1,1,1,1,0.0857,0.109,0.7162,0.5238,0.4924,0.4905,0.0,0.0,1,1,1,1,1,0.8203,0.7454,0.8651,0.8241,0.7696,0.8319,0.7555,0.0,0.0,1,1
49,0.5481,1,0.166958971,1,1,1,1,1,0.1079,1,0.0,1,1,1,0.4585,0.0,1,1,1,0.6618,0.59,0.4799,0.0,0.0,0.0,0.0,1,1,1,1,1,0.2627,0.1826,0.2137,0.0229,0.0221,0.0282,0.0,0.0,1,1,1,1,1,0.5995,0.4639,0.6192,0.6158,0.5854,0.6046,0.4617,0.0,0.0,1,1
50,0.439,1,0.166958971,1,1,1,1,1,0.1195,1,0.0,1,1,1,0.4426,0.0,1,1,1,0.5782,0.4947,0.3734,0.0,0.0,0.0,0.0,1,1,1,1,1,0.2903,0.197,0.2508,0.0354,0.0282,0.0429,0.0,0.0,1,1,1,1,1,0.5788,0.5159,0.6116,0.6472,0.6155,0.5872,0.5211,0.0,0.0,1,1
51,0.3464,1,0.166958971,1,1,1,1,1,0.1586,1,0.0,1,1,1,0.4763,0.0,1,1,1,0.4486,0.3839,0.291,0.0,0.0,0.0,0.0,1,1,1,1,1,0.3167,0.2238,0.3711,0.0509,0.0334,0.0515,0.0,0.0,1,1,1,1,1,0.5935,0.5756,0.6202,0.6557,0.6181,0.6004,0.6103,0.0,0.0,1,1
52,0.4275,1,0.166958971,1,1,1,1,1,0.1612,1,0.0,1,1,1,0.5595,0.0,1,1,1,0.5249,0.4644,0.3796,0.0,0.0,0.0,0.0,1,1,1,1,1,0.2879,0.2207,0.3041,0.06,0.0388,0.0559,0.0,0.0,1,1,1,1,1,0.7148,0.6948,0.7393,0.7599,0.7193,0.7211,0.6531,0.0,0.0,1,1
53,0.3928,1,0.166958971,1,1,1,1,1,0.1716,1,0.0,1,1,1,0.5931,0.0,1,1,1,0.4756,0.4144,0.3394,0.0,0.0,0.0,0.0,1,1,1,1,1,0.3236,0.2483,0.2023,0.0639,0.0324,0.0503,0.0,0.0,1,1,1,1,1,0.7865,0.6824,0.8093,0.7795,0.7451,0.7924,0.6612,0.0,0.0,1,1
54,0.3861,1,0.166958971,1,1,1,1,1,0.1722,1,0.1497,1,1,1,0.5727,0.1582,1,1,1,0.5188,0.4664,0.359,0.0666,0.1063,0.1169,0.1434,1,1,1,1,1,0.413,0.3076,0.2454,0.1296,0.0694,0.0974,0.3066,0.2917,1,1,1,1,1,0.7641,0.6323,0.796,0.7597,0.7356,0.7723,0.7177,0.1876,0.1522,1,1
55,0.4188,1,0.166958971,1,1,1,1,1,0.1699,1,0.4005,1,1,1,0.632,0.4409,1,1,1,0.593,0.5078,0.3615,0.5641,0.5685,0.5706,0.5811,1,1,1,1,1,0.4049,0.3205,0.2787,0.3102,0.1671,0.2587,0.6388,0.6136,1,1,1,1,1,0.8598,0.7316,0.8749,0.801,0.7877,0.8637,0.7327,0.5588,0.5495,1,1
56,0.3826,1,0.166958971,1,1,1,1,1,0.1486,1,0.5715,1,1,1,0.6271,0.6032,1,1,1,0.5531,0.3939,0.2583,0.7893,0.7915,0.7891,0.7959,1,1,1,1,1,0.2705,0.2029,0.1998,0.3928,0.2395,0.3649,0.8266,0.8112,1,1,1,1,1,0.8652,0.6564,0.8812,0.7067,0.7103,0.8693,0.5821,0.7759,0.7738,1,1
57,0.3717,1,0.166958971,1,1,1,1,1,0.207,1,0.6724,1,1,1,0.5835,0.6885,1,1,1,0.5289,0.3618,0.2302,0.91,0.9084,0.9021,0.9119,1,1,1,1,1,0.4105,0.3234,0.1433,0.3098,0.2354,0.3365,0.9147,0.9079,1,1,1,1,1,0.8428,0.6196,0.8665,0.5773,0.6141,0.8489,0.4398,0.8918,0.8994,1,1
58,0.2526,1,0.166958971,1,1,1,1,1,0.2004,1,0.6982,1,1,1,0.576,0.7069,1,1,1,0.4123,0.258,0.1881,0.9385,0.9364,0.9345,0.9448,1,1,1,1,1,0.3118,0.2689,0.208,0.2991,0.2565,0.3557,0.9335,0.9228,1,1,1,1,1,0.8392,0.6275,0.8672,0.5757,0.5955,0.8464,0.4386,0.922,0.9342,1,1
59,0.3371,1,0.166958971,1,1,1,1,1,0.1959,1,0.6992,1,1,1,0.4702,0.7078,1,1,1,0.473,0.3651,0.2841,0.9502,0.9477,0.9461,0.9595,1,1,1,1,1,0.2789,0.2508,0.225,0.1577,0.1694,0.2318,0.9316,0.9249,1,1,1,1,1,0.7504,0.4193,0.7917,0.4498,0.4742,0.761,0.3604,0.9246,0.9408,1,1
60,0.4078,1,0.166958971,1,1,1,1,1,0.2963,1,0.6944,1,1,1,0.465,0.7019,1,1,1,0.5346,0.4281,0.3411,0.9461,0.9445,0.9428,0.9574,1,1,1,1,1,0.3907,0.3497,0.2482,0.0959,0.1394,0.1682,0.9238,0.9143,1,1,1,1,1,0.7289,0.3537,0.7659,0.5105,0.5192,0.7385,0.4479,0.9182,0.9303,1,1
61,0.4773,1,0.166958971,1,1,1,1,1,0.3766,1,0.6906,1,1,1,0.418,0.7017,1,1,1,0.5757,0.5233,0.4418,0.9491,0.9481,0.9482,0.9618,1,1,1,1,1,0.4497,0.435,0.3707,0.0449,0.1464,0.122,0.9204,0.9058,1,1,1,1,1,0.5923,0.2796,0.6146,0.4602,0.4593,0.5981,0.4951,0.918,0.9289,1,1
62,0.5572,1,0.166958971,1,1,1,1,1,0.4472,1,0.6401,1,1,1,0.4383,0.6785,1,1,1,0.6307,0.5642,0.4511,0.9251,0.9238,0.9185,0.923,1,1,1,1,1,0.4724,0.5279,0.3407,0.0589,0.2341,0.1861,0.8789,0.8578,1,1,1,1,1,0.6163,0.2557,0.6585,0.5107,0.4926,0.6272,0.5343,0.8886,0.8967,1,1
63,0.6356,1,0.166958971,1,1,1,1,1,0.4693,1,0.519,1,1,1,0.3659,0.5748,1,1,1,0.6566,0.6288,0.5142,0.814,0.8123,0.8019,0.8079,1,1,1,1,1,0.462,0.5373,0.2915,0.1025,0.2409,0.2305,0.7309,0.7067,1,1,1,1,1,0.4736,0.2574,0.5185,0.4061,0.4,0.4852,0.4582,0.7618,0.767,1,1
64,0.6927,1,0.166958971,1,1,1,1,1,0.5352,1,0.3238,1,1,1,0.4964,0.4009,1,1,1,0.7097,0.6651,0.5391,0.5964,0.592,0.5818,0.5991,1,1,1,1,1,0.5769,0.6791,0.4024,0.2715,0.3884,0.4065,0.4746,0.4534,1,1,1,1,1,0.6464,0.275,0.6832,0.5642,0.5657,0.6559,0.6284,0.5387,0.5364,1,1
65,0.6336,1,0.166958971,1,1,1,1,1,0.4922,1,0.0343,1,1,1,0.3817,0.0617,1,1,1,0.6764,0.6647,0.5292,0.1824,0.2015,0.1706,0.2026,1,1,1,1,1,0.5842,0.6229,0.3429,0.2438,0.3387,0.357,0.0,0.0108,1,1,1,1,1,0.3883,0.3378,0.3919,0.3785,0.3747,0.3892,0.5317,0.1221,0.1587,1,1
66,0.6363,1,0.166958971,1,1,1,1,1,0.5345,1,0.0,1,1,1,0.4782,0.0,1,1,1,0.6727,0.6948,0.6007,0.0,0.0,0.0,0.0,1,1,1,1,1,0.7033,0.7218,0.4321,0.5112,0.6974,0.6737,0.0,0.0,1,1,1,1,1,0.6404,0.4503,0.6483,0.5927,0.5881,0.6424,0.6413,0.0,0.0,1,1
67,0.6738,1,0.166958971,1,1,1,1,1,0.4804,1,0.0,1,1,1,0.6234,0.0,1,1,1,0.7181,0.7278,0.608,0.0,0.0,0.0,0.0,1,1,1,1,1,0.6099,0.6339,0.6969,0.6387,0.8725,0.8146,0.0,0.0,1,1,1,1,1,0.8241,0.6101,0.8455,0.7968,0.7801,0.8296,0.7401,0.0,0.0,1,1
68,0.7434,1,0.166958971,1,1,1,1,1,0.4458,1,0.0,1,1,1,0.6527,0.0,1,1,1,0.81,0.7983,0.715,0.0,0.0,0.0,0.0,1,1,1,1,1,0.6566,0.6241,0.731,0.6188,0.8127,0.7589,0.0,0.0,1,1,1,1,1,0.8396,0.6756,0.8603,0.7961,0.7752,0.8449,0.7077,0.0,0.0,1,1
69,0.7702,1,0.166958971,1,1,1,1,1,0.548,1,0.0,1,1,1,0.6722,0.0,1,1,1,0.8235,0.8211,0.7394,0.0,0.0,0.0,0.0,1,1,1,1,1,0.7841,0.7434,0.7595,0.7687,1.0,0.961,0.0,0.0,1,1,1,1,1,0.862,0.6085,0.873,0.7968,0.7565,0.8648,0.7279,0.0,0.0,1,1
70,0.7276,1,0.166958971,1,1,1,1,1,0.5411,1,0.0,1,1,1,0.7225,0.0,1,1,1,0.7984,0.7434,0.5889,0.0,0.0,0.0,0.0,1,1,1,1,1,0.7992,0.7464,0.7276,0.7634,1.0,0.9918,0.0,0.0,1,1,1,1,1,0.8726,0.5737,0.8707,0.794,0.7725,0.8721,0.7298,0.0,0.0,1,1
71,0.5829,1,0.166958971,1,1,1,1,1,0.5044,1,0.0,1,1,1,0.7109,0.0,1,1,1,0.6928,0.5386,0.4789,0.0,0.0,0.0,0.0,1,1,1,1,1,0.7892,0.7298,0.7547,0.8192,1.0,1.0,0.0,0.0,1,1,1,1,1,0.8694,0.5383,0.8739,0.7453,0.7278,0.8706,0.692,0.0,0.0,1,1
72,0.5912,1,0.166958971,1,1,1,1,1,0.4906,1,0.0,1,1,1,0.683,0.0,1,1,1,0.5303,0.4738,0.6438,0.0,0.0,0.0,0.0,1,1,1,1,1,0.745,0.6901,0.8336,0.5923,0.8494,0.8076,0.0,0.0,1,1,1,1,1,0.8595,0.6398,0.8763,0.7502,0.716,0.8638,0.6147,0.0,0.0,1,1
73,0.0917,1,0.077861344,1,1,1,1,1,0.3166,1,0.0,1,1,1,0.2556,0.0,1,1,1,0.1288,0.0959,0.165,0.0,0.0,0.0,0.0,1,1,1,1,1,0.2486,0.3696,0.2425,1.0,1.0,1.0,0.0,0.0,1,1,1,1,1,0.3271,0.4837,0.2477,0.2255,0.2404,0.3066,0.2209,0.0,0.0,1,1
74,0.1123,1,0.077509179,1,1,1,1,1,0.4288,1,0.0,1,1,1,0.2153,0.0,1,1,1,0.139,0.1288,0.2201,0.0,0.0,0.0,0.0,1,1,1,1,1,0.367,0.4852,0.2863,1.0,1.0,1.0,0.0,0.0,1,1,1,1,1,0.2417,0.4287,0.1901,0.1841,0.2025,0.2284,0.2161,0.0,0.0,1,1
75,0.1259,1,0.077157015,1,1,1,1,1,0.4924,1,0.0,1,1,1,0.1907,0.0,1,1,1,0.1466,0.1403,0.2238,0.0,0.0,0.0,0.0,1,1,1,1,1,0.415,0.5432,0.3452,1.0,1.0,1.0,0.0,0.0,1,1,1,1,1,0.2483,0.3512,0.2046,0.2119,0.225,0.237,0.233,0.0,0.0,1,1
76,0.1308,1,0.07680485,1,1,1,1,1,0.4649,1,0.0,1,1,1,0.1931,0.0,1,1,1,0.1368,0.1534,0.2206,0.0,0.0,0.0,0.0,1,1,1,1,1,0.4707,0.5667,0.3143,1.0,1.0,1.0,0.0,0.0,1,1,1,1,1,0.3252,0.3406,0.2661,0.2686,0.2813,0.31,0.231,0.0,0.0,1,1
77,0.1009,1,0.076452686,1,1,1,1,1,0.4469,1,0.0,1,1,1,0.1334,0.0,1,1,1,0.0884,0.1322,0.2636,0.0,0.0,0.0,0.0,1,1,1,1,1,0.5228,0.5978,0.2357,1.0,1.0,1.0,0.0,0.0,1,1,1,1,1,0.1841,0.3054,0.1443,0.1577,0.157,0.1738,0.1405,0.0,0.0,1,1
78,0.1793,1,0.076100521,1,1,1,1,1,0.3948,1,0.0374,1,1,1,0.1258,0.0,1,1,1,0.1602,0.2219,0.3239,0.0,0.0,0.0,0.0,1,1,1,1,1,0.4693,0.551,0.2321,0.9772,0.9924,0.97,0.2079,0.0422,1,1,1,1,1,0.1954,0.1743,0.1568,0.1793,0.1825,0.1854,0.1795,0.0172,0.0025,1,1
79,0.1688,1,0.075748357,1,1,1,1,1,0.4742,1,0.3362,1,1,1,0.09,0.3802,1,1,1,0.1471,0.2202,0.3,0.4823,0.4833,0.4833,0.4345,1,1,1,1,1,0.6025,0.6513,0.2082,1.0,1.0,1.0,0.594,0.4398,1,1,1,1,1,0.1555,0.1318,0.1261,0.1309,0.138,0.1479,0.1343,0.5017,0.3836,1,1
80,0.2243,1,0.075396192,1,1,1,1,1,0.4558,1,0.5017,1,1,1,0.0632,0.5969,1,1,1,0.1814,0.2826,0.333,0.7669,0.7673,0.7651,0.7238,1,1,1,1,1,0.6062,0.6628,0.1079,1.0,1.0,1.0,0.8362,0.626,1,1,1,1,1,0.079,0.0936,0.066,0.0549,0.0665,0.0757,0.0567,0.7555,0.6146,1,1
81,0.2442,1,0.075044028,1,1,1,1,1,0.3835,1,0.6338,1,1,1,0.0239,0.7095,1,1,1,0.1881,0.2727,0.3402,0.9337,0.9316,0.929,0.8924,1,1,1,1,1,0.5038,0.5401,0.0823,0.969,0.9962,0.9838,0.9726,0.8176,1,1,1,1,1,0.0236,0.0345,0.0162,0.0128,0.0194,0.0217,0.0169,0.9065,0.7284,1,1
82,0.2308,1,0.074691863,1,1,1,1,1,0.2463,1,0.7263,1,1,1,0.0127,0.758,1,1,1,0.1714,0.2662,0.3334,0.9991,0.9965,0.997,0.9743,1,1,1,1,1,0.2712,0.3225,0.021,0.9571,0.9423,0.9474,1.0,0.9096,1,1,1,1,1,0.0092,0.0169,0.0096,0.0053,0.0068,0.0093,0.0048,0.9651,0.7908,1,1
83,0.2155,1,0.074339699,1,1,1,1,1,0.1716,1,0.697,1,1,1,0.012,0.7536,1,1,1,0.1426,0.2149,0.3157,1.0,0.9996,0.999,0.9702,1,1,1,1,1,0.1579,0.2108,0.0008,0.9354,0.934,0.9424,1.0,0.9606,1,1,1,1,1,0.0129,0.0127,0.015,0.0058,0.0059,0.0134,0.003,0.9566,0.7959,1,1
84,0.187,1,0.073987534,1,1,1,1,1,0.1388,1,0.6953,1,1,1,0.0053,0.7598,1,1,1,0.131,0.1991,0.2579,1.0,0.9962,0.9916,0.9456,1,1,1,1,1,0.1238,0.1622,0.0008,0.6702,0.6502,0.6803,1.0,0.9712,1,1,1,1,1,0.0021,0.0152,0.0051,0.0001,0.0008,0.0029,0.0018,0.9657,0.7973,1,1
85,0.1599,1,0.07363537,1,1,1,1,1,0.1477,1,0.6333,1,1,1,0.0008,0.7447,1,1,1,0.1306,0.1583,0.1445,1.0,0.9853,0.9717,0.9499,1,1,1,1,1,0.1603,0.1877,0.0003,0.7751,0.8271,0.836,0.9982,0.9366,1,1,1,1,1,0.0,0.0003,0.0,0.0,0.0,0.0,0.0,0.9615,0.8115,1,1
86,0.1395,1,0.073283205,1,1,1,1,1,0.1209,1,0.5538,1,1,1,0.0013,0.6865,1,1,1,0.1229,0.1252,0.0795,0.9354,0.9316,0.8961,0.9061,1,1,1,1,1,0.1573,0.1627,0.0003,0.5997,0.5775,0.6104,0.8987,0.8341,1,1,1,1,1,0.0,0.001,0.0,0.0003,0.0003,0.0,0.0017,0.8796,0.7744,1,1
87,0.0882,1,0.072931041,1,1,1,1,1,0.1157,1,0.4402,1,1,1,0.0009,0.5408,1,1,1,0.0828,0.0875,0.0556,0.7557,0.7541,0.7434,0.7342,1,1,1,1,1,0.1275,0.1579,0.0025,0.7143,0.6948,0.7247,0.7035,0.6437,1,1,1,1,1,0.0,0.0005,0.0,0.0,0.0,0.0,0.0004,0.7042,0.5797,1,1
88,0.1042,1,0.072578876,1,1,1,1,1,0.1027,1,0.2193,1,1,1,0.0027,0.3223,1,1,1,0.103,0.0925,0.0698,0.4558,0.4531,0.4433,0.4405,1,1,1,1,1,0.1366,0.1434,0.0008,0.5151,0.4747,0.5078,0.3816,0.319,1,1,1,1,1,0.0,0.0043,0.0,0.0,0.0004,0.0,0.0054,0.4236,0.2978,1,1
89,0.1092,1,0.072226711,1,1,1,1,1,0.0916,1,0.0,1,1,1,0.0259,0.0,1,1,1,0.0982,0.1022,0.0873,0.0,0.0,0.0,0.0,1,1,1,1,1,0.0839,0.1178,0.0192,0.7547,0.7509,0.7767,0.0,0.0,1,1,1,1,1,0.032,0.0307,0.0447,0.0532,0.048,0.0353,0.0736,0.0,0.0,1,1
90,0.2832,1,0.071874547,1,1,1,1,1,0.0675,1,0.0,1,1,1,0.0467,0.0,1,1,1,0.3206,0.3096,0.2139,0.0,0.0,0.0,0.0,1,1,1,1,1,0.1044,0.0971,0.0201,0.4525,0.3868,0.4172,0.0,0.0,1,1,1,1,1,0.0935,0.0332,0.1044,0.0868,0.0847,0.0963,0.0796,0.0,0.0,1,1
91,0.3573,1,0.071522382,1,1,1,1,1,0.042,1,0.0,1,1,1,0.0272,0.0,1,1,1,0.3942,0.4639,0.2681,0.0,0.0,0.0,0.0,1,1,1,1,1,0.0879,0.0851,0.0184,0.4518,0.3596,0.3798,0.0,0.0,1,1,1,1,1,0.0468,0.02,0.0445,0.0654,0.0651,0.0463,0.0724,0.0,0.0,1,1
92,0.3523,1,0.071170218,1,1,1,1,1,0.0389,1,0.0,1,1,1,0.0469,0.0,1,1,1,0.437,0.4796,0.3032,0.0,0.0,0.0,0.0,1,1,1,1,1,0.0565,0.0804,0.0021,0.4492,0.3706,0.3923,0.0,0.0,1,1,1,1,1,0.0884,0.0176,0.0685,0.0981,0.1103,0.0833,0.1063,0.0,0.0,1,1
93,0.3506,1,0.070818053,1,1,1,1,1,0.056,1,0.0,1,1,1,0.0542,0.0,1,1,1,0.4534,0.4427,0.2878,0.0,0.0,0.0,0.0,1,1,1,1,1,0.0645,0.0919,0.0021,0.6698,0.5637,0.5853,0.0,0.0,1,1,1,1,1,0.1081,0.0154,0.0748,0.1262,0.1392,0.0995,0.1247,0.0,0.0,1,1
94,0.4238,1,0.070465889,1,1,1,1,1,0.0513,1,0.0,1,1,1,0.0322,0.0,1,1,1,0.496,0.5348,0.3356,0.0,0.0,0.0,0.0,1,1,1,1,1,0.0394,0.0748,0.0,0.5119,0.4016,0.4332,0.0,0.0,1,1,1,1,1,0.0736,0.0009,0.0483,0.0729,0.0877,0.0671,0.0648,0.0,0.0,1,1
95,0.2329,1,0.070113724,1,1,1,1,1,0.0745,1,0.0,1,1,1,0.0453,0.0,1,1,1,0.2623,0.3077,0.1871,0.0,0.0,0.0,0.0,1,1,1,1,1,0.0783,0.1074,0.0002,0.4748,0.3735,0.3945,0.0,0.0,1,1,1,1,1,0.1,0.0129,0.0809,0.0772,0.0919,0.0951,0.0714,0.0,0.0,1,1
96,0.2581,1,0.06976156,1,1,1,1,1,0.1155,1,0.0,1,1,1,0.0414,0.0,1,1,1,0.3011,0.3431,0.2198,0.0,0.0,0.0,0.0,1,1,1,1,1,0.1441,0.1885,0.0006,0.443,0.3372,0.3536,0.0,0.0,1,1,1,1,1,0.091,0.0072,0.0791,0.0562,0.0629,0.088,0.0435,0.0,0.0,1,1
97,0.5196,1,0.208716987,1,1,1,1,1,0.3824,1,0.0,1,1,1,0.3754,0.0,1,1,1,0.6909,0.6766,0.6119,0.0,0.0,0.0,0.0,1,1,1,1,1,0.5777,0.5233,0.4174,0.7706,0.7199,0.7594,0.0,0.0,1,1,1,1,1,0.4751,0.5634,0.5501,0.3756,0.3528,0.4944,0.394,0.0,0.0,1,1
98,0.5049,1,0.208716987,1,1,1,1,1,0.3059,1,0.0,1,1,1,0.4443,0.0,1,1,1,0.6755,0.6807,0.5931,0.0,0.0,0.0,0.0,1,1,1,1,1,0.4127,0.3808,0.391,0.6171,0.6224,0.6237,0.0,0.0,1,1,1,1,1,0.716,0.3709,0.7741,0.5472,0.5368,0.731,0.3843,0.0,0.0,1,1
99,0.3752,1,0.208716987,1,1,1,1,1,0.2285,1,0.0,1,1,1,0.4692,0.0,1,1,1,0.5442,0.5441,0.5133,0.0,0.0,0.0,0.0,1,1,1,1,1,0.2204,0.2129,0.5733,0.5287,0.5979,0.5782,0.0,0.0,1,1,1,1,1,0.6995,0.2881,0.7546,0.6081,0.6333,0.7137,0.4415,0.0,0.0,1,1
100,0.4131,1,0.208716987,1,1,1,1,1,0.2162,1,0.0,1,1,1,0.4603,0.0,1,1,1,0.6203,0.5611,0.5637,0.0,0.0,0.0,0.0,1,1,1,1,1,0.1882,0.1681,0.6576,0.573,0.682,0.6216,0.0,0.0,1,1,1,1,1,0.6748,0.3019,0.7541,0.5757,0.5798,0.6952,0.4591,0.0,0.0,1,1
101,0.284,1,0.208716987,1,1,1,1,1,0.2993,1,0.0,1,1,1,0.3919,0.0,1,1,1,0.5216,0.4282,0.5248,0.0,0.0,0.0,0.0,1,1,1,1,1,0.4072,0.3386,0.5071,0.7417,0.7635,0.7579,0.0,0.0,1,1,1,1,1,0.6473,0.2957,0.7571,0.5552,0.5095,0.6756,0.4182,0.0,0.0,1,1
102,0.3194,1,0.208716987,1,1,1,1,1,0.3477,1,0.0019,1,1,1,0.3949,0.0,1,1,1,0.5305,0.4573,0.527,0.0,0.0,0.0067,0.0237,1,1,1,1,1,0.5142,0.4115,0.5784,0.6105,0.5632,0.5824,0.021,0.0,1,1,1,1,1,0.6109,0.2958,0.7513,0.494,0.4194,0.6471,0.382,0.0,0.0,1,1
103,0.2822,1,0.208716987,1,1,1,1,1,0.3974,1,0.1181,1,1,1,0.4011,0.3469,1,1,1,0.4486,0.4133,0.4821,0.5305,0.5227,0.5043,0.5274,1,1,1,1,1,0.5793,0.4867,0.399,0.7832,0.8519,0.8299,0.4236,0.2613,1,1,1,1,1,0.6218,0.3063,0.7729,0.5694,0.4642,0.6607,0.3876,0.4329,0.2153,1,1
104,0.1581,1,0.208716987,1,1,1,1,1,0.5196,1,0.3051,1,1,1,0.578,0.519,1,1,1,0.288,0.1964,0.3642,0.8061,0.7965,0.783,0.7784,1,1,1,1,1,0.508,0.5219,0.6202,0.7534,0.901,0.8488,0.666,0.5342,1,1,1,1,1,0.7311,0.3833,0.8444,0.6996,0.6218,0.7603,0.6027,0.6196,0.4684,1,1
105,0.1136,1,0.208716987,1,1,1,1,1,0.5901,1,0.4002,1,1,1,0.5725,0.6154,1,1,1,0.1905,0.1037,0.2844,0.9556,0.9335,0.9152,0.9363,1,1,1,1,1,0.7012,0.6712,0.4994,0.5948,0.7711,0.676,0.7805,0.6026,1,1,1,1,1,0.7173,0.4006,0.8216,0.7168,0.6568,0.7442,0.5753,0.7172,0.5824,1,1
106,0.0855,1,0.208716987,1,1,1,1,1,0.6626,1,0.4892,1,1,1,0.5275,0.5926,1,1,1,0.1345,0.0832,0.2367,0.9905,0.9684,0.9669,0.9764,1,1,1,1,1,0.831,0.7743,0.6442,0.7409,0.8615,0.8166,0.8034,0.6608,1,1,1,1,1,0.583,0.4293,0.6764,0.6475,0.5835,0.6071,0.5369,0.7546,0.6439,1,1
107,0.0894,1,0.208716987,1,1,1,1,1,0.6493,1,0.5349,1,1,1,0.4595,0.5828,1,1,1,0.153,0.0661,0.1956,0.9987,0.9922,0.9866,0.9899,1,1,1,1,1,0.7772,0.7063,0.5849,0.5081,0.6445,0.5932,0.7987,0.6649,1,1,1,1,1,0.4527,0.3718,0.5017,0.527,0.5088,0.4653,0.4674,0.7717,0.6592,1,1
108,0.0835,1,0.208716987,1,1,1,1,1,0.6748,1,0.5617,1,1,1,0.4289,0.5862,1,1,1,0.1571,0.0592,0.1503,1.0,1.0,0.996,0.9955,1,1,1,1,1,0.8278,0.7584,0.2998,0.6546,0.856,0.8166,0.7662,0.6911,1,1,1,1,1,0.4774,0.3302,0.5341,0.5231,0.5064,0.492,0.4026,0.8164,0.6896,1,1
109,0.1293,1,0.208716987,1,1,1,1,1,0.711,1,0.5884,1,1,1,0.3568,0.5767,1,1,1,0.2473,0.0968,0.1519,1.0,1.0,0.9985,0.9981,1,1,1,1,1,0.8173,0.7575,0.4759,0.7052,0.8834,0.8533,0.7108,0.736,1,1,1,1,1,0.3337,0.3448,0.3572,0.4654,0.4216,0.3398,0.379,0.8044,0.6846,1,1
110,0.1589,1,0.208716987,1,1,1,1,1,0.6465,1,0.561,1,1,1,0.3086,0.5626,1,1,1,0.2886,0.1157,0.1757,1.0,1.0,0.9926,0.995,1,1,1,1,1,0.8237,0.7659,0.3551,0.7335,0.8331,0.8218,0.6801,0.7428,1,1,1,1,1,0.3034,0.3032,0.3604,0.3883,0.3371,0.3181,0.3473,0.7447,0.6977,1,1
111,0.128,1,0.208716987,1,1,1,1,1,0.7125,1,0.4979,1,1,1,0.3239,0.4426,1,1,1,0.2446,0.11,0.183,0.9654,0.9637,0.9496,0.9637,1,1,1,1,1,0.8969,0.8716,0.3616,0.9066,1.0,0.9821,0.5746,0.6813,1,1,1,1,1,0.3272,0.3084,0.3656,0.3859,0.3618,0.3371,0.4037,0.6416,0.6643,1,1
112,0.1327,1,0.208716987,1,1,1,1,1,0.6362,1,0.2932,1,1,1,0.3004,0.2568,1,1,1,0.2527,0.1121,0.183,0.7735,0.7728,0.7634,0.7879,1,1,1,1,1,0.8677,0.8144,0.2669,0.8874,0.9831,0.968,0.3823,0.4705,1,1,1,1,1,0.3035,0.2002,0.3326,0.3013,0.2999,0.311,0.3692,0.411,0.4838,1,1
113,0.1167,1,0.208716987,1,1,1,1,1,0.654,1,0.0742,1,1,1,0.306,0.0732,1,1,1,0.2118,0.0953,0.164,0.4749,0.474,0.4602,0.5026,1,1,1,1,1,0.8749,0.8345,0.3609,0.9853,1.0,1.0,0.097,0.1302,1,1,1,1,1,0.2957,0.1812,0.3281,0.2874,0.3238,0.3041,0.431,0.1339,0.1848,1,1
114,0.1746,1,0.208716987,1,1,1,1,1,0.6539,1,0.0,1,1,1,0.2765,0.0,1,1,1,0.3441,0.1701,0.2347,0.0,0.0,0.0,0.0,1,1,1,1,1,0.8798,0.8371,0.3434,1.0,1.0,1.0,0.0,0.0,1,1,1,1,1,0.3111,0.15,0.3257,0.2379,0.293,0.3149,0.4152,0.0,0.0,1,1
115,0.3013,1,0.208716987,1,1,1,1,1,0.5053,1,0.0,1,1,1,0.2992,0.0,1,1,1,0.5061,0.309,0.3383,0.0,0.0,0.0,0.0,1,1,1,1,1,0.7074,0.7034,0.4039,1.0,1.0,1.0,0.0,0.0,1,1,1,1,1,0.4546,0.0987,0.483,0.355,0.3948,0.4619,0.4298,0.0,0.0,1,1
116,0.384,1,0.208716987,1,1,1,1,1,0.4773,1,0.0,1,1,1,0.348,0.0,1,1,1,0.6074,0.3723,0.3874,0.0,0.0,0.0,0.0,1,1,1,1,1,0.6442,0.6031,0.4339,1.0,1.0,1.0,0.0,0.0,1,1,1,1,1,0.5673,0.1174,0.6135,0.4629,0.4791,0.5792,0.4603,0.0,0.0,1,1
117,0.3998,1,0.208716987,1,1,1,1,1,0.3882,1,0.0,1,1,1,0.3532,0.0,1,1,1,0.6558,0.4075,0.3989,0.0,0.0,0.0,0.0,1,1,1,1,1,0.5272,0.5351,0.4386,1.0,1.0,1.0,0.0,0.0,1,1,1,1,1,0.5807,0.2059,0.6495,0.478,0.4777,0.5984,0.4297,0.0,0.0,1,1
118,0.4141,1,0.208716987,1,1,1,1,1,0.4967,1,0.0,1,1,1,0.3692,0.0,1,1,1,0.7025,0.4452,0.4234,0.0,0.0,0.0,0.0,1,1,1,1,1,0.6289,0.6461,0.4621,1.0,1.0,1.0,0.0,0.0,1,1,1,1,1,0.6278,0.4098,0.697,0.5841,0.5592,0.6456,0.4015,0.0,0.0,1,1
119,0.4289,1,0.208716987,1,1,1,1,1,0.5561,1,0.0,1,1,1,0.4337,0.0,1,1,1,0.7165,0.4791,0.401,0.0,0.0,0.0,0.0,1,1,1,1,1,0.7002,0.6909,0.5025,0.8097,0.9343,0.8959,0.0,0.0,1,1,1,1,1,0.6683,0.5622,0.7285,0.657,0.6407,0.6838,0.475,0.0,0.0,1,1
120,0.4266,1,0.208716987,1,1,1,1,1,0.5378,1,0.0,1,1,1,0.4051,0.0,1,1,1,0.6955,0.4912,0.3942,0.0,0.0,0.0,0.0,1,1,1,1,1,0.5959,0.6058,0.4552,0.7778,0.897,0.848,0.0,0.0,1,1,1,1,1,0.587,0.5629,0.6634,0.6538,0.6041,0.6067,0.4431,0.0,0.0,1,1
121,0.7457,1,0.210696254,1,1,1,1,1,0.4909,1,0.0,1,1,1,0.6661,0.0,1,1,1,0.8409,0.8204,0.7363,0.0,0.0,0.0,0.0,1,1,1,1,1,0.6152,0.5637,0.8148,0.9747,1.0,1.0,0.0,0.0,1,1,1,1,1,0.8384,0.7062,0.8774,0.7591,0.7044,0.8485,0.6296,0.0,0.0,1,1
122,0.7423,1,0.210848506,1,1,1,1,1,0.4115,1,0.0,1,1,1,0.6426,0.0,1,1,1,0.8378,0.8119,0.7285,0.0,0.0,0.0,0.0,1,1,1,1,1,0.5641,0.5039,0.8738,0.8324,0.8757,0.8751,0.0,0.0,1,1,1,1,1,0.7994,0.7567,0.8595,0.741,0.6715,0.8149,0.6051,0.0,0.0,1,1
123,0.7389,1,0.211000757,1,1,1,1,1,0.3199,1,0.0,1,1,1,0.5986,0.0,1,1,1,0.8222,0.8089,0.7288,0.0,0.0,0.0,0.0,1,1,1,1,1,0.4557,0.3973,0.842,0.5882,0.5407,0.5885,0.0,0.0,1,1,1,1,1,0.7356,0.7492,0.8139,0.6527,0.6281,0.7558,0.5809,0.0,0.0,1,1
124,0.7254,1,0.211153008,1,1,1,1,1,0.2851,1,0.0,1,1,1,0.4809,0.0,1,1,1,0.8156,0.8071,0.7454,0.0,0.0,0.0,0.0,1,1,1,1,1,0.3406,0.2967,0.6634,0.3591,0.3504,0.3698,0.0,0.0,1,1,1,1,1,0.5769,0.6905,0.6458,0.5504,0.509,0.5946,0.4976,0.0,0.0,1,1
125,0.6699,1,0.21130526,1,1,1,1,1,0.4003,1,0.0,1,1,1,0.5137,0.0,1,1,1,0.7896,0.7566,0.7177,0.0,0.0,0.0,0.0,1,1,1,1,1,0.4379,0.4355,0.7438,0.7793,0.8233,0.8263,0.0,0.0,1,1,1,1,1,0.544,0.6561,0.6257,0.594,0.5185,0.565,0.6175,0.0,0.0,1,1
126,0.6514,1,0.211457511,1,1,1,1,1,0.4333,1,0.0051,1,1,1,0.5755,0.0,1,1,1,0.749,0.7233,0.6757,0.0003,0.0006,0.0076,0.0506,1,1,1,1,1,0.4619,0.4431,0.7887,0.6885,0.7713,0.7472,0.011,0.0001,1,1,1,1,1,0.675,0.6141,0.7219,0.6273,0.5804,0.6871,0.6134,0.0,0.0,1,1
127,0.5828,1,0.211609762,1,1,1,1,1,0.4002,1,0.1365,1,1,1,0.6178,0.3163,1,1,1,0.6683,0.6529,0.5978,0.5076,0.493,0.4818,0.5317,1,1,1,1,1,0.4307,0.434,0.7533,0.9888,1.0,1.0,0.3018,0.2589,1,1,1,1,1,0.7118,0.6081,0.7575,0.6657,0.601,0.7236,0.6645,0.3064,0.1405,1,1
128,0.6236,1,0.211762014,1,1,1,1,1,0.5978,1,0.306,1,1,1,0.7619,0.4439,1,1,1,0.7448,0.6809,0.5675,0.7309,0.7094,0.6903,0.7882,1,1,1,1,1,0.7373,0.7255,0.8297,1.0,1.0,1.0,0.5432,0.5178,1,1,1,1,1,0.7925,0.7182,0.8267,0.827,0.7874,0.8013,0.8062,0.4966,0.4258,1,1
129,0.624,1,0.211914265,1,1,1,1,1,0.6987,1,0.4027,1,1,1,0.7313,0.4328,1,1,1,0.7116,0.6545,0.4845,0.8574,0.8343,0.8303,0.9384,1,1,1,1,1,0.8558,0.8392,0.8265,1.0,1.0,1.0,0.6321,0.5904,1,1,1,1,1,0.8056,0.7121,0.8445,0.7947,0.764,0.8156,0.7849,0.5454,0.5276,1,1
130,0.6368,1,0.212066516,1,1,1,1,1,0.7422,1,0.4906,1,1,1,0.6901,0.4837,1,1,1,0.7099,0.6888,0.5472,0.9384,0.9024,0.8774,0.9719,1,1,1,1,1,0.8578,0.8353,0.7368,1.0,1.0,1.0,0.7006,0.6244,1,1,1,1,1,0.7913,0.6527,0.8533,0.7909,0.7722,0.8073,0.7864,0.6052,0.5542,1,1
131,0.7176,1,0.212218768,1,1,1,1,1,0.6924,1,0.511,1,1,1,0.6678,0.5095,1,1,1,0.7669,0.7371,0.6577,0.9798,0.9443,0.9237,0.9818,1,1,1,1,1,0.8889,0.8505,0.6656,0.9351,1.0,0.9864,0.7336,0.6816,1,1,1,1,1,0.7729,0.568,0.8335,0.7633,0.7532,0.7885,0.7665,0.6526,0.5658,1,1
132,0.7356,1,0.212371019,1,1,1,1,1,0.6616,1,0.5026,1,1,1,0.6101,0.3845,1,1,1,0.7721,0.7581,0.7534,0.9995,0.992,0.9528,0.9841,1,1,1,1,1,0.8163,0.8022,0.706,0.942,1.0,1.0,0.7552,0.667,1,1,1,1,1,0.7243,0.4876,0.767,0.7066,0.6934,0.7353,0.6864,0.619,0.5592,1,1
133,0.7728,1,0.21252327,1,1,1,1,1,0.6743,1,0.4906,1,1,1,0.5797,0.3662,1,1,1,0.7815,0.7396,0.7627,0.9978,0.9883,0.96,0.9823,1,1,1,1,1,0.7729,0.7781,0.7468,1.0,1.0,1.0,0.6938,0.6856,1,1,1,1,1,0.637,0.4116,0.6657,0.6383,0.6283,0.6444,0.6648,0.5953,0.5408,1,1
134,0.7991,1,0.212675522,1,1,1,1,1,0.7325,1,0.4222,1,1,1,0.6627,0.3145,1,1,1,0.8109,0.7583,0.8116,0.9956,0.984,0.9619,0.9789,1,1,1,1,1,0.6867,0.7026,0.8168,0.8202,0.9216,0.879,0.5993,0.6549,1,1,1,1,1,0.7423,0.4863,0.7567,0.7494,0.7453,0.746,0.7508,0.5505,0.5039,1,1
135,0.7839,1,0.212827773,1,1,1,1,1,0.7605,1,0.3478,1,1,1,0.6709,0.4643,1,1,1,0.8234,0.7642,0.797,0.9387,0.933,0.9226,0.9492,1,1,1,1,1,0.8088,0.8076,0.7361,0.8803,0.9837,0.9728,0.3768,0.4866,1,1,1,1,1,0.7849,0.4798,0.811,0.7508,0.7254,0.7916,0.748,0.5074,0.4482,1,1
136,0.8159,1,0.212980024,1,1,1,1,1,0.7663,1,0.267,1,1,1,0.6738,0.3468,1,1,1,0.8267,0.8258,0.8257,0.7484,0.7301,0.7141,0.7745,1,1,1,1,1,0.8729,0.8678,0.6186,0.9444,1.0,1.0,0.2099,0.3141,1,1,1,1,1,0.7855,0.462,0.8164,0.6031,0.6115,0.7935,0.7696,0.3272,0.3373,1,1
137,0.8258,1,0.213132275,1,1,1,1,1,0.6928,1,0.0556,1,1,1,0.7352,0.1442,1,1,1,0.8415,0.8369,0.8194,0.459,0.4537,0.4171,0.4956,1,1,1,1,1,0.8409,0.7903,0.4998,0.9568,1.0,0.9976,0.0194,0.1168,1,1,1,1,1,0.8693,0.4106,0.8742,0.8101,0.7423,0.8705,0.8066,0.1591,0.1224,1,1
138,0.7987,1,0.213284527,1,1,1,1,1,0.6699,1,0.0,1,1,1,0.7368,0.0,1,1,1,0.8299,0.8303,0.8088,0.0,0.0,0.0,0.0,1,1,1,1,1,0.8608,0.8152,0.538,1.0,1.0,1.0,0.0,0.0,1,1,1,1,1,0.8741,0.381,0.8773,0.7817,0.7674,0.8749,0.8172,0.0,0.0,1,1
139,0.8071,1,0.213436778,1,1,1,1,1,0.6276,1,0.0,1,1,1,0.7338,0.0,1,1,1,0.8374,0.8228,0.8141,0.0,0.0,0.0,0.0,1,1,1,1,1,0.8545,0.7955,0.5475,1.0,1.0,1.0,0.0,0.0,1,1,1,1,1,0.8772,0.4544,0.8784,0.8121,0.8177,0.8775,0.7869,0.0,0.0,1,1
140,0.8178,1,0.213589029,1,1,1,1,1,0.6392,1,0.0,1,1,1,0.7521,0.0,1,1,1,0.8377,0.8227,0.8012,0.0,0.0,0.0,0.0,1,1,1,1,1,0.8509,0.7928,0.6792,1.0,1.0,1.0,0.0,0.0,1,1,1,1,1,0.8765,0.6126,0.8767,0.848,0.8361,0.8766,0.7668,0.0,0.0,1,1
141,0.8358,1,0.213741281,1,1,1,1,1,0.6453,1,0.0,1,1,1,0.8067,0.0,1,1,1,0.8459,0.8493,0.8154,0.0,0.0,0.0,0.0,1,1,1,1,1,0.8065,0.7895,0.8944,1.0,1.0,1.0,0.0,0.0,1,1,1,1,1,0.8776,0.7306,0.8795,0.8798,0.8609,0.8781,0.8402,0.0,0.0,1,1
142,0.841,1,0.213893532,1,1,1,1,1,0.5919,1,0.0,1,1,1,0.7981,0.0,1,1,1,0.8602,0.8619,0.8336,0.0,0.0,0.0,0.0,1,1,1,1,1,0.7227,0.66,0.8881,1.0,1.0,1.0,0.0,0.0,1,1,1,1,1,0.8785,0.7052,0.8762,0.8845,0.8823,0.8779,0.8374,0.0,0.0,1,1
143,0.8247,1,0.214045783,1,1,1,1,1,0.5125,1,0.0,1,1,1,0.7867,0.0,1,1,1,0.8564,0.8496,0.7939,0.0,0.0,0.0,0.0,1,1,1,1,1,0.6101,0.514,0.8927,1.0,1.0,1.0,0.0,0.0,1,1,1,1,1,0.8775,0.7156,0.8836,0.8841,0.8838,0.8791,0.8448,0.0,0.0,1,1
144,0.8108,1,0.214198035,1,1,1,1,1,0.4892,1,0.0,1,1,1,0.7975,0.0,1,1,1,0.8454,0.842,0.773,0.0,0.0,0.0,0.0,1,1,1,1,1,0.4778,0.4376,0.9058,0.9229,0.9154,0.9137,0.0,0.0,1,1,1,1,1,0.8789,0.7351,0.8881,0.886,0.8803,0.8813,0.8562,0.0,0.0,1,1
145,0.4222,1,0.045884546,1,1,1,1,1,0.169,1,0.0,1,1,1,0.288,0.0,1,1,1,0.4766,0.5447,0.4635,0.0,0.0,0.0,0.0,1,1,1,1,1,0.3202,0.2525,0.5237,0.1746,0.2036,0.1856,0.0,0.0,1,1,1,1,1,0.2652,0.4877,0.3027,0.3959,0.3145,0.2748,0.2892,0.0,0.0,1,1
146,0.4135,1,0.045884546,1,1,1,1,1,0.1347,1,0.0,1,1,1,0.3336,0.0,1,1,1,0.4866,0.5317,0.4419,0.0,0.0,0.0,0.0,1,1,1,1,1,0.2513,0.2033,0.5815,0.176,0.2006,0.1909,0.0,0.0,1,1,1,1,1,0.4346,0.4343,0.5073,0.4579,0.3594,0.4534,0.2888,0.0,0.0,1,1
147,0.3821,1,0.045884546,1,1,1,1,1,0.1278,1,0.0,1,1,1,0.4115,0.0,1,1,1,0.427,0.4863,0.4051,0.0,0.0,0.0,0.0,1,1,1,1,1,0.196,0.1648,0.7135,0.1365,0.1447,0.1409,0.0,0.0,1,1,1,1,1,0.6799,0.4254,0.7632,0.4905,0.39,0.7014,0.3101,0.0,0.0,1,1
148,0.3827,1,0.045884546,1,1,1,1,1,0.1132,1,0.0,1,1,1,0.3819,0.0,1,1,1,0.3799,0.477,0.4315,0.0,0.0,0.0,0.0,1,1,1,1,1,0.1599,0.1355,0.6223,0.1046,0.1026,0.1061,0.0,0.0,1,1,1,1,1,0.7448,0.2997,0.8161,0.4353,0.3996,0.7632,0.3011,0.0,0.0,1,1
149,0.1854,1,0.045884546,1,1,1,1,1,0.0879,1,0.0215,1,1,1,0.2395,0.0185,1,1,1,0.2097,0.2469,0.2573,0.0738,0.0818,0.0717,0.13,1,1,1,1,1,0.195,0.1521,0.294,0.1934,0.154,0.1804,0.1267,0.0532,1,1,1,1,1,0.4589,0.2146,0.5681,0.2479,0.2346,0.4871,0.192,0.0145,0.0068,1,1
150,0.1545,1,0.045884546,1,1,1,1,1,0.0468,1,0.2575,1,1,1,0.2909,0.3393,1,1,1,0.1384,0.2063,0.2551,0.4827,0.4818,0.4703,0.4994,1,1,1,1,1,0.1313,0.1003,0.1018,0.1388,0.0973,0.1268,0.4641,0.4475,1,1,1,1,1,0.566,0.1624,0.6851,0.3364,0.3023,0.5967,0.1611,0.437,0.4221,1,1
151,0.1729,1,0.045884546,1,1,1,1,1,0.0728,1,0.425,1,1,1,0.3047,0.5272,1,1,1,0.108,0.1742,0.2221,0.7263,0.7247,0.7111,0.7328,1,1,1,1,1,0.1598,0.1227,0.0634,0.1522,0.0926,0.1303,0.6831,0.6697,1,1,1,1,1,0.5926,0.2167,0.6761,0.3817,0.3597,0.6141,0.135,0.6771,0.6775,1,1
152,0.2348,1,0.045884546,1,1,1,1,1,0.04,1,0.552,1,1,1,0.2013,0.623,1,1,1,0.1852,0.2232,0.2705,0.8398,0.8357,0.822,0.8364,1,1,1,1,1,0.0746,0.0618,0.0215,0.1227,0.0418,0.0604,0.7863,0.7818,1,1,1,1,1,0.349,0.1487,0.4235,0.2405,0.2311,0.3682,0.0908,0.8036,0.8143,1,1
153,0.331,1,0.045884546,1,1,1,1,1,0.0454,1,0.6186,1,1,1,0.1263,0.6586,1,1,1,0.3154,0.3431,0.371,0.8951,0.8938,0.8838,0.8969,1,1,1,1,1,0.0803,0.058,0.0167,0.0552,0.0016,0.0046,0.83,0.8243,1,1,1,1,1,0.198,0.1078,0.2359,0.1424,0.1397,0.2078,0.0603,0.8557,0.8727,1,1
154,0.3076,1,0.045884546,1,1,1,1,1,0.0669,1,0.6552,1,1,1,0.061,0.6534,1,1,1,0.2437,0.3366,0.354,0.9163,0.9155,0.9073,0.92,1,1,1,1,1,0.1053,0.0786,0.0,0.0196,0.0077,0.013,0.8466,0.8463,1,1,1,1,1,0.0897,0.0459,0.1065,0.0728,0.063,0.094,0.0276,0.8569,0.8869,1,1
155,0.3217,1,0.045884546,1,1,1,1,1,0.1256,1,0.6617,1,1,1,0.0812,0.6396,1,1,1,0.2574,0.3585,0.3677,0.9211,0.9205,0.9069,0.9251,1,1,1,1,1,0.1741,0.157,0.0078,0.0108,0.0078,0.0141,0.8457,0.8192,1,1,1,1,1,0.1428,0.0194,0.188,0.0785,0.0532,0.1544,0.0282,0.8338,0.8517,1,1
156,0.3315,1,0.045884546,1,1,1,1,1,0.1176,1,0.6568,1,1,1,0.1113,0.6413,1,1,1,0.2643,0.3762,0.3715,0.9054,0.9053,0.9024,0.9158,1,1,1,1,1,0.1158,0.1056,0.0311,0.0199,0.0498,0.0198,0.8457,0.7988,1,1,1,1,1,0.2065,0.0414,0.2649,0.0812,0.0657,0.2216,0.0331,0.8543,0.847,1,1
157,0.3335,1,0.045884546,1,1,1,1,1,0.1042,1,0.6424,1,1,1,0.063,0.6345,1,1,1,0.2939,0.3858,0.4157,0.8796,0.8853,0.8843,0.9039,1,1,1,1,1,0.0718,0.086,0.0813,0.0298,0.0886,0.0417,0.8293,0.7766,1,1,1,1,1,0.0991,0.028,0.1375,0.0218,0.0189,0.109,0.0217,0.8369,0.8137,1,1
158,0.2933,1,0.045884546,1,1,1,1,1,0.1732,1,0.6044,1,1,1,0.0989,0.644,1,1,1,0.2764,0.3343,0.3897,0.8493,0.8596,0.864,0.8721,1,1,1,1,1,0.2069,0.2326,0.1295,0.0675,0.1265,0.068,0.8045,0.7834,1,1,1,1,1,0.1688,0.0815,0.1301,0.0429,0.0588,0.1588,0.0445,0.8239,0.7944,1,1
159,0.2708,1,0.045884546,1,1,1,1,1,0.3193,1,0.5418,1,1,1,0.1069,0.6165,1,1,1,0.2821,0.3018,0.3718,0.8238,0.825,0.8248,0.8359,1,1,1,1,1,0.2912,0.3777,0.1391,0.2685,0.3131,0.2614,0.7622,0.6969,1,1,1,1,1,0.1673,0.0684,0.1421,0.1193,0.1002,0.1608,0.069,0.8027,0.7866,1,1
160,0.2583,1,0.045884546,1,1,1,1,1,0.4189,1,0.4487,1,1,1,0.1278,0.5804,1,1,1,0.263,0.343,0.4001,0.7746,0.768,0.7612,0.7834,1,1,1,1,1,0.5368,0.4608,0.0757,0.1639,0.2099,0.2074,0.6604,0.5373,1,1,1,1,1,0.1708,0.1012,0.1311,0.15,0.1536,0.1606,0.1016,0.7303,0.7095,1,1
161,0.2517,1,0.045884546,1,1,1,1,1,0.3798,1,0.2889,1,1,1,0.1506,0.4262,1,1,1,0.2837,0.3399,0.403,0.622,0.6218,0.6132,0.6405,1,1,1,1,1,0.6746,0.628,0.0616,0.1699,0.2423,0.2434,0.4461,0.3588,1,1,1,1,1,0.2093,0.1261,0.151,0.1915,0.1748,0.1943,0.1064,0.5412,0.516,1,1
162,0.2859,1,0.045884546,1,1,1,1,1,0.4862,1,0.0918,1,1,1,0.1666,0.19,1,1,1,0.3181,0.2813,0.4144,0.3538,0.3518,0.3429,0.3737,1,1,1,1,1,0.7126,0.7138,0.0393,0.4692,0.6836,0.6152,0.1221,0.0693,1,1,1,1,1,0.2041,0.1515,0.1566,0.2578,0.2078,0.1918,0.1206,0.2456,0.2113,1,1
163,0.2865,1,0.045884546,1,1,1,1,1,0.3237,1,0.0,1,1,1,0.195,0.0,1,1,1,0.3478,0.2689,0.4017,0.0,0.0,0.0,0.0,1,1,1,1,1,0.5758,0.5139,0.0902,0.4032,0.6632,0.5181,0.0,0.0,1,1,1,1,1,0.2584,0.1959,0.2493,0.3028,0.2566,0.2561,0.195,0.0,0.0,1,1
164,0.24,1,0.045884546,1,1,1,1,1,0.3737,1,0.0,1,1,1,0.291,0.0,1,1,1,0.3206,0.2767,0.3861,0.0,0.0,0.0,0.0,1,1,1,1,1,0.6531,0.5642,0.155,0.3928,0.5399,0.4663,0.0,0.0,1,1,1,1,1,0.4225,0.2133,0.6125,0.3914,0.373,0.4714,0.4514,0.0,0.0,1,1
165,0.3435,1,0.045884546,1,1,1,1,1,0.3301,1,0.0,1,1,1,0.343,0.0,1,1,1,0.4531,0.4756,0.54,0.0,0.0,0.0,0.0,1,1,1,1,1,0.6417,0.5138,0.223,0.2494,0.2926,0.2828,0.0,0.0,1,1,1,1,1,0.4337,0.2172,0.5794,0.3812,0.3851,0.4713,0.5093,0.0,0.0,1,1
166,0.3612,1,0.045884546,1,1,1,1,1,0.2372,1,0.0,1,1,1,0.3709,0.0,1,1,1,0.4739,0.4904,0.5419,0.0,0.0,0.0,0.0,1,1,1,1,1,0.5366,0.4018,0.4363,0.2165,0.2327,0.2307,0.0,0.0,1,1,1,1,1,0.5673,0.3235,0.6005,0.5362,0.5433,0.5759,0.499,0.0,0.0,1,1
167,0.3186,1,0.045884546,1,1,1,1,1,0.1999,1,0.0,1,1,1,0.3595,0.0,1,1,1,0.4485,0.4107,0.4708,0.0,0.0,0.0,0.0,1,1,1,1,1,0.4555,0.3415,0.6155,0.1397,0.1549,0.1532,0.0,0.0,1,1,1,1,1,0.5782,0.3134,0.6084,0.5353,0.5036,0.586,0.5126,0.0,0.0,1,1
168,0.3156,1,0.045884546,1,1,1,1,1,0.159,1,0.0,1,1,1,0.3355,0.0,1,1,1,0.5222,0.3972,0.4532,0.0,0.0,0.0,0.0,1,1,1,1,1,0.3451,0.2655,0.6185,0.0754,0.0925,0.0859,0.0,0.0,1,1,1,1,1,0.5437,0.2978,0.575,0.4788,0.4456,0.5518,0.5068,0.0,0.0,1,1
169,0.2333,1,0.039477629,1,1,1,1,1,0.0583,1,0.0,1,1,1,0.156,0.0,1,1,1,0.3059,0.2607,0.2591,0.0,0.0,0.0,0.0,1,1,1,1,1,0.1085,0.0883,0.2018,0.7982,0.7111,0.7419,0.0,0.0,1,1,1,1,1,0.2958,0.0919,0.4204,0.2391,0.1918,0.3279,0.1701,0.0,0.0,1,1
170,0.2556,1,0.039477629,1,1,1,1,1,0.0403,1,0.0,1,1,1,0.1678,0.0,1,1,1,0.3414,0.2483,0.2164,0.0,0.0,0.0,0.0,1,1,1,1,1,0.0973,0.0728,0.1533,0.6084,0.5292,0.5627,0.0,0.0,1,1,1,1,1,0.2947,0.0737,0.4335,0.2013,0.1708,0.3305,0.1443,0.0,0.0,1,1
171,0.2139,1,0.039477629,1,1,1,1,1,0.0478,1,0.0,1,1,1,0.2374,0.0,1,1,1,0.2801,0.2268,0.1899,0.0,0.0,0.0,0.0,1,1,1,1,1,0.1114,0.0963,0.2151,0.5188,0.445,0.448,0.0,0.0,1,1,1,1,1,0.4123,0.0963,0.5939,0.3307,0.2663,0.4591,0.2232,0.0,0.0,1,1
172,0.2837,1,0.039477629,1,1,1,1,1,0.0495,1,0.0,1,1,1,0.2364,0.0,1,1,1,0.3618,0.2543,0.2319,0.0,0.0,0.0,0.0,1,1,1,1,1,0.1259,0.0964,0.1972,0.3952,0.3475,0.3432,0.0,0.0,1,1,1,1,1,0.387,0.0891,0.5569,0.3157,0.2655,0.4308,0.2695,0.0,0.0,1,1
173,0.3108,1,0.039477629,1,1,1,1,1,0.0407,1,0.0,1,1,1,0.2497,0.0,1,1,1,0.3977,0.3031,0.2759,0.0,0.0,0.0,0.0,1,1,1,1,1,0.0855,0.062,0.1856,0.3998,0.3741,0.3665,0.0,0.0,1,1,1,1,1,0.3925,0.128,0.5703,0.3374,0.2828,0.4383,0.2789,0.0,0.0,1,1
174,0.2802,1,0.039477629,1,1,1,1,1,0.0465,1,0.0,1,1,1,0.3259,0.0,1,1,1,0.3695,0.272,0.2577,0.0,0.0,0.0,0.0,1,1,1,1,1,0.0514,0.0445,0.2226,0.4136,0.4064,0.4067,0.0,0.0,1,1,1,1,1,0.4382,0.245,0.5933,0.3593,0.3092,0.4782,0.3034,0.0,0.0,1,1
175,0.2779,1,0.039477629,1,1,1,1,1,0.0427,1,0.2383,1,1,1,0.3118,0.2362,1,1,1,0.3636,0.2765,0.2424,0.0246,0.0197,0.0427,0.0079,1,1,1,1,1,0.0133,0.0121,0.3492,0.3786,0.3482,0.3526,0.3387,0.3684,1,1,1,1,1,0.3717,0.1835,0.4912,0.3099,0.272,0.4025,0.306,0.2952,0.3026,1,1
176,0.267,1,0.039477629,1,1,1,1,1,0.1522,1,0.4343,1,1,1,0.5482,0.4648,1,1,1,0.3374,0.2472,0.2395,0.2223,0.2509,0.2801,0.1592,1,1,1,1,1,0.1613,0.1437,0.6137,0.6335,0.6012,0.6287,0.5953,0.627,1,1,1,1,1,0.6428,0.3015,0.7632,0.6436,0.5729,0.6738,0.6169,0.5957,0.5746,1,1
177,0.3445,1,0.039477629,1,1,1,1,1,0.3306,1,0.5353,1,1,1,0.6432,0.6031,1,1,1,0.4255,0.3306,0.3095,0.42,0.4408,0.4617,0.268,1,1,1,1,1,0.3167,0.3446,0.8105,0.6282,0.7176,0.6872,0.7354,0.7358,1,1,1,1,1,0.7332,0.4811,0.812,0.7899,0.6972,0.7535,0.7503,0.7796,0.7548,1,1
178,0.4724,1,0.039477629,1,1,1,1,1,0.4253,1,0.5971,1,1,1,0.7138,0.6807,1,1,1,0.5406,0.4374,0.4778,0.552,0.5745,0.5297,0.3542,1,1,1,1,1,0.4583,0.461,0.8591,0.7905,0.872,0.8138,0.8323,0.8264,1,1,1,1,1,0.7911,0.5385,0.8425,0.8116,0.7599,0.8043,0.7796,0.8802,0.897,1,1
179,0.519,1,0.039477629,1,1,1,1,1,0.3749,1,0.6293,1,1,1,0.6768,0.7084,1,1,1,0.5445,0.4496,0.5997,0.6428,0.6609,0.5793,0.5996,1,1,1,1,1,0.3863,0.3745,0.8194,0.4333,0.5078,0.491,0.8883,0.8803,1,1,1,1,1,0.7949,0.5894,0.8442,0.7852,0.7307,0.8076,0.7175,0.9156,0.9267,1,1
180,0.5275,1,0.039477629,1,1,1,1,1,0.3659,1,0.6425,1,1,1,0.6756,0.7037,1,1,1,0.5512,0.5336,0.5205,0.7231,0.6444,0.6394,0.7533,1,1,1,1,1,0.3856,0.3771,0.6733,0.3904,0.5261,0.4566,0.8918,0.8557,1,1,1,1,1,0.7888,0.5722,0.8314,0.7632,0.7253,0.7998,0.7065,0.9109,0.9208,1,1
181,0.4387,1,0.039477629,1,1,1,1,1,0.4284,1,0.6243,1,1,1,0.6206,0.6603,1,1,1,0.4944,0.445,0.4211,0.6565,0.6234,0.6982,0.7644,1,1,1,1,1,0.4408,0.4339,0.6796,0.4041,0.5535,0.489,0.8356,0.8101,1,1,1,1,1,0.6708,0.576,0.6999,0.7061,0.6462,0.6783,0.7015,0.8603,0.8595,1,1
182,0.3042,1,0.039477629,1,1,1,1,1,0.4666,1,0.5286,1,1,1,0.6191,0.5716,1,1,1,0.3033,0.3285,0.3503,0.6612,0.6425,0.6084,0.6915,1,1,1,1,1,0.4604,0.4831,0.7057,0.5062,0.6962,0.6302,0.7027,0.7016,1,1,1,1,1,0.6887,0.4954,0.7167,0.6948,0.6434,0.696,0.7126,0.7437,0.7534,1,1
183,0.2062,1,0.039477629,1,1,1,1,1,0.517,1,0.3824,1,1,1,0.521,0.4201,1,1,1,0.2377,0.2504,0.2269,0.497,0.4974,0.4244,0.5149,1,1,1,1,1,0.5187,0.5545,0.669,0.5966,0.7449,0.6696,0.4956,0.5193,1,1,1,1,1,0.5468,0.4247,0.5786,0.5956,0.5454,0.555,0.6486,0.5452,0.5678,1,1
184,0.0465,1,0.039477629,1,1,1,1,1,0.4173,1,0.1483,1,1,1,0.2371,0.1686,1,1,1,0.0479,0.0647,0.0558,0.1991,0.1828,0.1612,0.1645,1,1,1,1,1,0.4739,0.5046,0.2856,0.5958,0.7829,0.6859,0.149,0.2113,1,1,1,1,1,0.2063,0.2152,0.2238,0.2328,0.2008,0.2108,0.2835,0.2334,0.2638,1,1
185,0.0295,1,0.039477629,1,1,1,1,1,0.2395,1,0.0,1,1,1,0.1006,0.0,1,1,1,0.0317,0.0217,0.0219,0.0,0.0,0.0,0.0,1,1,1,1,1,0.2776,0.3235,0.0735,0.7157,0.8264,0.7486,0.0,0.0,1,1,1,1,1,0.0727,0.0757,0.0841,0.0721,0.0617,0.0756,0.1177,0.0,0.0,1,1
186,0.0256,1,0.039477629,1,1,1,1,1,0.2095,1,0.0,1,1,1,0.0748,0.0,1,1,1,0.04,0.0194,0.0245,0.0,0.0,0.0,0.0,1,1,1,1,1,0.1889,0.2391,0.1074,0.7031,0.7402,0.6935,0.0,0.0,1,1,1,1,1,0.0513,0.0654,0.0714,0.0614,0.0472,0.0565,0.0895,0.0,0.0,1,1
187,0.0244,1,0.039477629,1,1,1,1,1,0.2316,1,0.0,1,1,1,0.1092,0.0,1,1,1,0.0335,0.0159,0.0316,0.0,0.0,0.0,0.0,1,1,1,1,1,0.1965,0.2696,0.1541,0.725,0.7647,0.7529,0.0,0.0,1,1,1,1,1,0.1146,0.0741,0.1285,0.1164,0.0986,0.1182,0.1249,0.0,0.0,1,1
188,0.0324,1,0.039477629,1,1,1,1,1,0.2002,1,0.0,1,1,1,0.1347,0.0,1,1,1,0.0324,0.023,0.0284,0.0,0.0,0.0,0.0,1,1,1,1,1,0.2381,0.243,0.1849,0.7751,0.7894,0.7954,0.0,0.0,1,1,1,1,1,0.1622,0.1087,0.1794,0.1587,0.134,0.1667,0.1315,0.0,0.0,1,1
189,0.0231,1,0.039477629,1,1,1,1,1,0.1686,1,0.0,1,1,1,0.1806,0.0,1,1,1,0.0247,0.0175,0.0199,0.0,0.0,0.0,0.0,1,1,1,1,1,0.2659,0.2463,0.2129,0.6893,0.6743,0.699,0.0,0.0,1,1,1,1,1,0.2958,0.0995,0.3435,0.2579,0.2125,0.3081,0.2061,0.0,0.0,1,1
190,0.025,1,0.039477629,1,1,1,1,1,0.1352,1,0.0,1,1,1,0.1238,0.0,1,1,1,0.0204,0.0214,0.0265,0.0,0.0,0.0,0.0,1,1,1,1,1,0.2217,0.1969,0.1493,0.666,0.6723,0.6759,0.0,0.0,1,1,1,1,1,0.2734,0.0529,0.3401,0.2158,0.1986,0.2906,0.159,0.0,0.0,1,1
191,0.0218,1,0.039477629,1,1,1,1,1,0.1389,1,0.0,1,1,1,0.1354,0.0,1,1,1,0.0213,0.0271,0.0247,0.0,0.0,0.0,0.0,1,1,1,1,1,0.2611,0.2047,0.2677,0.6252,0.6174,0.6093,0.0,0.0,1,1,1,1,1,0.2499,0.0769,0.317,0.23,0.1944,0.2672,0.1784,0.0,0.0,1,1
192,0.0236,1,0.039477629,1,1,1,1,1,0.1181,1,0.0,1,1,1,0.1421,0.0,1,1,1,0.0228,0.0254,0.0195,0.0,0.0,0.0,0.0,1,1,1,1,1,0.1973,0.1589,0.2849,0.6904,0.7001,0.6827,0.0,0.0,1,1,1,1,1,0.2746,0.079,0.3695,0.2788,0.2258,0.2991,0.2491,0.0,0.0,1,1
193,0.2345,1,0.006884069,1,1,1,1,1,0.5878,1,0.0,1,1,1,0.6011,0.0,1,1,1,0.2834,0.288,0.2331,0.0,0.0,0.0,0.0,1,1,1,1,1,0.5305,0.5803,0.6162,0.5874,0.8628,0.7905,0.0,0.0,1,1,1,1,1,0.6805,0.7843,0.607,0.6271,0.6452,0.6616,0.5481,0.0,0.0,1,1
194,0.2697,1,0.006884069,1,1,1,1,1,0.5301,1,0.0,1,1,1,0.5914,0.0,1,1,1,0.361,0.3275,0.2723,0.0,0.0,0.0,0.0,1,1,1,1,1,0.4654,0.5128,0.703,0.881,1.0,1.0,0.0,0.0,1,1,1,1,1,0.639,0.8016,0.56,0.6459,0.6532,0.6186,0.6162,0.0,0.0,1,1
195,0.2377,1,0.006884069,1,1,1,1,1,0.6197,1,0.0,1,1,1,0.5513,0.0,1,1,1,0.3376,0.2874,0.2376,0.0,0.0,0.0,0.0,1,1,1,1,1,0.6221,0.6132,0.6274,1.0,1.0,1.0,0.0,0.0,1,1,1,1,1,0.5607,0.7817,0.4727,0.5441,0.5642,0.538,0.5809,0.0,0.0,1,1
196,0.1636,1,0.006884069,1,1,1,1,1,0.6501,1,0.0,1,1,1,0.562,0.0,1,1,1,0.2258,0.1954,0.1777,0.0,0.0,0.0,0.0,1,1,1,1,1,0.6293,0.6444,0.6504,1.0,1.0,1.0,0.0,0.0,1,1,1,1,1,0.522,0.8028,0.4301,0.5184,0.5398,0.4983,0.5714,0.0,0.0,1,1
197,0.1484,1,0.006884069,1,1,1,1,1,0.4621,1,0.0,1,1,1,0.4761,0.0,1,1,1,0.1937,0.2013,0.2035,0.0,0.0,0.0,0.0,1,1,1,1,1,0.3343,0.4205,0.5669,1.0,0.9831,0.9634,0.0,0.0,1,1,1,1,1,0.4614,0.7462,0.3841,0.4531,0.455,0.4414,0.4493,0.0,0.0,1,1
198,0.1299,1,0.006884069,1,1,1,1,1,0.5599,1,0.0,1,1,1,0.4873,0.0,1,1,1,0.1593,0.1884,0.2124,0.0,0.0,0.0,0.0,1,1,1,1,1,0.4543,0.567,0.3888,1.0,1.0,1.0,0.0,0.0,1,1,1,1,1,0.5375,0.6791,0.4716,0.475,0.4956,0.5205,0.4753,0.0,0.0,1,1
199,0.1096,1,0.006884069,1,1,1,1,1,0.5734,1,0.0183,1,1,1,0.5496,0.0667,1,1,1,0.1441,0.1424,0.1556,0.2332,0.2261,0.1943,0.1642,1,1,1,1,1,0.4888,0.5665,0.5041,1.0,1.0,1.0,0.098,0.0196,1,1,1,1,1,0.7071,0.7132,0.6369,0.6497,0.6479,0.689,0.582,0.1056,0.0511,1,1
200,0.0775,1,0.006884069,1,1,1,1,1,0.5891,1,0.1572,1,1,1,0.5352,0.3952,1,1,1,0.0802,0.0906,0.1023,0.6135,0.6118,0.6052,0.5945,1,1,1,1,1,0.6606,0.7278,0.4616,1.0,1.0,1.0,0.3903,0.1921,1,1,1,1,1,0.7325,0.6138,0.6729,0.6499,0.6709,0.7171,0.5656,0.4933,0.3395,1,1
201,0.0532,1,0.006884069,1,1,1,1,1,0.5847,1,0.2994,1,1,1,0.5426,0.5876,1,1,1,0.074,0.0528,0.0706,0.832,0.8318,0.8342,0.8195,1,1,1,1,1,0.6784,0.7413,0.4294,1.0,1.0,1.0,0.5251,0.3408,1,1,1,1,1,0.7374,0.5392,0.705,0.6726,0.674,0.729,0.4951,0.7001,0.5382,1,1
202,0.0624,1,0.006884069,1,1,1,1,1,0.4989,1,0.3965,1,1,1,0.5103,0.645,1,1,1,0.1029,0.0582,0.0714,0.9622,0.9631,0.9692,0.9474,1,1,1,1,1,0.5466,0.6384,0.4953,1.0,1.0,1.0,0.6046,0.5039,1,1,1,1,1,0.6421,0.5102,0.5924,0.5439,0.5426,0.6293,0.4552,0.8588,0.6417,1,1
203,0.0449,1,0.006884069,1,1,1,1,1,0.4622,1,0.4225,1,1,1,0.4298,0.6993,1,1,1,0.0867,0.0406,0.0616,0.9999,0.9992,1.0,0.9993,1,1,1,1,1,0.5095,0.5736,0.345,1.0,1.0,1.0,0.6328,0.5588,1,1,1,1,1,0.5333,0.4187,0.5059,0.4984,0.4787,0.5263,0.3889,0.933,0.6894,1,1
204,0.0468,1,0.006884069,1,1,1,1,1,0.4727,1,0.4606,1,1,1,0.3414,0.7238,1,1,1,0.0911,0.0416,0.0608,0.9939,0.9965,1.0,1.0,1,1,1,1,1,0.502,0.5738,0.2895,1.0,1.0,1.0,0.6796,0.6505,1,1,1,1,1,0.4535,0.2818,0.4519,0.5019,0.4642,0.4531,0.3419,0.9223,0.7353,1,1
205,0.0295,1,0.006884069,1,1,1,1,1,0.3954,1,0.4781,1,1,1,0.2728,0.7297,1,1,1,0.0448,0.0212,0.028,0.9203,0.9518,0.9947,1.0,1,1,1,1,1,0.4434,0.5169,0.2133,0.9948,1.0,1.0,0.745,0.656,1,1,1,1,1,0.324,0.2631,0.3125,0.3569,0.3363,0.3211,0.266,0.8937,0.7718,1,1
206,0.0139,1,0.006884069,1,1,1,1,1,0.3453,1,0.4476,1,1,1,0.2181,0.6767,1,1,1,0.0192,0.0104,0.0186,0.8635,0.8954,0.9622,0.9733,1,1,1,1,1,0.3123,0.4135,0.1813,1.0,1.0,1.0,0.7778,0.4443,1,1,1,1,1,0.2734,0.2427,0.273,0.29,0.2712,0.2733,0.2443,0.8452,0.7513,1,1
207,0.0055,1,0.006884069,1,1,1,1,1,0.3493,1,0.3728,1,1,1,0.1951,0.5876,1,1,1,0.0059,0.0052,0.0157,0.7088,0.7499,0.8019,0.8322,1,1,1,1,1,0.3609,0.4183,0.1856,1.0,1.0,1.0,0.6684,0.3884,1,1,1,1,1,0.2597,0.1835,0.2619,0.2265,0.2128,0.2603,0.1946,0.7045,0.6254,1,1
208,0.011,1,0.006884069,1,1,1,1,1,0.3207,1,0.2371,1,1,1,0.2048,0.3907,1,1,1,0.0062,0.0077,0.025,0.4936,0.5179,0.542,0.5762,1,1,1,1,1,0.3757,0.4237,0.1671,0.9704,1.0,0.9985,0.4441,0.2363,1,1,1,1,1,0.2315,0.1843,0.2108,0.2239,0.2086,0.2262,0.2216,0.4819,0.4418,1,1
209,0.0123,1,0.006884069,1,1,1,1,1,0.3199,1,0.0051,1,1,1,0.1859,0.0663,1,1,1,0.008,0.0116,0.0348,0.1152,0.0996,0.0986,0.099,1,1,1,1,1,0.425,0.4312,0.1563,1.0,1.0,1.0,0.0,0.0,1,1,1,1,1,0.2002,0.2243,0.1786,0.2193,0.1939,0.1946,0.2363,0.0807,0.0587,1,1
210,0.0209,1,0.006884069,1,1,1,1,1,0.1815,1,0.0,1,1,1,0.123,0.0,1,1,1,0.0213,0.0266,0.0985,0.0,0.0,0.0,0.0,1,1,1,1,1,0.2528,0.2868,0.1237,0.9012,0.918,0.93,0.0,0.0,1,1,1,1,1,0.1235,0.1389,0.1109,0.117,0.1143,0.1202,0.1845,0.0,0.0,1,1
211,0.019,1,0.006884069,1,1,1,1,1,0.1568,1,0.0,1,1,1,0.0586,0.0,1,1,1,0.0179,0.028,0.1145,0.0,0.0,0.0,0.0,1,1,1,1,1,0.2078,0.2726,0.1099,0.7918,0.7869,0.8099,0.0,0.0,1,1,1,1,1,0.0213,0.1265,0.0136,0.0253,0.0271,0.0193,0.1136,0.0,0.0,1,1
212,0.0213,1,0.006884069,1,1,1,1,1,0.1156,1,0.0,1,1,1,0.0649,0.0,1,1,1,0.0134,0.0316,0.1074,0.0,0.0,0.0,0.0,1,1,1,1,1,0.172,0.2215,0.06,0.8424,0.8241,0.833,0.0,0.0,1,1,1,1,1,0.0823,0.0957,0.0698,0.0506,0.0584,0.0791,0.1181,0.0,0.0,1,1
213,0.0398,1,0.006884069,1,1,1,1,1,0.1367,1,0.0,1,1,1,0.0803,0.0,1,1,1,0.0279,0.0529,0.1222,0.0,0.0,0.0,0.0,1,1,1,1,1,0.199,0.24,0.0366,0.7599,0.6808,0.7103,0.0,0.0,1,1,1,1,1,0.0721,0.1062,0.0576,0.0534,0.065,0.0684,0.1979,0.0,0.0,1,1
214,0.0421,1,0.006884069,1,1,1,1,1,0.1484,1,0.0,1,1,1,0.09,0.0,1,1,1,0.04,0.0539,0.1153,0.0,0.0,0.0,0.0,1,1,1,1,1,0.2152,0.2327,0.029,0.7375,0.5908,0.6418,0.0,0.0,1,1,1,1,1,0.08,0.1227,0.0531,0.0572,0.0752,0.073,0.1906,0.0,0.0,1,1
215,0.0484,1,0.006884069,1,1,1,1,1,0.1686,1,0.0,1,1,1,0.0569,0.0,1,1,1,0.0472,0.0481,0.1089,0.0,0.0,0.0,0.0,1,1,1,1,1,0.2157,0.245,0.0207,0.7553,0.6597,0.6788,0.0,0.0,1,1,1,1,1,0.042,0.0788,0.0217,0.0383,0.05,0.0367,0.1229,0.0,0.0,1,1
216,0.0559,1,0.006884069,1,1,1,1,1,0.1914,1,0.0,1,1,1,0.0301,0.0,1,1,1,0.0576,0.0513,0.1038,0.0,0.0,0.0,0.0,1,1,1,1,1,0.2292,0.2735,0.0332,0.7629,0.7351,0.7182,0.0,0.0,1,1,1,1,1,0.0243,0.0612,0.0114,0.0202,0.0293,0.021,0.0637,0.0,0.0,1,1
217,0.5251,1,0.069635468,1,1,1,1,1,0.1363,1,0.0,1,1,1,0.3635,0.0,1,1,1,0.7022,0.6953,0.6837,0.0,0.0,0.0,0.0,1,1,1,1,1,0.2669,0.2154,0.2585,0.1305,0.1384,0.1308,0.0,0.0,1,1,1,1,1,0.6701,0.1569,0.7351,0.5432,0.4926,0.6869,0.3858,0.0,0.0,1,1
218,0.4571,1,0.069469378,1,1,1,1,1,0.0898,1,0.0,1,1,1,0.3017,0.0,1,1,1,0.6117,0.6332,0.6313,0.0,0.0,0.0,0.0,1,1,1,1,1,0.1963,0.161,0.1129,0.2478,0.2306,0.2287,0.0,0.0,1,1,1,1,1,0.5864,0.1245,0.6556,0.4679,0.4387,0.6042,0.3565,0.0,0.0,1,1
219,0.496,1,0.069303287,1,1,1,1,1,0.0846,1,0.0,1,1,1,0.2454,0.0,1,1,1,0.6218,0.6379,0.6153,0.0,0.0,0.0,0.0,1,1,1,1,1,0.2357,0.1863,0.0438,0.284,0.2436,0.2483,0.0,0.0,1,1,1,1,1,0.4792,0.1335,0.5411,0.4272,0.4068,0.4952,0.3017,0.0,0.0,1,1
220,0.5307,1,0.069137197,1,1,1,1,1,0.1068,1,0.0,1,1,1,0.2166,0.0,1,1,1,0.6428,0.652,0.5923,0.0,0.0,0.0,0.0,1,1,1,1,1,0.3348,0.2515,0.0141,0.2319,0.186,0.1938,0.0,0.0,1,1,1,1,1,0.3784,0.1827,0.4402,0.3379,0.3301,0.3943,0.2225,0.0,0.0,1,1
221,0.3052,1,0.068971106,1,1,1,1,1,0.0966,1,0.048,1,1,1,0.1017,0.1561,1,1,1,0.454,0.4223,0.4455,0.2478,0.2458,0.2429,0.2349,1,1,1,1,1,0.3458,0.2398,0.0123,0.1105,0.0695,0.0778,0.2372,0.1313,1,1,1,1,1,0.1752,0.1337,0.2057,0.1883,0.1747,0.1831,0.1047,0.1958,0.1156,1,1
222,0.333,1,0.068805016,1,1,1,1,1,0.1024,1,0.279,1,1,1,0.1149,0.4141,1,1,1,0.4964,0.4854,0.4608,0.5848,0.5832,0.5796,0.5763,1,1,1,1,1,0.3032,0.2214,0.0055,0.1902,0.1787,0.1719,0.5487,0.4672,1,1,1,1,1,0.2985,0.1681,0.3311,0.1532,0.1527,0.3069,0.0646,0.5373,0.4982,1,1
223,0.1766,1,0.068638926,1,1,1,1,1,0.0281,1,0.453,1,1,1,0.0776,0.5855,1,1,1,0.2645,0.2658,0.2236,0.7963,0.7973,0.7937,0.8066,1,1,1,1,1,0.0508,0.0369,0.0,0.2713,0.2138,0.2167,0.7514,0.689,1,1,1,1,1,0.2426,0.0998,0.2595,0.0838,0.105,0.2469,0.0153,0.7604,0.7307,1,1
224,0.1646,1,0.068472835,1,1,1,1,1,0.0158,1,0.5619,1,1,1,0.0355,0.6632,1,1,1,0.1573,0.2088,0.2091,0.8899,0.8901,0.8847,0.8947,1,1,1,1,1,0.0091,0.0097,0.0,0.2248,0.1672,0.1715,0.831,0.8009,1,1,1,1,1,0.086,0.0558,0.0932,0.0373,0.0496,0.0879,0.0082,0.8654,0.8513,1,1
225,0.1107,1,0.068306745,1,1,1,1,1,0.0039,1,0.6153,1,1,1,0.009,0.6961,1,1,1,0.1035,0.1444,0.2202,0.9302,0.9313,0.9288,0.9425,1,1,1,1,1,0.0,0.0,0.0,0.1381,0.0905,0.0943,0.8585,0.8372,1,1,1,1,1,0.0095,0.0046,0.0034,0.0104,0.0108,0.0079,0.0091,0.9045,0.8912,1,1
226,0.0561,1,0.068140655,1,1,1,1,1,0.0034,1,0.643,1,1,1,0.0,0.6988,1,1,1,0.0362,0.0727,0.1931,0.9326,0.9349,0.9325,0.952,1,1,1,1,1,0.0,0.0,0.0,0.0338,0.0053,0.0091,0.8648,0.8282,1,1,1,1,1,0.0004,0.0001,0.0,0.0104,0.0119,0.0003,0.0009,0.9117,0.8928,1,1
227,0.0496,1,0.067974564,1,1,1,1,1,0.0248,1,0.6441,1,1,1,0.0147,0.7072,1,1,1,0.0281,0.0603,0.1726,0.9329,0.9349,0.9317,0.9508,1,1,1,1,1,0.0183,0.0237,0.0,0.007,0.0,0.0,0.8708,0.8451,1,1,1,1,1,0.0201,0.0086,0.0101,0.0588,0.0533,0.0175,0.0091,0.9225,0.9009,1,1
228,0.0528,1,0.067808474,1,1,1,1,1,0.0497,1,0.6488,1,1,1,0.0248,0.6999,1,1,1,0.0443,0.0711,0.1363,0.925,0.9242,0.9188,0.9334,1,1,1,1,1,0.0427,0.0753,0.0,0.1333,0.0752,0.0831,0.8721,0.8602,1,1,1,1,1,0.0507,0.0075,0.0581,0.0753,0.0561,0.0526,0.0148,0.91,0.9008,1,1
229,0.0997,1,0.067642384,1,1,1,1,1,0.097,1,0.6354,1,1,1,0.0546,0.7096,1,1,1,0.0904,0.1259,0.1964,0.9442,0.9429,0.9372,0.9503,1,1,1,1,1,0.0805,0.1314,0.0,0.0897,0.0448,0.052,0.8646,0.8626,1,1,1,1,1,0.137,0.0162,0.1804,0.1382,0.109,0.1481,0.0365,0.9173,0.9036,1,1
230,0.1089,1,0.067476293,1,1,1,1,1,0.1648,1,0.6042,1,1,1,0.0971,0.7123,1,1,1,0.1096,0.1431,0.1866,0.9402,0.9406,0.934,0.9413,1,1,1,1,1,0.0879,0.1612,0.0024,0.1286,0.0743,0.0849,0.8525,0.8365,1,1,1,1,1,0.2078,0.0525,0.2817,0.1982,0.169,0.2269,0.1064,0.9154,0.9001,1,1
231,0.1708,1,0.067310203,1,1,1,1,1,0.2451,1,0.5619,1,1,1,0.124,0.6972,1,1,1,0.1559,0.2044,0.2514,0.9237,0.924,0.9185,0.9286,1,1,1,1,1,0.1469,0.2592,0.0037,0.1018,0.0717,0.0885,0.8292,0.7433,1,1,1,1,1,0.3034,0.047,0.414,0.2304,0.1844,0.3319,0.1347,0.8943,0.8783,1,1
232,0.1565,1,0.067144112,1,1,1,1,1,0.2916,1,0.4681,1,1,1,0.1268,0.6399,1,1,1,0.1583,0.1783,0.2206,0.8848,0.8837,0.8762,0.8899,1,1,1,1,1,0.1741,0.2692,0.0027,0.0634,0.062,0.0616,0.7425,0.6177,1,1,1,1,1,0.2359,0.1228,0.2994,0.2121,0.1593,0.2523,0.1505,0.8252,0.8008,1,1
233,0.1933,1,0.066978022,1,1,1,1,1,0.1976,1,0.3025,1,1,1,0.1307,0.4882,1,1,1,0.2056,0.1997,0.2689,0.7301,0.729,0.7197,0.7458,1,1,1,1,1,0.119,0.2276,0.0077,0.0541,0.058,0.055,0.534,0.3769,1,1,1,1,1,0.2278,0.1177,0.2352,0.2065,0.1379,0.2297,0.1563,0.6371,0.6022,1,1
234,0.2496,1,0.066811932,1,1,1,1,1,0.2498,1,0.1153,1,1,1,0.1413,0.2571,1,1,1,0.3021,0.3086,0.3591,0.4607,0.4605,0.4495,0.4877,1,1,1,1,1,0.2074,0.2051,0.0151,0.0797,0.0707,0.085,0.2265,0.0848,1,1,1,1,1,0.1337,0.1968,0.1156,0.1596,0.127,0.129,0.1833,0.3447,0.3063,1,1
235,0.2542,1,0.066645841,1,1,1,1,1,0.2113,1,0.0,1,1,1,0.1769,0.0,1,1,1,0.3294,0.3089,0.3568,0.0,0.0,0.0,0.0216,1,1,1,1,1,0.337,0.226,0.0396,0.0583,0.0689,0.0723,0.0,0.0,1,1,1,1,1,0.221,0.2431,0.2002,0.233,0.2321,0.2156,0.2266,0.0,0.0,1,1
236,0.4159,1,0.066479751,1,1,1,1,1,0.2421,1,0.0,1,1,1,0.2661,0.0,1,1,1,0.4784,0.5028,0.5457,0.0,0.0,0.0,0.0,1,1,1,1,1,0.5792,0.4622,0.0553,0.0575,0.0505,0.0641,0.0,0.0,1,1,1,1,1,0.3908,0.2631,0.3751,0.3507,0.3725,0.3868,0.3706,0.0,0.0,1,1
237,0.547,1,0.066313661,1,1,1,1,1,0.1199,1,0.0,1,1,1,0.3075,0.0,1,1,1,0.6347,0.6345,0.6468,0.0,0.0,0.0,0.0,1,1,1,1,1,0.3826,0.3372,0.0801,0.0602,0.0334,0.0559,0.0,0.0,1,1,1,1,1,0.4411,0.3229,0.4343,0.3552,0.3911,0.4393,0.4516,0.0,0.0,1,1
238,0.5691,1,0.06614757,1,1,1,1,1,0.0953,1,0.0,1,1,1,0.2874,0.0,1,1,1,0.6728,0.6848,0.6709,0.0,0.0,0.0,0.0,1,1,1,1,1,0.3487,0.2781,0.091,0.0898,0.0388,0.0731,0.0,0.0,1,1,1,1,1,0.3498,0.2684,0.3414,0.2889,0.324,0.3476,0.4096,0.0,0.0,1,1
239,0.5853,1,0.06598148,1,1,1,1,1,0.0904,1,0.0,1,1,1,0.2639,0.0,1,1,1,0.7255,0.721,0.6898,0.0,0.0,0.0,0.0,1,1,1,1,1,0.3227,0.2505,0.0963,0.1059,0.0883,0.1038,0.0,0.0,1,1,1,1,1,0.3087,0.1808,0.3174,0.2506,0.2668,0.3109,0.3406,0.0,0.0,1,1
240,0.5704,1,0.06581539,1,1,1,1,1,0.0781,1,0.0,1,1,1,0.2897,0.0,1,1,1,0.7304,0.7291,0.6436,0.0,0.0,0.0,0.0,1,1,1,1,1,0.2443,0.2165,0.1152,0.1532,0.1959,0.1741,0.0,0.0,1,1,1,1,1,0.4369,0.1733,0.4666,0.3141,0.3256,0.4445,0.3786,0.0,0.0,1,1
