Voll,Demand_segment,Cost_of_demand_curtailment_perMW,Max_demand_curtailment,$/MWh,Subperiods,Hours_per_period,Sub_Weights,Time_index,Load_MW_z1,Load_MW_z2,Load_MW_z3
9000.0,1.0,1.0,1.0,9000.0,8.0,168.0,1680.0,1,0.0,37152.0,2883.0
,2.0,0.067,0.075,603.0,,,1848.0,2,0.0,37515.0,2876.0
,,,,,,,168.0,3,0.0,39994.0,2946.0
,,,,,,,1176.0,4,0.0,44454.0,3142.0
,,,,,,,840.0,5,0.0,46150.0,3235.0
,,,,,,,2352.0,6,0.0,47230.0,3313.0
,,,,,,,504.0,7,0.0,49075.0,3427.0
,,,,,,,168.0,8,0.0,51344.0,3554.0
,,,,,,,,9,0.0,53442.0,3698.0
,,,,,,,,10,0.0,55110.0,3822.0
,,,,,,,,11,0.0,56531.0,3987.0
,,,,,,,,12,0.0,57894.0,4137.0
,,,,,,,,13,0.0,59449.0,4264.0
,,,,,,,,14,0.0,60506.0,4338.0
,,,,,,,,15,0.0,60320.0,4265.0
,,,,,,,,16,0.0,58726.0,4140.0
,,,,,,,,17,0.0,56953.0,4002.0
,,,,,,,,18,0.0,57436.0,3947.0
,,,,,,,,19,0.0,55484.0,3865.0
,,,,,,,,20,0.0,51075.0,3637.0
,,,,,,,,21,0.0,45884.0,3358.0
,,,,,,,,22,0.0,41855.0,3174.0
,,,,,,,,23,0.0,39429.0,3038.0
,,,,,,,,24,0.0,37755.0,2957.0
,,,,,,,,25,0.0,36928.0,2911.0
,,,,,,,,26,0.0,37116.0,2901.0
,,,,,,,,27,0.0,39400.0,2968.0
,,,,,,,,28,0.0,43894.0,3146.0
,,,,,,,,29,0.0,45361.0,3231.0
,,,,,,,,30,0.0,46318.0,3307.0
,,,,,,,,31,0.0,48160.0,3365.0
,,,,,,,,32,0.0,50541.0,3473.0
,,,,,,,,33,0.0,53110.0,3635.0
,,,,,,,,34,0.0,55586.0,3785.0
,,,,,,,,35,0.0,58011.0,3957.0
,,,,,,,,36,0.0,59664.0,4121.0
,,,,,,,,37,0.0,60818.0,4292.0
,,,,,,,,38,0.0,61557.0,4417.0
,,,,,,,,39,0.0,61203.0,4415.0
,,,,,,,,40,0.0,59842.0,4343.0
,,,,,,,,41,0.0,57793.0,4222.0
,,,,,,,,42,0.0,57935.0,4138.0
,,,,,,,,43,0.0,56120.0,4055.0
,,,,,,,,44,0.0,51383.0,3799.0
,,,,,,,,45,0.0,45817.0,3508.0
,,,,,,,,46,0.0,41758.0,3305.0
,,,,,,,,47,0.0,39112.0,3174.0
,,,,,,,,48,0.0,37587.0,3089.0
,,,,,,,,49,0.0,36711.0,3031.0
,,,,,,,,50,0.0,36829.0,3015.0
,,,,,,,,51,0.0,39083.0,3063.0
,,,,,,,,52,0.0,43461.0,3206.0
,,,,,,,,53,0.0,45001.0,3237.0
,,,,,,,,54,0.0,46166.0,3307.0
,,,,,,,,55,0.0,48635.0,3432.0
,,,,,,,,56,0.0,51073.0,3571.0
,,,,,,,,57,0.0,53038.0,3713.0
,,,,,,,,58,0.0,54958.0,3842.0
,,,,,,,,59,0.0,57177.0,4020.0
,,,,,,,,60,0.0,59326.0,4172.0
,,,,,,,,61,0.0,61476.0,4306.0
,,,,,,,,62,0.0,63355.0,4445.0
,,,,,,,,63,0.0,63775.0,4453.0
,,,,,,,,64,0.0,62638.0,4401.0
,,,,,,,,65,0.0,60365.0,4301.0
,,,,,,,,66,0.0,59935.0,4215.0
,,,,,,,,67,0.0,57731.0,4143.0
,,,,,,,,68,0.0,52683.0,3899.0
,,,,,,,,69,0.0,47074.0,3606.0
,,,,,,,,70,0.0,42774.0,3370.0
,,,,,,,,71,0.0,40005.0,3217.0
,,,,,,,,72,0.0,38189.0,3102.0
,,,,,,,,73,0.0,37167.0,3037.0
,,,,,,,,74,0.0,37210.0,3023.0
,,,,,,,,75,0.0,39460.0,3082.0
,,,,,,,,76,0.0,43756.0,3257.0
,,,,,,,,77,0.0,45514.0,3338.0
,,,,,,,,78,0.0,47227.0,3410.0
,,,,,,,,79,0.0,49973.0,3523.0
,,,,,,,,80,0.0,52940.0,3677.0
,,,,,,,,81,0.0,56157.0,3851.0
,,,,,,,,82,0.0,59506.0,4027.0
,,,,,,,,83,0.0,62882.0,4233.0
,,,,,,,,84,0.0,65761.0,4412.0
,,,,,,,,85,0.0,68009.0,4584.0
,,,,,,,,86,0.0,69438.0,4710.0
,,,,,,,,87,0.0,69062.0,4698.0
,,,,,,,,88,0.0,66605.0,4599.0
,,,,,,,,89,0.0,63318.0,4448.0
,,,,,,,,90,0.0,62673.0,4332.0
,,,,,,,,91,0.0,60134.0,4208.0
,,,,,,,,92,0.0,54868.0,3959.0
,,,,,,,,93,0.0,49032.0,3661.0
,,,,,,,,94,0.0,44659.0,3424.0
,,,,,,,,95,0.0,41828.0,3259.0
,,,,,,,,96,0.0,39844.0,3136.0
,,,,,,,,97,0.0,38636.0,3065.0
,,,,,,,,98,0.0,38530.0,3034.0
,,,,,,,,99,0.0,40572.0,3068.0
,,,,,,,,100,0.0,44706.0,3236.0
,,,,,,,,101,0.0,46265.0,3299.0
,,,,,,,,102,0.0,47901.0,3405.0
,,,,,,,,103,0.0,50665.0,3585.0
,,,,,,,,104,0.0,54001.0,3791.0
,,,,,,,,105,0.0,57215.0,3980.0
,,,,,,,,106,0.0,60272.0,4161.0
,,,,,,,,107,0.0,63402.0,4383.0
,,,,,,,,108,0.0,66289.0,4566.0
,,,,,,,,109,0.0,68677.0,4710.0
,,,,,,,,110,0.0,70178.0,4793.0
,,,,,,,,111,0.0,69828.0,4727.0
,,,,,,,,112,0.0,66649.0,4570.0
,,,,,,,,113,0.0,63275.0,4425.0
,,,,,,,,114,0.0,61816.0,4264.0
,,,,,,,,115,0.0,59005.0,4109.0
,,,,,,,,116,0.0,54172.0,3875.0
,,,,,,,,117,0.0,49245.0,3648.0
,,,,,,,,118,0.0,44862.0,3452.0
,,,,,,,,119,0.0,42024.0,3316.0
,,,,,,,,120,0.0,39790.0,3215.0
,,,,,,,,121,0.0,38271.0,3145.0
,,,,,,,,122,0.0,37436.0,3096.0
,,,,,,,,123,0.0,37754.0,3088.0
,,,,,,,,124,0.0,38799.0,3133.0
,,,,,,,,125,0.0,39887.0,3158.0
,,,,,,,,126,0.0,43300.0,3324.0
,,,,,,,,127,0.0,47425.0,3534.0
,,,,,,,,128,0.0,51516.0,3747.0
,,,,,,,,129,0.0,55773.0,3945.0
,,,,,,,,130,0.0,59229.0,4137.0
,,,,,,,,131,0.0,62329.0,4327.0
,,,,,,,,132,0.0,65005.0,4484.0
,,,,,,,,133,0.0,66833.0,4594.0
,,,,,,,,134,0.0,67581.0,4653.0
,,,,,,,,135,0.0,66970.0,4618.0
,,,,,,,,136,0.0,64815.0,4507.0
,,,,,,,,137,0.0,61744.0,4348.0
,,,,,,,,138,0.0,60569.0,4209.0
,,,,,,,,139,0.0,58359.0,4069.0
,,,,,,,,140,0.0,54326.0,3829.0
,,,,,,,,141,0.0,50247.0,3583.0
,,,,,,,,142,0.0,46657.0,3401.0
,,,,,,,,143,0.0,43701.0,3247.0
,,,,,,,,144,0.0,41229.0,3135.0
,,,,,,,,145,0.0,39549.0,3062.0
,,,,,,,,146,0.0,38385.0,3004.0
,,,,,,,,147,0.0,38084.0,2996.0
,,,,,,,,148,0.0,38255.0,2998.0
,,,,,,,,149,0.0,38555.0,2993.0
,,,,,,,,150,0.0,40938.0,3118.0
,,,,,,,,151,0.0,43695.0,3291.0
,,,,,,,,152,0.0,46434.0,3474.0
,,,,,,,,153,0.0,49162.0,3654.0
,,,,,,,,154,0.0,52169.0,3861.0
,,,,,,,,155,0.0,55225.0,4062.0
,,,,,,,,156,0.0,57658.0,4242.0
,,,,,,,,157,0.0,59645.0,4400.0
,,,,,,,,158,0.0,61148.0,4516.0
,,,,,,,,159,0.0,61718.0,4545.0
,,,,,,,,160,0.0,60457.0,4465.0
,,,,,,,,161,0.0,58301.0,4313.0
,,,,,,,,162,0.0,57915.0,4168.0
,,,,,,,,163,0.0,56102.0,4055.0
,,,,,,,,164,0.0,51807.0,3777.0
,,,,,,,,165,0.0,46527.0,3478.0
,,,,,,,,166,0.0,42373.0,3240.0
,,,,,,,,167,0.0,39880.0,3113.0
,,,,,,,,168,0.0,38261.0,3027.0
,,,,,,,,169,0.0,31838.0,2911.0
,,,,,,,,170,0.0,33144.0,2968.0
,,,,,,,,171,0.0,36640.0,3120.0
,,,,,,,,172,0.0,42337.0,3402.0
,,,,,,,,173,0.0,44989.0,3578.0
,,,,,,,,174,0.0,43946.0,3524.0
,,,,,,,,175,0.0,43321.0,3463.0
,,,,,,,,176,0.0,42723.0,3424.0
,,,,,,,,177,0.0,42083.0,3380.0
,,,,,,,,178,0.0,41467.0,3317.0
,,,,,,,,179,0.0,41300.0,3296.0
,,,,,,,,180,0.0,41067.0,3275.0
,,,,,,,,181,0.0,40963.0,3283.0
,,,,,,,,182,0.0,41082.0,3295.0
,,,,,,,,183,0.0,40831.0,3274.0
,,,,,,,,184,0.0,41408.0,3273.0
,,,,,,,,185,0.0,43675.0,3383.0
,,,,,,,,186,0.0,43043.0,3371.0
,,,,,,,,187,0.0,41120.0,3277.0
,,,,,,,,188,0.0,37818.0,3127.0
,,,,,,,,189,0.0,34612.0,2982.0
,,,,,,,,190,0.0,32603.0,2897.0
,,,,,,,,191,0.0,31635.0,2856.0
,,,,,,,,192,0.0,31319.0,2849.0
,,,,,,,,193,0.0,31521.0,2861.0
,,,,,,,,194,0.0,32593.0,2903.0
,,,,,,,,195,0.0,35788.0,3039.0
,,,,,,,,196,0.0,41317.0,3306.0
,,,,,,,,197,0.0,43690.0,3480.0
,,,,,,,,198,0.0,42500.0,3438.0
,,,,,,,,199,0.0,41965.0,3381.0
,,,,,,,,200,0.0,41730.0,3349.0
,,,,,,,,201,0.0,41557.0,3325.0
,,,,,,,,202,0.0,41500.0,3296.0
,,,,,,,,203,0.0,41822.0,3331.0
,,,,,,,,204,0.0,42113.0,3354.0
,,,,,,,,205,0.0,42574.0,3390.0
,,,,,,,,206,0.0,42996.0,3435.0
,,,,,,,,207,0.0,42756.0,3408.0
,,,,,,,,208,0.0,42735.0,3362.0
,,,,,,,,209,0.0,44611.0,3430.0
,,,,,,,,210,0.0,43962.0,3402.0
,,,,,,,,211,0.0,41800.0,3297.0
,,,,,,,,212,0.0,38390.0,3130.0
,,,,,,,,213,0.0,34684.0,2963.0
,,,,,,,,214,0.0,32270.0,2838.0
,,,,,,,,215,0.0,30883.0,2783.0
,,,,,,,,216,0.0,30201.0,2761.0
,,,,,,,,217,0.0,29970.0,2755.0
,,,,,,,,218,0.0,30741.0,2786.0
,,,,,,,,219,0.0,33494.0,2908.0
,,,,,,,,220,0.0,38588.0,3158.0
,,,,,,,,221,0.0,40786.0,3309.0
,,,,,,,,222,0.0,40065.0,3260.0
,,,,,,,,223,0.0,40997.0,3262.0
,,,,,,,,224,0.0,42195.0,3293.0
,,,,,,,,225,0.0,43336.0,3322.0
,,,,,,,,226,0.0,44325.0,3352.0
,,,,,,,,227,0.0,45798.0,3425.0
,,,,,,,,228,0.0,47229.0,3472.0
,,,,,,,,229,0.0,48534.0,3527.0
,,,,,,,,230,0.0,49620.0,3591.0
,,,,,,,,231,0.0,49272.0,3547.0
,,,,,,,,232,0.0,47573.0,3427.0
,,,,,,,,233,0.0,46710.0,3385.0
,,,,,,,,234,0.0,45397.0,3331.0
,,,,,,,,235,0.0,44078.0,3269.0
,,,,,,,,236,0.0,40805.0,3142.0
,,,,,,,,237,0.0,36729.0,2977.0
,,,,,,,,238,0.0,33835.0,2867.0
,,,,,,,,239,0.0,32204.0,2813.0
,,,,,,,,240,0.0,31254.0,2784.0
,,,,,,,,241,0.0,30833.0,2775.0
,,,,,,,,242,0.0,31325.0,2798.0
,,,,,,,,243,0.0,33802.0,2895.0
,,,,,,,,244,0.0,38581.0,3123.0
,,,,,,,,245,0.0,40958.0,3291.0
,,,,,,,,246,0.0,40484.0,3255.0
,,,,,,,,247,0.0,41607.0,3268.0
,,,,,,,,248,0.0,43395.0,3292.0
,,,,,,,,249,0.0,45148.0,3327.0
,,,,,,,,250,0.0,46964.0,3368.0
,,,,,,,,251,0.0,49107.0,3448.0
,,,,,,,,252,0.0,50864.0,3510.0
,,,,,,,,253,0.0,52346.0,3579.0
,,,,,,,,254,0.0,53258.0,3640.0
,,,,,,,,255,0.0,52601.0,3592.0
,,,,,,,,256,0.0,51182.0,3520.0
,,,,,,,,257,0.0,51547.0,3553.0
,,,,,,,,258,0.0,49920.0,3502.0
,,,,,,,,259,0.0,47024.0,3383.0
,,,,,,,,260,0.0,43128.0,3210.0
,,,,,,,,261,0.0,38828.0,3024.0
,,,,,,,,262,0.0,35707.0,2904.0
,,,,,,,,263,0.0,33586.0,2792.0
,,,,,,,,264,0.0,32033.0,2678.0
,,,,,,,,265,0.0,31485.0,2720.0
,,,,,,,,266,0.0,32061.0,2780.0
,,,,,,,,267,0.0,34501.0,2880.0
,,,,,,,,268,0.0,39419.0,3106.0
,,,,,,,,269,0.0,41667.0,3260.0
,,,,,,,,270,0.0,41194.0,3230.0
,,,,,,,,271,0.0,42881.0,3244.0
,,,,,,,,272,0.0,45140.0,3316.0
,,,,,,,,273,0.0,47184.0,3367.0
,,,,,,,,274,0.0,49031.0,3397.0
,,,,,,,,275,0.0,51198.0,3486.0
,,,,,,,,276,0.0,52807.0,3573.0
,,,,,,,,277,0.0,54012.0,3651.0
,,,,,,,,278,0.0,54345.0,3695.0
,,,,,,,,279,0.0,52992.0,3647.0
,,,,,,,,280,0.0,50760.0,3532.0
,,,,,,,,281,0.0,50243.0,3514.0
,,,,,,,,282,0.0,48322.0,3446.0
,,,,,,,,283,0.0,46212.0,3361.0
,,,,,,,,284,0.0,43407.0,3234.0
,,,,,,,,285,0.0,40023.0,3087.0
,,,,,,,,286,0.0,36957.0,2959.0
,,,,,,,,287,0.0,34709.0,2872.0
,,,,,,,,288,0.0,33313.0,2813.0
,,,,,,,,289,0.0,32424.0,2780.0
,,,,,,,,290,0.0,32034.0,2766.0
,,,,,,,,291,0.0,32490.0,2792.0
,,,,,,,,292,0.0,33864.0,2849.0
,,,,,,,,293,0.0,35432.0,2943.0
,,,,,,,,294,0.0,36902.0,3011.0
,,,,,,,,295,0.0,39715.0,3108.0
,,,,,,,,296,0.0,42672.0,3193.0
,,,,,,,,297,0.0,45089.0,3259.0
,,,,,,,,298,0.0,47055.0,3296.0
,,,,,,,,299,0.0,48484.0,3341.0
,,,,,,,,300,0.0,49030.0,3392.0
,,,,,,,,301,0.0,49215.0,3419.0
,,,,,,,,302,0.0,49178.0,3421.0
,,,,,,,,303,0.0,48057.0,3388.0
,,,,,,,,304,0.0,46919.0,3338.0
,,,,,,,,305,0.0,47046.0,3386.0
,,,,,,,,306,0.0,45454.0,3327.0
,,,,,,,,307,0.0,43311.0,3229.0
,,,,,,,,308,0.0,40618.0,3106.0
,,,,,,,,309,0.0,37628.0,2982.0
,,,,,,,,310,0.0,34656.0,2863.0
,,,,,,,,311,0.0,32614.0,2794.0
,,,,,,,,312,0.0,31330.0,2752.0
,,,,,,,,313,0.0,30466.0,2730.0
,,,,,,,,314,0.0,30014.0,2716.0
,,,,,,,,315,0.0,29970.0,2726.0
,,,,,,,,316,0.0,30436.0,2766.0
,,,,,,,,317,0.0,31460.0,2827.0
,,,,,,,,318,0.0,32708.0,2891.0
,,,,,,,,319,0.0,35471.0,3007.0
,,,,,,,,320,0.0,37836.0,3107.0
,,,,,,,,321,0.0,39631.0,3148.0
,,,,,,,,322,0.0,41587.0,3181.0
,,,,,,,,323,0.0,43417.0,3240.0
,,,,,,,,324,0.0,45040.0,3277.0
,,,,,,,,325,0.0,46196.0,3331.0
,,,,,,,,326,0.0,46662.0,3376.0
,,,,,,,,327,0.0,46397.0,3388.0
,,,,,,,,328,0.0,46366.0,3369.0
,,,,,,,,329,0.0,47590.0,3412.0
,,,,,,,,330,0.0,46309.0,3373.0
,,,,,,,,331,0.0,44146.0,3276.0
,,,,,,,,332,0.0,41563.0,3157.0
,,,,,,,,333,0.0,38099.0,3003.0
,,,,,,,,334,0.0,34747.0,2859.0
,,,,,,,,335,0.0,32338.0,2770.0
,,,,,,,,336,0.0,30959.0,2722.0
,,,,,,,,337,0.0,36177.0,3143.0
,,,,,,,,338,0.0,36313.0,3164.0
,,,,,,,,339,0.0,36860.0,3198.0
,,,,,,,,340,0.0,38111.0,3261.0
,,,,,,,,341,0.0,39842.0,3353.0
,,,,,,,,342,0.0,40892.0,3419.0
,,,,,,,,343,0.0,41302.0,3430.0
,,,,,,,,344,0.0,40552.0,3361.0
,,,,,,,,345,0.0,39172.0,3241.0
,,,,,,,,346,0.0,37880.0,3136.0
,,,,,,,,347,0.0,36986.0,3074.0
,,,,,,,,348,0.0,36175.0,3007.0
,,,,,,,,349,0.0,35588.0,2968.0
,,,,,,,,350,0.0,35303.0,2953.0
,,,,,,,,351,0.0,35512.0,2972.0
,,,,,,,,352,0.0,36698.0,3002.0
,,,,,,,,353,0.0,39356.0,3083.0
,,,,,,,,354,0.0,41052.0,3234.0
,,,,,,,,355,0.0,40460.0,3194.0
,,,,,,,,356,0.0,38967.0,3130.0
,,,,,,,,357,0.0,36379.0,2999.0
,,,,,,,,358,0.0,33499.0,2867.0
,,,,,,,,359,0.0,31337.0,2802.0
,,,,,,,,360,0.0,30213.0,2750.0
,,,,,,,,361,0.0,29624.0,2748.0
,,,,,,,,362,0.0,29671.0,2752.0
,,,,,,,,363,0.0,30655.0,2801.0
,,,,,,,,364,0.0,33716.0,2936.0
,,,,,,,,365,0.0,38943.0,3185.0
,,,,,,,,366,0.0,40555.0,3302.0
,,,,,,,,367,0.0,40215.0,3321.0
,,,,,,,,368,0.0,40517.0,3357.0
,,,,,,,,369,0.0,41027.0,3372.0
,,,,,,,,370,0.0,40989.0,3339.0
,,,,,,,,371,0.0,40677.0,3296.0
,,,,,,,,372,0.0,40533.0,3276.0
,,,,,,,,373,0.0,40317.0,3224.0
,,,,,,,,374,0.0,40114.0,3198.0
,,,,,,,,375,0.0,40162.0,3218.0
,,,,,,,,376,0.0,40633.0,3235.0
,,,,,,,,377,0.0,42711.0,3293.0
,,,,,,,,378,0.0,43781.0,3388.0
,,,,,,,,379,0.0,42861.0,3361.0
,,,,,,,,380,0.0,40801.0,3268.0
,,,,,,,,381,0.0,37613.0,3096.0
,,,,,,,,382,0.0,34159.0,2937.0
,,,,,,,,383,0.0,31747.0,2824.0
,,,,,,,,384,0.0,30427.0,2768.0
,,,,,,,,385,0.0,29835.0,2746.0
,,,,,,,,386,0.0,29759.0,2740.0
,,,,,,,,387,0.0,30484.0,2777.0
,,,,,,,,388,0.0,33318.0,2906.0
,,,,,,,,389,0.0,38259.0,3133.0
,,,,,,,,390,0.0,39914.0,3207.0
,,,,,,,,391,0.0,39824.0,3179.0
,,,,,,,,392,0.0,40465.0,3190.0
,,,,,,,,393,0.0,41318.0,3204.0
,,,,,,,,394,0.0,41770.0,3213.0
,,,,,,,,395,0.0,42016.0,3220.0
,,,,,,,,396,0.0,42474.0,3238.0
,,,,,,,,397,0.0,42431.0,3226.0
,,,,,,,,398,0.0,42441.0,3228.0
,,,,,,,,399,0.0,42556.0,3234.0
,,,,,,,,400,0.0,42672.0,3213.0
,,,,,,,,401,0.0,44571.0,3246.0
,,,,,,,,402,0.0,45754.0,3352.0
,,,,,,,,403,0.0,44911.0,3306.0
,,,,,,,,404,0.0,42764.0,3191.0
,,,,,,,,405,0.0,39354.0,3019.0
,,,,,,,,406,0.0,35945.0,2852.0
,,,,,,,,407,0.0,33269.0,2778.0
,,,,,,,,408,0.0,31863.0,2747.0
,,,,,,,,409,0.0,31160.0,2760.0
,,,,,,,,410,0.0,31144.0,2783.0
,,,,,,,,411,0.0,31957.0,2834.0
,,,,,,,,412,0.0,34850.0,2987.0
,,,,,,,,413,0.0,40081.0,3244.0
,,,,,,,,414,0.0,41655.0,3325.0
,,,,,,,,415,0.0,41304.0,3250.0
,,,,,,,,416,0.0,41498.0,3202.0
,,,,,,,,417,0.0,42242.0,3175.0
,,,,,,,,418,0.0,42927.0,3167.0
,,,,,,,,419,0.0,43518.0,3165.0
,,,,,,,,420,0.0,44412.0,3189.0
,,,,,,,,421,0.0,45016.0,3200.0
,,,,,,,,422,0.0,45175.0,3215.0
,,,,,,,,423,0.0,45196.0,3241.0
,,,,,,,,424,0.0,44633.0,3211.0
,,,,,,,,425,0.0,45608.0,3227.0
,,,,,,,,426,0.0,46959.0,3354.0
,,,,,,,,427,0.0,46029.0,3322.0
,,,,,,,,428,0.0,44111.0,3224.0
,,,,,,,,429,0.0,40778.0,3069.0
,,,,,,,,430,0.0,37130.0,2902.0
,,,,,,,,431,0.0,34490.0,2778.0
,,,,,,,,432,0.0,32939.0,2722.0
,,,,,,,,433,0.0,31933.0,2706.0
,,,,,,,,434,0.0,31604.0,2708.0
,,,,,,,,435,0.0,31986.0,2749.0
,,,,,,,,436,0.0,34265.0,2868.0
,,,,,,,,437,0.0,38954.0,3111.0
,,,,,,,,438,0.0,40338.0,3196.0
,,,,,,,,439,0.0,40875.0,3172.0
,,,,,,,,440,0.0,42248.0,3184.0
,,,,,,,,441,0.0,43434.0,3194.0
,,,,,,,,442,0.0,44466.0,3180.0
,,,,,,,,443,0.0,44929.0,3156.0
,,,,,,,,444,0.0,45602.0,3173.0
,,,,,,,,445,0.0,45897.0,3186.0
,,,,,,,,446,0.0,45999.0,3174.0
,,,,,,,,447,0.0,45458.0,3162.0
,,,,,,,,448,0.0,44537.0,3123.0
,,,,,,,,449,0.0,44656.0,3118.0
,,,,,,,,450,0.0,45014.0,3225.0
,,,,,,,,451,0.0,43731.0,3198.0
,,,,,,,,452,0.0,41851.0,3139.0
,,,,,,,,453,0.0,39307.0,3054.0
,,,,,,,,454,0.0,36222.0,2948.0
,,,,,,,,455,0.0,33664.0,2895.0
,,,,,,,,456,0.0,32032.0,2858.0
,,,,,,,,457,0.0,31044.0,2837.0
,,,,,,,,458,0.0,30765.0,2848.0
,,,,,,,,459,0.0,31011.0,2897.0
,,,,,,,,460,0.0,32055.0,2994.0
,,,,,,,,461,0.0,33931.0,3119.0
,,,,,,,,462,0.0,35488.0,3229.0
,,,,,,,,463,0.0,37337.0,3298.0
,,,,,,,,464,0.0,38393.0,3309.0
,,,,,,,,465,0.0,38574.0,3267.0
,,,,,,,,466,0.0,38221.0,3197.0
,,,,,,,,467,0.0,37578.0,3111.0
,,,,,,,,468,0.0,36905.0,3049.0
,,,,,,,,469,0.0,36363.0,3016.0
,,,,,,,,470,0.0,36149.0,2997.0
,,,,,,,,471,0.0,36130.0,2994.0
,,,,,,,,472,0.0,36404.0,3010.0
,,,,,,,,473,0.0,38056.0,3075.0
,,,,,,,,474,0.0,39792.0,3236.0
,,,,,,,,475,0.0,39454.0,3250.0
,,,,,,,,476,0.0,38626.0,3239.0
,,,,,,,,477,0.0,37266.0,3188.0
,,,,,,,,478,0.0,35607.0,3146.0
,,,,,,,,479,0.0,34224.0,3116.0
,,,,,,,,480,0.0,33446.0,3075.0
,,,,,,,,481,0.0,33103.0,3063.0
,,,,,,,,482,0.0,33209.0,3087.0
,,,,,,,,483,0.0,33648.0,3126.0
,,,,,,,,484,0.0,34921.0,3201.0
,,,,,,,,485,0.0,36760.0,3309.0
,,,,,,,,486,0.0,37966.0,3389.0
,,,,,,,,487,0.0,38836.0,3380.0
,,,,,,,,488,0.0,38441.0,3285.0
,,,,,,,,489,0.0,37415.0,3158.0
,,,,,,,,490,0.0,36515.0,3063.0
,,,,,,,,491,0.0,36045.0,3030.0
,,,,,,,,492,0.0,35765.0,2992.0
,,,,,,,,493,0.0,35619.0,2989.0
,,,,,,,,494,0.0,35706.0,2995.0
,,,,,,,,495,0.0,36031.0,3031.0
,,,,,,,,496,0.0,36640.0,3059.0
,,,,,,,,497,0.0,38399.0,3077.0
,,,,,,,,498,0.0,40660.0,3229.0
,,,,,,,,499,0.0,40009.0,3200.0
,,,,,,,,500,0.0,38388.0,3130.0
,,,,,,,,501,0.0,35792.0,2999.0
,,,,,,,,502,0.0,32792.0,2853.0
,,,,,,,,503,0.0,30884.0,2777.0
,,,,,,,,504,0.0,30068.0,2766.0
,,,,,,,,505,0.0,30094.0,2817.0
,,,,,,,,506,0.0,30739.0,2861.0
,,,,,,,,507,0.0,33048.0,2976.0
,,,,,,,,508,0.0,36485.0,3163.0
,,,,,,,,509,0.0,38967.0,3335.0
,,,,,,,,510,0.0,39210.0,3331.0
,,,,,,,,511,0.0,39776.0,3295.0
,,,,,,,,512,0.0,40379.0,3261.0
,,,,,,,,513,0.0,40632.0,3199.0
,,,,,,,,514,0.0,40865.0,3140.0
,,,,,,,,515,0.0,41455.0,3148.0
,,,,,,,,516,0.0,41968.0,3143.0
,,,,,,,,517,0.0,42444.0,3159.0
,,,,,,,,518,0.0,42908.0,3186.0
,,,,,,,,519,0.0,43070.0,3170.0
,,,,,,,,520,0.0,42874.0,3169.0
,,,,,,,,521,0.0,43305.0,3165.0
,,,,,,,,522,0.0,44715.0,3276.0
,,,,,,,,523,0.0,43109.0,3219.0
,,,,,,,,524,0.0,40483.0,3081.0
,,,,,,,,525,0.0,37080.0,2912.0
,,,,,,,,526,0.0,34154.0,2803.0
,,,,,,,,527,0.0,32348.0,2746.0
,,,,,,,,528,0.0,31353.0,2719.0
,,,,,,,,529,0.0,30852.0,2709.0
,,,,,,,,530,0.0,31060.0,2716.0
,,,,,,,,531,0.0,32795.0,2782.0
,,,,,,,,532,0.0,35788.0,2900.0
,,,,,,,,533,0.0,38198.0,3048.0
,,,,,,,,534,0.0,38727.0,3077.0
,,,,,,,,535,0.0,40092.0,3100.0
,,,,,,,,536,0.0,41709.0,3149.0
,,,,,,,,537,0.0,42893.0,3180.0
,,,,,,,,538,0.0,43483.0,3172.0
,,,,,,,,539,0.0,44293.0,3196.0
,,,,,,,,540,0.0,44838.0,3206.0
,,,,,,,,541,0.0,45402.0,3230.0
,,,,,,,,542,0.0,45785.0,3268.0
,,,,,,,,543,0.0,45549.0,3241.0
,,,,,,,,544,0.0,44827.0,3230.0
,,,,,,,,545,0.0,44985.0,3227.0
,,,,,,,,546,0.0,46171.0,3331.0
,,,,,,,,547,0.0,44633.0,3280.0
,,,,,,,,548,0.0,41920.0,3152.0
,,,,,,,,549,0.0,38354.0,2968.0
,,,,,,,,550,0.0,35340.0,2837.0
,,,,,,,,551,0.0,33424.0,2763.0
,,,,,,,,552,0.0,32197.0,2717.0
,,,,,,,,553,0.0,31638.0,2696.0
,,,,,,,,554,0.0,31792.0,2704.0
,,,,,,,,555,0.0,33495.0,2767.0
,,,,,,,,556,0.0,36588.0,2897.0
,,,,,,,,557,0.0,38737.0,3036.0
,,,,,,,,558,0.0,39373.0,3061.0
,,,,,,,,559,0.0,40709.0,3110.0
,,,,,,,,560,0.0,42481.0,3154.0
,,,,,,,,561,0.0,43916.0,3185.0
,,,,,,,,562,0.0,44849.0,3187.0
,,,,,,,,563,0.0,45819.0,3223.0
,,,,,,,,564,0.0,46408.0,3235.0
,,,,,,,,565,0.0,46769.0,3263.0
,,,,,,,,566,0.0,46864.0,3292.0
,,,,,,,,567,0.0,46487.0,3271.0
,,,,,,,,568,0.0,45567.0,3255.0
,,,,,,,,569,0.0,45610.0,3233.0
,,,,,,,,570,0.0,46539.0,3323.0
,,,,,,,,571,0.0,45170.0,3275.0
,,,,,,,,572,0.0,42390.0,3154.0
,,,,,,,,573,0.0,38904.0,2987.0
,,,,,,,,574,0.0,35952.0,2842.0
,,,,,,,,575,0.0,34037.0,2755.0
,,,,,,,,576,0.0,32780.0,2708.0
,,,,,,,,577,0.0,32224.0,2677.0
,,,,,,,,578,0.0,32406.0,2697.0
,,,,,,,,579,0.0,34010.0,2737.0
,,,,,,,,580,0.0,37102.0,2868.0
,,,,,,,,581,0.0,39279.0,3003.0
,,,,,,,,582,0.0,40045.0,3032.0
,,,,,,,,583,0.0,41650.0,3100.0
,,,,,,,,584,0.0,43602.0,3161.0
,,,,,,,,585,0.0,45157.0,3209.0
,,,,,,,,586,0.0,46323.0,3218.0
,,,,,,,,587,0.0,47394.0,3256.0
,,,,,,,,588,0.0,48146.0,3264.0
,,,,,,,,589,0.0,48664.0,3300.0
,,,,,,,,590,0.0,48771.0,3330.0
,,,,,,,,591,0.0,48247.0,3294.0
,,,,,,,,592,0.0,47007.0,3252.0
,,,,,,,,593,0.0,46734.0,3228.0
,,,,,,,,594,0.0,47764.0,3323.0
,,,,,,,,595,0.0,46229.0,3275.0
,,,,,,,,596,0.0,43269.0,3149.0
,,,,,,,,597,0.0,39736.0,2974.0
,,,,,,,,598,0.0,36706.0,2836.0
,,,,,,,,599,0.0,34688.0,2762.0
,,,,,,,,600,0.0,33366.0,2719.0
,,,,,,,,601,0.0,32670.0,2702.0
,,,,,,,,602,0.0,32723.0,2708.0
,,,,,,,,603,0.0,34250.0,2770.0
,,,,,,,,604,0.0,37247.0,2897.0
,,,,,,,,605,0.0,39289.0,3020.0
,,,,,,,,606,0.0,39982.0,3057.0
,,,,,,,,607,0.0,41711.0,3128.0
,,,,,,,,608,0.0,43690.0,3211.0
,,,,,,,,609,0.0,45121.0,3253.0
,,,,,,,,610,0.0,46094.0,3253.0
,,,,,,,,611,0.0,47095.0,3272.0
,,,,,,,,612,0.0,47855.0,3282.0
,,,,,,,,613,0.0,48389.0,3289.0
,,,,,,,,614,0.0,48254.0,3293.0
,,,,,,,,615,0.0,47206.0,3227.0
,,,,,,,,616,0.0,45498.0,3185.0
,,,,,,,,617,0.0,45440.0,3178.0
,,,,,,,,618,0.0,46229.0,3267.0
,,,,,,,,619,0.0,44970.0,3213.0
,,,,,,,,620,0.0,42615.0,3128.0
,,,,,,,,621,0.0,39668.0,2993.0
,,,,,,,,622,0.0,36799.0,2862.0
,,,,,,,,623,0.0,34705.0,2779.0
,,,,,,,,624,0.0,33204.0,2718.0
,,,,,,,,625,0.0,32310.0,2690.0
,,,,,,,,626,0.0,31968.0,2687.0
,,,,,,,,627,0.0,32366.0,2707.0
,,,,,,,,628,0.0,33637.0,2774.0
,,,,,,,,629,0.0,35002.0,2854.0
,,,,,,,,630,0.0,36107.0,2893.0
,,,,,,,,631,0.0,38447.0,3001.0
,,,,,,,,632,0.0,40760.0,3086.0
,,,,,,,,633,0.0,42329.0,3134.0
,,,,,,,,634,0.0,43230.0,3141.0
,,,,,,,,635,0.0,43779.0,3162.0
,,,,,,,,636,0.0,44096.0,3180.0
,,,,,,,,637,0.0,44411.0,3203.0
,,,,,,,,638,0.0,44579.0,3225.0
,,,,,,,,639,0.0,44435.0,3239.0
,,,,,,,,640,0.0,43647.0,3227.0
,,,,,,,,641,0.0,43757.0,3198.0
,,,,,,,,642,0.0,44841.0,3264.0
,,,,,,,,643,0.0,43625.0,3196.0
,,,,,,,,644,0.0,41540.0,3099.0
,,,,,,,,645,0.0,38865.0,2964.0
,,,,,,,,646,0.0,36213.0,2842.0
,,,,,,,,647,0.0,34297.0,2754.0
,,,,,,,,648,0.0,32993.0,2709.0
,,,,,,,,649,0.0,32183.0,2680.0
,,,,,,,,650,0.0,31643.0,2670.0
,,,,,,,,651,0.0,31881.0,2686.0
,,,,,,,,652,0.0,32669.0,2726.0
,,,,,,,,653,0.0,33744.0,2794.0
,,,,,,,,654,0.0,34865.0,2835.0
,,,,,,,,655,0.0,37051.0,2922.0
,,,,,,,,656,0.0,38929.0,3003.0
,,,,,,,,657,0.0,40441.0,3070.0
,,,,,,,,658,0.0,41815.0,3148.0
,,,,,,,,659,0.0,42579.0,3182.0
,,,,,,,,660,0.0,43024.0,3205.0
,,,,,,,,661,0.0,43256.0,3225.0
,,,,,,,,662,0.0,43389.0,3245.0
,,,,,,,,663,0.0,43560.0,3280.0
,,,,,,,,664,0.0,43565.0,3279.0
,,,,,,,,665,0.0,44884.0,3292.0
,,,,,,,,666,0.0,46440.0,3383.0
,,,,,,,,667,0.0,45319.0,3336.0
,,,,,,,,668,0.0,42593.0,3187.0
,,,,,,,,669,0.0,38929.0,2949.0
,,,,,,,,670,0.0,35961.0,2741.0
,,,,,,,,671,0.0,34058.0,2668.0
,,,,,,,,672,0.0,33005.0,2629.0
,,,,,,,,673,0.0,38530.0,3294.0
,,,,,,,,674,0.0,38939.0,3326.0
,,,,,,,,675,0.0,39696.0,3361.0
,,,,,,,,676,0.0,41132.0,3430.0
,,,,,,,,677,0.0,43084.0,3507.0
,,,,,,,,678,0.0,44690.0,3608.0
,,,,,,,,679,0.0,45535.0,3655.0
,,,,,,,,680,0.0,44709.0,3580.0
,,,,,,,,681,0.0,42853.0,3469.0
,,,,,,,,682,0.0,40945.0,3338.0
,,,,,,,,683,0.0,39683.0,3260.0
,,,,,,,,684,0.0,38684.0,3183.0
,,,,,,,,685,0.0,37738.0,3116.0
,,,,,,,,686,0.0,37446.0,3083.0
,,,,,,,,687,0.0,37531.0,3069.0
,,,,,,,,688,0.0,39346.0,3108.0
,,,,,,,,689,0.0,41966.0,3267.0
,,,,,,,,690,0.0,41782.0,3304.0
,,,,,,,,691,0.0,40811.0,3266.0
,,,,,,,,692,0.0,39354.0,3219.0
,,,,,,,,693,0.0,37048.0,3126.0
,,,,,,,,694,0.0,34400.0,3004.0
,,,,,,,,695,0.0,32432.0,2949.0
,,,,,,,,696,0.0,31277.0,2879.0
,,,,,,,,697,0.0,30716.0,2864.0
,,,,,,,,698,0.0,30648.0,2869.0
,,,,,,,,699,0.0,31360.0,2895.0
,,,,,,,,700,0.0,33440.0,2995.0
,,,,,,,,701,0.0,36557.0,3141.0
,,,,,,,,702,0.0,38214.0,3236.0
,,,,,,,,703,0.0,39068.0,3249.0
,,,,,,,,704,0.0,40568.0,3351.0
,,,,,,,,705,0.0,41923.0,3385.0
,,,,,,,,706,0.0,42387.0,3360.0
,,,,,,,,707,0.0,42403.0,3314.0
,,,,,,,,708,0.0,42358.0,3309.0
,,,,,,,,709,0.0,42096.0,3242.0
,,,,,,,,710,0.0,41740.0,3188.0
,,,,,,,,711,0.0,41577.0,3164.0
,,,,,,,,712,0.0,42682.0,3162.0
,,,,,,,,713,0.0,45274.0,3283.0
,,,,,,,,714,0.0,44989.0,3305.0
,,,,,,,,715,0.0,43888.0,3277.0
,,,,,,,,716,0.0,42061.0,3195.0
,,,,,,,,717,0.0,38886.0,3057.0
,,,,,,,,718,0.0,35438.0,2907.0
,,,,,,,,719,0.0,32965.0,2831.0
,,,,,,,,720,0.0,31548.0,2785.0
,,,,,,,,721,0.0,30756.0,2767.0
,,,,,,,,722,0.0,30619.0,2780.0
,,,,,,,,723,0.0,31302.0,2827.0
,,,,,,,,724,0.0,34117.0,2974.0
,,,,,,,,725,0.0,39148.0,3230.0
,,,,,,,,726,0.0,41554.0,3381.0
,,,,,,,,727,0.0,41405.0,3336.0
,,,,,,,,728,0.0,42158.0,3337.0
,,,,,,,,729,0.0,42910.0,3350.0
,,,,,,,,730,0.0,43363.0,3314.0
,,,,,,,,731,0.0,43521.0,3248.0
,,,,,,,,732,0.0,43817.0,3210.0
,,,,,,,,733,0.0,43478.0,3159.0
,,,,,,,,734,0.0,43316.0,3140.0
,,,,,,,,735,0.0,43468.0,3169.0
,,,,,,,,736,0.0,44565.0,3245.0
,,,,,,,,737,0.0,47838.0,3498.0
,,,,,,,,738,0.0,47932.0,3600.0
,,,,,,,,739,0.0,47270.0,3632.0
,,,,,,,,740,0.0,45592.0,3597.0
,,,,,,,,741,0.0,42720.0,3469.0
,,,,,,,,742,0.0,39950.0,3354.0
,,,,,,,,743,0.0,38468.0,3300.0
,,,,,,,,744,0.0,38079.0,3294.0
,,,,,,,,745,0.0,38163.0,3322.0
,,,,,,,,746,0.0,38914.0,3379.0
,,,,,,,,747,0.0,40753.0,3464.0
,,,,,,,,748,0.0,45085.0,3669.0
,,,,,,,,749,0.0,51816.0,4010.0
,,,,,,,,750,0.0,54029.0,4102.0
,,,,,,,,751,0.0,51959.0,3951.0
,,,,,,,,752,0.0,49757.0,3802.0
,,,,,,,,753,0.0,47933.0,3650.0
,,,,,,,,754,0.0,45964.0,3501.0
,,,,,,,,755,0.0,44148.0,3359.0
,,,,,,,,756,0.0,42807.0,3268.0
,,,,,,,,757,0.0,41685.0,3194.0
,,,,,,,,758,0.0,40959.0,3154.0
,,,,,,,,759,0.0,41054.0,3157.0
,,,,,,,,760,0.0,42508.0,3170.0
,,,,,,,,761,0.0,46543.0,3359.0
,,,,,,,,762,0.0,47125.0,3421.0
,,,,,,,,763,0.0,46875.0,3434.0
,,,,,,,,764,0.0,45493.0,3386.0
,,,,,,,,765,0.0,42505.0,3253.0
,,,,,,,,766,0.0,39577.0,3121.0
,,,,,,,,767,0.0,37677.0,3107.0
,,,,,,,,768,0.0,36805.0,3083.0
,,,,,,,,769,0.0,36414.0,3083.0
,,,,,,,,770,0.0,36490.0,3113.0
,,,,,,,,771,0.0,37607.0,3183.0
,,,,,,,,772,0.0,40760.0,3337.0
,,,,,,,,773,0.0,46093.0,3604.0
,,,,,,,,774,0.0,47399.0,3707.0
,,,,,,,,775,0.0,45165.0,3575.0
,,,,,,,,776,0.0,43733.0,3443.0
,,,,,,,,777,0.0,42885.0,3352.0
,,,,,,,,778,0.0,41992.0,3250.0
,,,,,,,,779,0.0,41295.0,3177.0
,,,,,,,,780,0.0,41098.0,3159.0
,,,,,,,,781,0.0,40953.0,3143.0
,,,,,,,,782,0.0,40898.0,3127.0
,,,,,,,,783,0.0,40889.0,3139.0
,,,,,,,,784,0.0,41434.0,3159.0
,,,,,,,,785,0.0,44265.0,3288.0
,,,,,,,,786,0.0,44222.0,3308.0
,,,,,,,,787,0.0,43390.0,3265.0
,,,,,,,,788,0.0,41504.0,3188.0
,,,,,,,,789,0.0,38579.0,3054.0
,,,,,,,,790,0.0,35403.0,2912.0
,,,,,,,,791,0.0,33358.0,2830.0
,,,,,,,,792,0.0,32404.0,2801.0
,,,,,,,,793,0.0,31966.0,2802.0
,,,,,,,,794,0.0,32197.0,2835.0
,,,,,,,,795,0.0,33199.0,2907.0
,,,,,,,,796,0.0,36118.0,3061.0
,,,,,,,,797,0.0,41317.0,3328.0
,,,,,,,,798,0.0,43210.0,3461.0
,,,,,,,,799,0.0,42176.0,3363.0
,,,,,,,,800,0.0,42113.0,3285.0
,,,,,,,,801,0.0,42329.0,3233.0
,,,,,,,,802,0.0,42432.0,3181.0
,,,,,,,,803,0.0,42533.0,3152.0
,,,,,,,,804,0.0,42635.0,3152.0
,,,,,,,,805,0.0,42570.0,3158.0
,,,,,,,,806,0.0,42431.0,3163.0
,,,,,,,,807,0.0,42170.0,3162.0
,,,,,,,,808,0.0,42237.0,3123.0
,,,,,,,,809,0.0,44114.0,3207.0
,,,,,,,,810,0.0,43375.0,3213.0
,,,,,,,,811,0.0,42285.0,3161.0
,,,,,,,,812,0.0,40811.0,3102.0
,,,,,,,,813,0.0,38684.0,3012.0
,,,,,,,,814,0.0,36264.0,2920.0
,,,,,,,,815,0.0,34181.0,2817.0
,,,,,,,,816,0.0,33033.0,2788.0
,,,,,,,,817,0.0,32346.0,2779.0
,,,,,,,,818,0.0,32274.0,2813.0
,,,,,,,,819,0.0,32793.0,2866.0
,,,,,,,,820,0.0,34207.0,2988.0
,,,,,,,,821,0.0,36662.0,3145.0
,,,,,,,,822,0.0,39362.0,3316.0
,,,,,,,,823,0.0,41640.0,3415.0
,,,,,,,,824,0.0,43164.0,3454.0
,,,,,,,,825,0.0,43678.0,3450.0
,,,,,,,,826,0.0,43042.0,3379.0
,,,,,,,,827,0.0,42007.0,3278.0
,,,,,,,,828,0.0,40628.0,3184.0
,,,,,,,,829,0.0,39779.0,3095.0
,,,,,,,,830,0.0,39113.0,3023.0
,,,,,,,,831,0.0,38915.0,3019.0
,,,,,,,,832,0.0,40103.0,3049.0
,,,,,,,,833,0.0,43293.0,3201.0
,,,,,,,,834,0.0,43437.0,3269.0
,,,,,,,,835,0.0,42867.0,3270.0
,,,,,,,,836,0.0,41771.0,3250.0
,,,,,,,,837,0.0,39984.0,3166.0
,,,,,,,,838,0.0,37794.0,3073.0
,,,,,,,,839,0.0,35934.0,3019.0
,,,,,,,,840,0.0,34727.0,2975.0
,,,,,,,,841,0.0,39499.0,3143.0
,,,,,,,,842,0.0,39807.0,3119.0
,,,,,,,,843,0.0,41540.0,3164.0
,,,,,,,,844,0.0,43886.0,3265.0
,,,,,,,,845,0.0,45805.0,3339.0
,,,,,,,,846,0.0,49159.0,3514.0
,,,,,,,,847,0.0,53290.0,3714.0
,,,,,,,,848,0.0,57987.0,3937.0
,,,,,,,,849,0.0,62513.0,4171.0
,,,,,,,,850,0.0,66321.0,4351.0
,,,,,,,,851,0.0,69689.0,4526.0
,,,,,,,,852,0.0,72250.0,4651.0
,,,,,,,,853,0.0,73795.0,4679.0
,,,,,,,,854,0.0,73494.0,4611.0
,,,,,,,,855,0.0,72128.0,4410.0
,,,,,,,,856,0.0,69777.0,4267.0
,,,,,,,,857,0.0,66684.0,4130.0
,,,,,,,,858,0.0,64397.0,4005.0
,,,,,,,,859,0.0,62843.0,3981.0
,,,,,,,,860,0.0,58287.0,3806.0
,,,,,,,,861,0.0,52949.0,3581.0
,,,,,,,,862,0.0,48543.0,3422.0
,,,,,,,,863,0.0,45742.0,3320.0
,,,,,,,,864,0.0,43932.0,3248.0
,,,,,,,,865,0.0,42785.0,3207.0
,,,,,,,,866,0.0,42724.0,3251.0
,,,,,,,,867,0.0,44220.0,3283.0
,,,,,,,,868,0.0,46515.0,3387.0
,,,,,,,,869,0.0,48169.0,3471.0
,,,,,,,,870,0.0,51387.0,3632.0
,,,,,,,,871,0.0,55507.0,3831.0
,,,,,,,,872,0.0,59957.0,4039.0
,,,,,,,,873,0.0,64234.0,4246.0
,,,,,,,,874,0.0,67973.0,4436.0
,,,,,,,,875,0.0,70785.0,4642.0
,,,,,,,,876,0.0,72454.0,4811.0
,,,,,,,,877,0.0,73078.0,4943.0
,,,,,,,,878,0.0,72655.0,5027.0
,,,,,,,,879,0.0,71858.0,4989.0
,,,,,,,,880,0.0,70146.0,4912.0
,,,,,,,,881,0.0,67504.0,4790.0
,,,,,,,,882,0.0,65632.0,4585.0
,,,,,,,,883,0.0,64178.0,4450.0
,,,,,,,,884,0.0,59610.0,4215.0
,,,,,,,,885,0.0,54313.0,3931.0
,,,,,,,,886,0.0,49863.0,3706.0
,,,,,,,,887,0.0,46733.0,3550.0
,,,,,,,,888,0.0,44563.0,3438.0
,,,,,,,,889,0.0,43342.0,3369.0
,,,,,,,,890,0.0,43160.0,3387.0
,,,,,,,,891,0.0,44613.0,3412.0
,,,,,,,,892,0.0,46874.0,3504.0
,,,,,,,,893,0.0,48608.0,3578.0
,,,,,,,,894,0.0,52141.0,3739.0
,,,,,,,,895,0.0,56761.0,3942.0
,,,,,,,,896,0.0,61583.0,4141.0
,,,,,,,,897,0.0,66084.0,4348.0
,,,,,,,,898,0.0,69861.0,4523.0
,,,,,,,,899,0.0,72924.0,4706.0
,,,,,,,,900,0.0,75163.0,4835.0
,,,,,,,,901,0.0,76215.0,4942.0
,,,,,,,,902,0.0,75887.0,5007.0
,,,,,,,,903,0.0,74605.0,4958.0
,,,,,,,,904,0.0,72618.0,4864.0
,,,,,,,,905,0.0,70047.0,4690.0
,,,,,,,,906,0.0,67667.0,4493.0
,,,,,,,,907,0.0,65858.0,4406.0
,,,,,,,,908,0.0,61232.0,4176.0
,,,,,,,,909,0.0,55871.0,3892.0
,,,,,,,,910,0.0,51400.0,3658.0
,,,,,,,,911,0.0,48282.0,3495.0
,,,,,,,,912,0.0,45946.0,3380.0
,,,,,,,,913,0.0,44393.0,3289.0
,,,,,,,,914,0.0,44061.0,3248.0
,,,,,,,,915,0.0,45360.0,3259.0
,,,,,,,,916,0.0,47524.0,3332.0
,,,,,,,,917,0.0,49095.0,3401.0
,,,,,,,,918,0.0,52880.0,3575.0
,,,,,,,,919,0.0,57648.0,3790.0
,,,,,,,,920,0.0,62640.0,4073.0
,,,,,,,,921,0.0,67279.0,4305.0
,,,,,,,,922,0.0,70996.0,4427.0
,,,,,,,,923,0.0,74678.0,4607.0
,,,,,,,,924,0.0,77482.0,4774.0
,,,,,,,,925,0.0,79288.0,4906.0
,,,,,,,,926,0.0,79695.0,4986.0
,,,,,,,,927,0.0,78621.0,4957.0
,,,,,,,,928,0.0,76350.0,4877.0
,,,,,,,,929,0.0,73509.0,4766.0
,,,,,,,,930,0.0,70942.0,4592.0
,,,,,,,,931,0.0,68835.0,4498.0
,,,,,,,,932,0.0,63754.0,4253.0
,,,,,,,,933,0.0,58198.0,3963.0
,,,,,,,,934,0.0,53487.0,3716.0
,,,,,,,,935,0.0,50092.0,3549.0
,,,,,,,,936,0.0,47901.0,3438.0
,,,,,,,,937,0.0,46449.0,3371.0
,,,,,,,,938,0.0,46066.0,3334.0
,,,,,,,,939,0.0,47117.0,3352.0
,,,,,,,,940,0.0,48869.0,3424.0
,,,,,,,,941,0.0,50223.0,3497.0
,,,,,,,,942,0.0,54103.0,3703.0
,,,,,,,,943,0.0,59184.0,3938.0
,,,,,,,,944,0.0,64477.0,4177.0
,,,,,,,,945,0.0,69314.0,4399.0
,,,,,,,,946,0.0,73602.0,4607.0
,,,,,,,,947,0.0,77577.0,4820.0
,,,,,,,,948,0.0,80280.0,4997.0
,,,,,,,,949,0.0,81573.0,5132.0
,,,,,,,,950,0.0,81352.0,5201.0
,,,,,,,,951,0.0,79321.0,5145.0
,,,,,,,,952,0.0,75642.0,5052.0
,,,,,,,,953,0.0,71763.0,4936.0
,,,,,,,,954,0.0,68910.0,4738.0
,,,,,,,,955,0.0,66639.0,4600.0
,,,,,,,,956,0.0,62415.0,4340.0
,,,,,,,,957,0.0,57556.0,4068.0
,,,,,,,,958,0.0,53001.0,3802.0
,,,,,,,,959,0.0,49704.0,3624.0
,,,,,,,,960,0.0,47272.0,3493.0
,,,,,,,,961,0.0,45508.0,3397.0
,,,,,,,,962,0.0,44387.0,3329.0
,,,,,,,,963,0.0,44315.0,3300.0
,,,,,,,,964,0.0,44523.0,3307.0
,,,,,,,,965,0.0,45143.0,3314.0
,,,,,,,,966,0.0,49205.0,3521.0
,,,,,,,,967,0.0,54804.0,3818.0
,,,,,,,,968,0.0,60525.0,4101.0
,,,,,,,,969,0.0,65949.0,4399.0
,,,,,,,,970,0.0,70539.0,4670.0
,,,,,,,,971,0.0,74403.0,4877.0
,,,,,,,,972,0.0,77481.0,4995.0
,,,,,,,,973,0.0,79661.0,5070.0
,,,,,,,,974,0.0,80714.0,5076.0
,,,,,,,,975,0.0,80248.0,5051.0
,,,,,,,,976,0.0,78035.0,4985.0
,,,,,,,,977,0.0,74562.0,4860.0
,,,,,,,,978,0.0,71590.0,4644.0
,,,,,,,,979,0.0,69072.0,4534.0
,,,,,,,,980,0.0,64418.0,4294.0
,,,,,,,,981,0.0,59556.0,4023.0
,,,,,,,,982,0.0,55099.0,3820.0
,,,,,,,,983,0.0,51372.0,3647.0
,,,,,,,,984,0.0,48554.0,3517.0
,,,,,,,,985,0.0,46520.0,3423.0
,,,,,,,,986,0.0,45196.0,3353.0
,,,,,,,,987,0.0,44642.0,3325.0
,,,,,,,,988,0.0,44342.0,3325.0
,,,,,,,,989,0.0,44535.0,3373.0
,,,,,,,,990,0.0,47497.0,3539.0
,,,,,,,,991,0.0,51803.0,3795.0
,,,,,,,,992,0.0,56296.0,4035.0
,,,,,,,,993,0.0,60898.0,4257.0
,,,,,,,,994,0.0,65138.0,4507.0
,,,,,,,,995,0.0,68739.0,4702.0
,,,,,,,,996,0.0,72033.0,4855.0
,,,,,,,,997,0.0,74245.0,4931.0
,,,,,,,,998,0.0,75536.0,4947.0
,,,,,,,,999,0.0,75570.0,4961.0
,,,,,,,,1000,0.0,74103.0,4898.0
,,,,,,,,1001,0.0,71466.0,4757.0
,,,,,,,,1002,0.0,69260.0,4588.0
,,,,,,,,1003,0.0,67519.0,4505.0
,,,,,,,,1004,0.0,62933.0,4279.0
,,,,,,,,1005,0.0,57748.0,4003.0
,,,,,,,,1006,0.0,53118.0,3784.0
,,,,,,,,1007,0.0,49876.0,3621.0
,,,,,,,,1008,0.0,47585.0,3513.0
,,,,,,,,1009,0.0,31916.0,3094.0
,,,,,,,,1010,0.0,32103.0,3125.0
,,,,,,,,1011,0.0,33230.0,3200.0
,,,,,,,,1012,0.0,36503.0,3358.0
,,,,,,,,1013,0.0,41907.0,3643.0
,,,,,,,,1014,0.0,43926.0,3785.0
,,,,,,,,1015,0.0,43191.0,3704.0
,,,,,,,,1016,0.0,43074.0,3613.0
,,,,,,,,1017,0.0,42945.0,3549.0
,,,,,,,,1018,0.0,42688.0,3481.0
,,,,,,,,1019,0.0,42274.0,3393.0
,,,,,,,,1020,0.0,42273.0,3365.0
,,,,,,,,1021,0.0,42159.0,3330.0
,,,,,,,,1022,0.0,41946.0,3299.0
,,,,,,,,1023,0.0,42050.0,3300.0
,,,,,,,,1024,0.0,44097.0,3335.0
,,,,,,,,1025,0.0,47263.0,3556.0
,,,,,,,,1026,0.0,47169.0,3593.0
,,,,,,,,1027,0.0,46691.0,3592.0
,,,,,,,,1028,0.0,45194.0,3543.0
,,,,,,,,1029,0.0,41889.0,3401.0
,,,,,,,,1030,0.0,38437.0,3258.0
,,,,,,,,1031,0.0,36156.0,3178.0
,,,,,,,,1032,0.0,35180.0,3153.0
,,,,,,,,1033,0.0,34772.0,3151.0
,,,,,,,,1034,0.0,35107.0,3171.0
,,,,,,,,1035,0.0,36379.0,3227.0
,,,,,,,,1036,0.0,39961.0,3396.0
,,,,,,,,1037,0.0,45758.0,3670.0
,,,,,,,,1038,0.0,47172.0,3794.0
,,,,,,,,1039,0.0,45388.0,3691.0
,,,,,,,,1040,0.0,44152.0,3561.0
,,,,,,,,1041,0.0,43304.0,3468.0
,,,,,,,,1042,0.0,42807.0,3396.0
,,,,,,,,1043,0.0,42523.0,3334.0
,,,,,,,,1044,0.0,42823.0,3324.0
,,,,,,,,1045,0.0,43160.0,3322.0
,,,,,,,,1046,0.0,43318.0,3330.0
,,,,,,,,1047,0.0,43420.0,3352.0
,,,,,,,,1048,0.0,44816.0,3370.0
,,,,,,,,1049,0.0,47299.0,3538.0
,,,,,,,,1050,0.0,46952.0,3544.0
,,,,,,,,1051,0.0,46115.0,3520.0
,,,,,,,,1052,0.0,44302.0,3446.0
,,,,,,,,1053,0.0,41060.0,3318.0
,,,,,,,,1054,0.0,37195.0,3166.0
,,,,,,,,1055,0.0,34402.0,3041.0
,,,,,,,,1056,0.0,33021.0,2984.0
,,,,,,,,1057,0.0,32350.0,2949.0
,,,,,,,,1058,0.0,32302.0,2955.0
,,,,,,,,1059,0.0,33055.0,2999.0
,,,,,,,,1060,0.0,35629.0,3141.0
,,,,,,,,1061,0.0,40487.0,3385.0
,,,,,,,,1062,0.0,42105.0,3488.0
,,,,,,,,1063,0.0,42092.0,3435.0
,,,,,,,,1064,0.0,43263.0,3436.0
,,,,,,,,1065,0.0,44459.0,3378.0
,,,,,,,,1066,0.0,45239.0,3404.0
,,,,,,,,1067,0.0,45675.0,3361.0
,,,,,,,,1068,0.0,46414.0,3374.0
,,,,,,,,1069,0.0,46748.0,3384.0
,,,,,,,,1070,0.0,46847.0,3387.0
,,,,,,,,1071,0.0,46842.0,3389.0
,,,,,,,,1072,0.0,48806.0,3410.0
,,,,,,,,1073,0.0,51040.0,3616.0
,,,,,,,,1074,0.0,50432.0,3636.0
,,,,,,,,1075,0.0,49458.0,3627.0
,,,,,,,,1076,0.0,47194.0,3583.0
,,,,,,,,1077,0.0,43303.0,3464.0
,,,,,,,,1078,0.0,39003.0,3329.0
,,,,,,,,1079,0.0,35742.0,3287.0
,,,,,,,,1080,0.0,34203.0,3272.0
,,,,,,,,1081,0.0,33236.0,3297.0
,,,,,,,,1082,0.0,33007.0,3338.0
,,,,,,,,1083,0.0,34283.0,3394.0
,,,,,,,,1084,0.0,37728.0,3586.0
,,,,,,,,1085,0.0,43738.0,3893.0
,,,,,,,,1086,0.0,46567.0,4065.0
,,,,,,,,1087,0.0,46532.0,3995.0
,,,,,,,,1088,0.0,46755.0,3911.0
,,,,,,,,1089,0.0,46679.0,3834.0
,,,,,,,,1090,0.0,45983.0,3732.0
,,,,,,,,1091,0.0,44955.0,3612.0
,,,,,,,,1092,0.0,44250.0,3551.0
,,,,,,,,1093,0.0,43485.0,3495.0
,,,,,,,,1094,0.0,43196.0,3468.0
,,,,,,,,1095,0.0,43879.0,3512.0
,,,,,,,,1096,0.0,47360.0,3640.0
,,,,,,,,1097,0.0,51314.0,3943.0
,,,,,,,,1098,0.0,52042.0,4051.0
,,,,,,,,1099,0.0,52357.0,4107.0
,,,,,,,,1100,0.0,51901.0,4104.0
,,,,,,,,1101,0.0,49627.0,3989.0
,,,,,,,,1102,0.0,47015.0,3863.0
,,,,,,,,1103,0.0,45105.0,3775.0
,,,,,,,,1104,0.0,44387.0,3754.0
,,,,,,,,1105,0.0,44410.0,3760.0
,,,,,,,,1106,0.0,45080.0,3790.0
,,,,,,,,1107,0.0,46781.0,3855.0
,,,,,,,,1108,0.0,50385.0,4015.0
,,,,,,,,1109,0.0,55712.0,4263.0
,,,,,,,,1110,0.0,56957.0,4377.0
,,,,,,,,1111,0.0,55041.0,4280.0
,,,,,,,,1112,0.0,52683.0,4123.0
,,,,,,,,1113,0.0,49752.0,3963.0
,,,,,,,,1114,0.0,46922.0,3797.0
,,,,,,,,1115,0.0,44261.0,3639.0
,,,,,,,,1116,0.0,42642.0,3534.0
,,,,,,,,1117,0.0,41340.0,3455.0
,,,,,,,,1118,0.0,40499.0,3417.0
,,,,,,,,1119,0.0,40550.0,3414.0
,,,,,,,,1120,0.0,43608.0,3496.0
,,,,,,,,1121,0.0,46831.0,3735.0
,,,,,,,,1122,0.0,46979.0,3788.0
,,,,,,,,1123,0.0,47087.0,3820.0
,,,,,,,,1124,0.0,46692.0,3809.0
,,,,,,,,1125,0.0,45123.0,3734.0
,,,,,,,,1126,0.0,42955.0,3632.0
,,,,,,,,1127,0.0,40938.0,3552.0
,,,,,,,,1128,0.0,40028.0,3524.0
,,,,,,,,1129,0.0,39761.0,3520.0
,,,,,,,,1130,0.0,40054.0,3539.0
,,,,,,,,1131,0.0,40826.0,3574.0
,,,,,,,,1132,0.0,42554.0,3649.0
,,,,,,,,1133,0.0,44891.0,3750.0
,,,,,,,,1134,0.0,46625.0,3854.0
,,,,,,,,1135,0.0,47202.0,3887.0
,,,,,,,,1136,0.0,45951.0,3820.0
,,,,,,,,1137,0.0,43855.0,3705.0
,,,,,,,,1138,0.0,41515.0,3569.0
,,,,,,,,1139,0.0,39705.0,3440.0
,,,,,,,,1140,0.0,38305.0,3346.0
,,,,,,,,1141,0.0,37329.0,3296.0
,,,,,,,,1142,0.0,36955.0,3272.0
,,,,,,,,1143,0.0,37262.0,3272.0
,,,,,,,,1144,0.0,39949.0,3362.0
,,,,,,,,1145,0.0,42372.0,3537.0
,,,,,,,,1146,0.0,42177.0,3550.0
,,,,,,,,1147,0.0,41668.0,3544.0
,,,,,,,,1148,0.0,40692.0,3529.0
,,,,,,,,1149,0.0,38772.0,3445.0
,,,,,,,,1150,0.0,36252.0,3337.0
,,,,,,,,1151,0.0,33912.0,3237.0
,,,,,,,,1152,0.0,32268.0,3174.0
,,,,,,,,1153,0.0,31435.0,3138.0
,,,,,,,,1154,0.0,30959.0,3130.0
,,,,,,,,1155,0.0,30944.0,3150.0
,,,,,,,,1156,0.0,31599.0,3187.0
,,,,,,,,1157,0.0,32717.0,3260.0
,,,,,,,,1158,0.0,33746.0,3346.0
,,,,,,,,1159,0.0,35303.0,3415.0
,,,,,,,,1160,0.0,36781.0,3428.0
,,,,,,,,1161,0.0,37316.0,3381.0
,,,,,,,,1162,0.0,37461.0,3312.0
,,,,,,,,1163,0.0,37545.0,3261.0
,,,,,,,,1164,0.0,37384.0,3199.0
,,,,,,,,1165,0.0,37134.0,3151.0
,,,,,,,,1166,0.0,37139.0,3131.0
,,,,,,,,1167,0.0,37653.0,3130.0
,,,,,,,,1168,0.0,40269.0,3216.0
,,,,,,,,1169,0.0,42853.0,3388.0
,,,,,,,,1170,0.0,42811.0,3407.0
,,,,,,,,1171,0.0,42484.0,3402.0
,,,,,,,,1172,0.0,41764.0,3377.0
,,,,,,,,1173,0.0,39999.0,3308.0
,,,,,,,,1174,0.0,37535.0,3214.0
,,,,,,,,1175,0.0,35335.0,3142.0
,,,,,,,,1176,0.0,34002.0,3110.0
,,,,,,,,1177,0.0,45127.0,3250.0
,,,,,,,,1178,0.0,44698.0,3192.0
,,,,,,,,1179,0.0,45943.0,3213.0
,,,,,,,,1180,0.0,47836.0,3290.0
,,,,,,,,1181,0.0,50125.0,3400.0
,,,,,,,,1182,0.0,54622.0,3643.0
,,,,,,,,1183,0.0,60440.0,3920.0
,,,,,,,,1184,0.0,66723.0,4218.0
,,,,,,,,1185,0.0,72486.0,4533.0
,,,,,,,,1186,0.0,77317.0,4740.0
,,,,,,,,1187,0.0,81142.0,4884.0
,,,,,,,,1188,0.0,83923.0,5072.0
,,,,,,,,1189,0.0,85438.0,5227.0
,,,,,,,,1190,0.0,86111.0,5302.0
,,,,,,,,1191,0.0,85669.0,5279.0
,,,,,,,,1192,0.0,84306.0,5200.0
,,,,,,,,1193,0.0,81334.0,5078.0
,,,,,,,,1194,0.0,77965.0,4894.0
,,,,,,,,1195,0.0,74942.0,4747.0
,,,,,,,,1196,0.0,68934.0,4436.0
,,,,,,,,1197,0.0,62140.0,4080.0
,,,,,,,,1198,0.0,56379.0,3789.0
,,,,,,,,1199,0.0,52283.0,3584.0
,,,,,,,,1200,0.0,49523.0,3448.0
,,,,,,,,1201,0.0,47630.0,3349.0
,,,,,,,,1202,0.0,46887.0,3287.0
,,,,,,,,1203,0.0,47959.0,3302.0
,,,,,,,,1204,0.0,49801.0,3377.0
,,,,,,,,1205,0.0,51932.0,3467.0
,,,,,,,,1206,0.0,56197.0,3679.0
,,,,,,,,1207,0.0,62042.0,3951.0
,,,,,,,,1208,0.0,68850.0,4265.0
,,,,,,,,1209,0.0,75152.0,4619.0
,,,,,,,,1210,0.0,80343.0,4887.0
,,,,,,,,1211,0.0,84553.0,5115.0
,,,,,,,,1212,0.0,87069.0,5297.0
,,,,,,,,1213,0.0,88057.0,5428.0
,,,,,,,,1214,0.0,88086.0,5497.0
,,,,,,,,1215,0.0,87685.0,5447.0
,,,,,,,,1216,0.0,86248.0,5357.0
,,,,,,,,1217,0.0,83180.0,5246.0
,,,,,,,,1218,0.0,80567.0,5064.0
,,,,,,,,1219,0.0,77898.0,4920.0
,,,,,,,,1220,0.0,72185.0,4627.0
,,,,,,,,1221,0.0,65807.0,4276.0
,,,,,,,,1222,0.0,60284.0,3990.0
,,,,,,,,1223,0.0,56387.0,3792.0
,,,,,,,,1224,0.0,53384.0,3641.0
,,,,,,,,1225,0.0,51355.0,3527.0
,,,,,,,,1226,0.0,50539.0,3454.0
,,,,,,,,1227,0.0,51450.0,3457.0
,,,,,,,,1228,0.0,53155.0,3509.0
,,,,,,,,1229,0.0,54777.0,3604.0
,,,,,,,,1230,0.0,58259.0,3781.0
,,,,,,,,1231,0.0,63017.0,4056.0
,,,,,,,,1232,0.0,68681.0,4366.0
,,,,,,,,1233,0.0,74091.0,4686.0
,,,,,,,,1234,0.0,78887.0,4963.0
,,,,,,,,1235,0.0,82805.0,5182.0
,,,,,,,,1236,0.0,85279.0,5349.0
,,,,,,,,1237,0.0,86703.0,5461.0
,,,,,,,,1238,0.0,87279.0,5515.0
,,,,,,,,1239,0.0,86360.0,5459.0
,,,,,,,,1240,0.0,83958.0,5342.0
,,,,,,,,1241,0.0,80375.0,5214.0
,,,,,,,,1242,0.0,76907.0,5004.0
,,,,,,,,1243,0.0,74328.0,4874.0
,,,,,,,,1244,0.0,68881.0,4601.0
,,,,,,,,1245,0.0,62468.0,4275.0
,,,,,,,,1246,0.0,57069.0,4004.0
,,,,,,,,1247,0.0,53041.0,3812.0
,,,,,,,,1248,0.0,50270.0,3669.0
,,,,,,,,1249,0.0,48634.0,3575.0
,,,,,,,,1250,0.0,48126.0,3513.0
,,,,,,,,1251,0.0,49206.0,3527.0
,,,,,,,,1252,0.0,51022.0,3599.0
,,,,,,,,1253,0.0,52820.0,3660.0
,,,,,,,,1254,0.0,56649.0,3860.0
,,,,,,,,1255,0.0,61715.0,4098.0
,,,,,,,,1256,0.0,67140.0,4357.0
,,,,,,,,1257,0.0,71954.0,4600.0
,,,,,,,,1258,0.0,75634.0,4804.0
,,,,,,,,1259,0.0,78301.0,5011.0
,,,,,,,,1260,0.0,79910.0,5165.0
,,,,,,,,1261,0.0,81092.0,5273.0
,,,,,,,,1262,0.0,80963.0,5339.0
,,,,,,,,1263,0.0,80026.0,5287.0
,,,,,,,,1264,0.0,78113.0,5192.0
,,,,,,,,1265,0.0,75322.0,5060.0
,,,,,,,,1266,0.0,72567.0,4860.0
,,,,,,,,1267,0.0,70749.0,4750.0
,,,,,,,,1268,0.0,65820.0,4486.0
,,,,,,,,1269,0.0,60149.0,4168.0
,,,,,,,,1270,0.0,55256.0,3927.0
,,,,,,,,1271,0.0,51838.0,3746.0
,,,,,,,,1272,0.0,49472.0,3613.0
,,,,,,,,1273,0.0,47972.0,3520.0
,,,,,,,,1274,0.0,47460.0,3462.0
,,,,,,,,1275,0.0,48374.0,3467.0
,,,,,,,,1276,0.0,49833.0,3525.0
,,,,,,,,1277,0.0,51570.0,3597.0
,,,,,,,,1278,0.0,55451.0,3803.0
,,,,,,,,1279,0.0,60089.0,4033.0
,,,,,,,,1280,0.0,64827.0,4275.0
,,,,,,,,1281,0.0,68749.0,4509.0
,,,,,,,,1282,0.0,71626.0,4716.0
,,,,,,,,1283,0.0,74356.0,4934.0
,,,,,,,,1284,0.0,76102.0,5092.0
,,,,,,,,1285,0.0,76957.0,5198.0
,,,,,,,,1286,0.0,77004.0,5271.0
,,,,,,,,1287,0.0,75879.0,5215.0
,,,,,,,,1288,0.0,73525.0,5111.0
,,,,,,,,1289,0.0,70644.0,4973.0
,,,,,,,,1290,0.0,68052.0,4767.0
,,,,,,,,1291,0.0,66294.0,4645.0
,,,,,,,,1292,0.0,62355.0,4413.0
,,,,,,,,1293,0.0,57997.0,4158.0
,,,,,,,,1294,0.0,53731.0,3920.0
,,,,,,,,1295,0.0,50426.0,3739.0
,,,,,,,,1296,0.0,47848.0,3601.0
,,,,,,,,1297,0.0,45901.0,3492.0
,,,,,,,,1298,0.0,44903.0,3427.0
,,,,,,,,1299,0.0,44965.0,3403.0
,,,,,,,,1300,0.0,45084.0,3411.0
,,,,,,,,1301,0.0,46177.0,3440.0
,,,,,,,,1302,0.0,49835.0,3642.0
,,,,,,,,1303,0.0,54191.0,3896.0
,,,,,,,,1304,0.0,58393.0,4141.0
,,,,,,,,1305,0.0,61700.0,4390.0
,,,,,,,,1306,0.0,64134.0,4590.0
,,,,,,,,1307,0.0,65200.0,4744.0
,,,,,,,,1308,0.0,65635.0,4858.0
,,,,,,,,1309,0.0,65804.0,4960.0
,,,,,,,,1310,0.0,66155.0,5002.0
,,,,,,,,1311,0.0,66423.0,4988.0
,,,,,,,,1312,0.0,65475.0,4914.0
,,,,,,,,1313,0.0,63147.0,4797.0
,,,,,,,,1314,0.0,61372.0,4614.0
,,,,,,,,1315,0.0,60152.0,4502.0
,,,,,,,,1316,0.0,56735.0,4286.0
,,,,,,,,1317,0.0,52981.0,4044.0
,,,,,,,,1318,0.0,49079.0,3827.0
,,,,,,,,1319,0.0,46101.0,3658.0
,,,,,,,,1320,0.0,43774.0,3519.0
,,,,,,,,1321,0.0,42144.0,3409.0
,,,,,,,,1322,0.0,41083.0,3325.0
,,,,,,,,1323,0.0,40901.0,3280.0
,,,,,,,,1324,0.0,40792.0,3261.0
,,,,,,,,1325,0.0,41563.0,3265.0
,,,,,,,,1326,0.0,44745.0,3440.0
,,,,,,,,1327,0.0,48063.0,3641.0
,,,,,,,,1328,0.0,51393.0,3836.0
,,,,,,,,1329,0.0,54634.0,4003.0
,,,,,,,,1330,0.0,57451.0,4147.0
,,,,,,,,1331,0.0,59706.0,4281.0
,,,,,,,,1332,0.0,61274.0,4389.0
,,,,,,,,1333,0.0,62096.0,4462.0
,,,,,,,,1334,0.0,61838.0,4505.0
,,,,,,,,1335,0.0,61276.0,4492.0
,,,,,,,,1336,0.0,60131.0,4430.0
,,,,,,,,1337,0.0,58720.0,4338.0
,,,,,,,,1338,0.0,57875.0,4210.0
,,,,,,,,1339,0.0,57730.0,4174.0
,,,,,,,,1340,0.0,54739.0,4011.0
,,,,,,,,1341,0.0,50642.0,3778.0
,,,,,,,,1342,0.0,46966.0,3556.0
,,,,,,,,1343,0.0,44393.0,3426.0
,,,,,,,,1344,0.0,42969.0,3330.0
