Hour,Demand
1,2274
2,2581
3,2576
4,2482
5,2396
6,2193
7,1929
8,1715
9,1555
10,1473
11,1463
12,1503
13,1642
14,1850
15,2051
16,2129
17,2205
18,2284
19,2313
20,2412
21,2388
22,2310
23,2254
24,2202
25,2202
26,2437
27,2453
28,2409
29,2349
30,2176
31,1884
32,1617
33,1451
34,1377
35,1410
36,1488
37,1669
38,1931
39,2182
40,2302
41,2421
42,2535
43,2588
44,2684
45,2654
46,2567
47,2506
48,2437
49,2416
50,2592
51,2632
52,2581
53,2501
54,2351
55,2087
56,1728
57,1546
58,1454
59,1432
60,1497
61,1682
62,1994
63,2362
64,2584
65,2746
66,2906
67,3030
68,2900
69,2690
70,2633
71,2577
72,2486
73,2492
74,2720
75,2743
76,2676
77,2585
78,2329
79,1988
80,1725
81,1596
82,1506
83,1478
84,1530
85,1714
86,2020
87,2413
88,2635
89,2782
90,2915
91,3040
92,2919
93,2720
94,2668
95,2612
96,2544
97,2540
98,2737
99,2746
100,2678
101,2586
102,2391
103,2038
104,1757
105,1639
106,1545
107,1525
108,1606
109,1776
110,2080
111,2445
112,2632
113,2790
114,2934
115,3050
116,2926
117,2723
118,2669
119,2606
120,2535
121,2524
122,2715
123,2733
124,2657
125,2572
126,2342
127,2012
128,1759
129,1641
130,1556
131,1537
132,1584
133,1763
134,2059
135,2424
136,2637
137,2792
138,2929
139,3037
140,2891
141,2667
142,2596
143,2527
144,2445
145,2457
146,2649
147,2664
148,2582
149,2514
150,2292
151,2004
152,1782
153,1662
154,1570
155,1527
156,1560
157,1707
158,1921
159,2179
160,2317
161,2487
162,2668
163,2769
164,2616
165,2389
166,2305
167,2239
168,2186
169,2217
170,2488
171,2495
172,2445
173,2380
174,2188
175,1898
176,1672
177,1522
178,1451
179,1461
180,1531
181,1690
182,1911
183,2150
184,2248
185,2337
186,2402
187,2415
188,2494
189,2460
190,2384
191,2315
192,2243
193,2229
194,2453
195,2491
196,2457
197,2385
198,2120
199,1803
200,1556
201,1426
202,1370
203,1407
204,1499
205,1704
206,2057
207,2525
208,2740
209,2797
210,2829
211,2825
212,2893
213,2860
214,2789
215,2705
216,2595
217,2537
218,2689
219,2719
220,2662
221,2578
222,2298
223,1959
224,1702
225,1599
226,1523
227,1497
228,1564
229,1751
230,2073
231,2527
232,2775
233,2875
234,2962
235,3048
236,2898
237,2676
238,2598
239,2523
240,2460
241,2452
242,2686
243,2719
244,2663
245,2584
246,2323
247,1994
248,1742
249,1627
250,1543
251,1523
252,1587
253,1775
254,2094
255,2533
256,2771
257,2886
258,3014
259,3076
260,2909
261,2682
262,2585
263,2535
264,2472
265,2483
266,2698
267,2718
268,2674
269,2599
270,2328
271,2011
272,1762
273,1641
274,1563
275,1536
276,1602
277,1777
278,2070
279,2493
280,2704
281,2836
282,2954
283,3061
284,2902
285,2699
286,2655
287,2592
288,2526
289,2508
290,2686
291,2728
292,2658
293,2593
294,2334
295,2006
296,1779
297,1668
298,1597
299,1569
300,1623
301,1795
302,2095
303,2527
304,2772
305,2889
306,3001
307,3094
308,2915
309,2686
310,2625
311,2550
312,2478
313,2474
314,2659
315,2681
316,2612
317,2541
318,2276
319,1985
320,1744
321,1633
322,1555
323,1524
324,1574
325,1715
326,1934
327,2221
328,2394
329,2602
330,2762
331,2868
332,2697
333,2459
334,2370
335,2296
336,2240
337,2262
338,2525
339,2551
340,2500
341,2437
342,2177
343,1891
344,1652
345,1498
346,1442
347,1466
348,1545
349,1683
350,1913
351,2158
352,2299
353,2418
354,2503
355,2510
356,2563
357,2523
358,2446
359,2378
360,2334
361,2345
362,2539
363,2555
364,2510
365,2434
366,2169
367,1871
368,1622
369,1453
370,1387
371,1423
372,1521
373,1710
374,2020
375,2380
376,2590
377,2724
378,2818
379,2850
380,2912
381,2861
382,2779
383,2697
384,2616
385,2603
386,2757
387,2828
388,2791
389,2704
390,2424
391,2079
392,1828
393,1690
394,1607
395,1578
396,1648
397,1836
398,2160
399,2610
400,2856
401,2954
402,3037
403,3092
404,2908
405,2674
406,2602
407,2526
408,2461
409,2501
410,2750
411,2837
412,2794
413,2720
414,2421
415,2074
416,1825
417,1704
418,1613
419,1602
420,1669
421,1861
422,2198
423,2648
424,2877
425,2981
426,3062
427,3121
428,2936
429,2693
430,2617
431,2550
432,2493
433,2507
434,2719
435,2797
436,2746
437,2680
438,2469
439,2182
440,1950
441,1801
442,1690
443,1636
444,1692
445,1869
446,2209
447,2624
448,2839
449,2943
450,3064
451,3151
452,2982
453,2759
454,2689
455,2610
456,2554
457,2561
458,2759
459,2797
460,2738
461,2659
462,2412
463,2076
464,1816
465,1672
466,1589
467,1555
468,1625
469,1800
470,2123
471,2521
472,2731
473,2869
474,2999
475,3087
476,2931
477,2708
478,2640
479,2555
480,2490
481,2498
482,2660
483,2683
484,2615
485,2535
486,2380
487,2208
488,2052
489,1970
490,1852
491,1770
492,1789
493,1872
494,1997
495,2144
496,2278
497,2513
498,2703
499,2825
500,2670
501,2441
502,2326
503,2248
504,2193
505,2230
506,2470
507,2512
508,2477
509,2415
510,2296
511,2127
512,1935
513,1785
514,1742
515,1792
516,1852
517,1925
518,2035
519,2161
520,2259
521,2401
522,2502
523,2547
524,2618
525,2599
526,2513
527,2450
528,2386
529,2370
530,2526
531,2548
532,2513
533,2464
534,2322
535,2114
536,1921
537,1795
538,1740
539,1740
540,1790
541,1940
542,2201
543,2524
544,2729
545,2816
546,2895
547,2925
548,2993
549,2953
550,2862
551,2782
552,2702
553,2649
554,2738
555,2805
556,2748
557,2656
558,2455
559,2181
560,1932
561,1751
562,1638
563,1592
564,1663
565,1826
566,2168
567,2534
568,2732
569,2869
570,2979
571,3075
572,2909
573,2678
574,2607
575,2514
576,2457
577,2467
578,2686
579,2741
580,2686
581,2620
582,2368
583,2024
584,1728
585,1610
586,1533
587,1504
588,1559
589,1733
590,2052
591,2488
592,2722
593,2841
594,2954
595,3059
596,2911
597,2702
598,2647
599,2594
600,2529
601,2502
602,2659
603,2746
604,2678
605,2594
606,2349
607,1999
608,1733
609,1617
610,1517
611,1486
612,1544
613,1733
614,2056
615,2471
616,2703
617,2842
618,2957
619,3074
620,2929
621,2691
622,2653
623,2591
624,2521
625,2487
626,2628
627,2696
628,2626
629,2554
630,2249
631,1933
632,1684
633,1563
634,1481
635,1448
636,1512
637,1679
638,1950
639,2346
640,2584
641,2737
642,2875
643,2980
644,2823
645,2615
646,2564
647,2492
648,2423
649,2405
650,2537
651,2606
652,2533
653,2455
654,2196
655,1925
656,1719
657,1606
658,1522
659,1487
660,1526
661,1663
662,1878
663,2131
664,2299
665,2499
666,2657
667,2771
668,2625
669,2406
670,2328
671,2261
672,2211
673,2206
674,2393
675,2484
676,2428
677,2360
678,2098
679,1830
680,1602
681,1449
682,1389
683,1410
684,1485
685,1634
686,1855
687,2096
688,2234
689,2325
690,2383
691,2389
692,2470
693,2437
694,2371
695,2317
696,2265
697,2243
698,2393
699,2495
700,2448
701,2371
702,2072
703,1761
704,1530
705,1390
706,1333
707,1374
708,1458
709,1674
710,2025
711,2447
712,2689
713,2752
714,2794
715,2780
716,2877
717,2844
718,2777
719,2693
720,2600
721,2514
722,2609
723,2689
724,2641
725,2547
726,2242
727,1928
728,1685
729,1580
730,1499
731,1470
732,1527
733,1714
734,2020
735,2434
736,2662
737,2794
738,2910
739,2989
740,2855
741,2647
742,2576
743,2518
744,2453
745,2430
746,2595
747,2690
748,2647
749,2561
750,2256
751,1938
752,1685
753,1576
754,1505
755,1484
756,1536
757,1713
758,1996
759,2411
760,2670
761,2796
762,2905
763,2981
764,2850
765,2630
766,2565
767,2500
768,2434
769,2412
770,2571
771,2691
772,2639
773,2567
774,2253
775,1929
776,1702
777,1578
778,1499
779,1474
780,1533
781,1705
782,2019
783,2435
784,2675
785,2798
786,2908
787,2984
788,2854
789,2628
790,2565
791,2502
792,2421
793,2374
794,2527
795,2662
796,2605
797,2539
798,2244
799,1923
800,1699
801,1586
802,1518
803,1490
804,1547
805,1727
806,2025
807,2438
808,2670
809,2793
810,2892
811,2962
812,2818
813,2594
814,2521
815,2453
816,2376
817,2335
818,2468
819,2584
820,2525
821,2458
822,2254
823,1964
824,1732
825,1616
826,1561
827,1551
828,1593
829,1693
830,1891
831,2165
832,2339
833,2529
834,2668
835,2749
836,2596
837,2379
838,2294
839,2234
840,2181
841,2169
842,2348
843,2462
844,2423
845,2358
846,2192
847,1929
848,1640
849,1481
850,1457
851,1555
852,1725
853,1888
854,2058
855,2186
856,2252
857,2360
858,2431
859,2411
860,2464
861,2458
862,2391
863,2338
864,2261
865,2184
866,2282
867,2368
868,2387
869,2337
870,2179
871,1956
872,1759
873,1579
874,1559
875,1546
876,1606
877,1822
878,2085
879,2445
880,2646
881,2728
882,2784
883,2788
884,2829
885,2811
886,2736
887,2651
888,2571
889,2509
890,2597
891,2703
892,2639
893,2548
894,2358
895,2124
896,1931
897,1829
898,1746
899,1710
900,1752
901,1902
902,2111
903,2425
904,2656
905,2819
906,2974
907,3075
908,2925
909,2710
910,2645
911,2571
912,2509
913,2514
914,2658
915,2723
916,2666
917,2568
918,2368
919,2061
920,1779
921,1654
922,1590
923,1573
924,1645
925,1809
926,2062
927,2411
928,2603
929,2730
930,2866
931,2958
932,2827
933,2625
934,2572
935,2516
936,2444
937,2412
938,2524
939,2672
940,2612
941,2537
942,2331
943,2033
944,1831
945,1707
946,1690
947,1708
948,1771
949,1840
950,2017
951,2360
952,2594
953,2723
954,2862
955,2965
956,2861
957,2672
958,2636
959,2588
960,2510
961,2476
962,2556
963,2684
964,2625
965,2536
966,2193
967,1850
968,1582
969,1452
970,1373
971,1337
972,1399
973,1569
974,1877
975,2296
976,2556
977,2708
978,2858
979,2967
980,2856
981,2662
982,2616
983,2550
984,2467
985,2436
986,2520
987,2623
988,2552
989,2472
990,2275
991,2020
992,1749
993,1554
994,1441
995,1401
996,1439
997,1587
998,1819
999,2047
1000,2214
1001,2436
1002,2625
1003,2729
1004,2592
1005,2386
1006,2302
1007,2223
1008,2157
1009,2153
1010,2327
1011,2442
1012,2405
1013,2331
1014,2087
1015,1784
1016,1537
1017,1376
1018,1319
1019,1350
1020,1413
1021,1557
1022,1768
1023,1990
1024,2146
1025,2271
1026,2366
1027,2373
1028,2434
1029,2405
1030,2334
1031,2278
1032,2240
1033,2219
1034,2339
1035,2468
1036,2438
1037,2357
1038,2178
1039,1949
1040,1684
1041,1490
1042,1433
1043,1501
1044,1669
1045,1896
1046,2132
1047,2393
1048,2573
1049,2691
1050,2801
1051,2835
1052,2896
1053,2858
1054,2771
1055,2690
1056,2598
1057,2529
1058,2569
1059,2731
1060,2697
1061,2619
1062,2327
1063,1964
1064,1687
1065,1532
1066,1449
1067,1447
1068,1513
1069,1668
1070,1986
1071,2422
1072,2691
1073,2811
1074,2920
1075,2980
1076,2838
1077,2616
1078,2547
1079,2474
1080,2409
1081,2389
1082,2500
1083,2687
1084,2649
1085,2580
1086,2394
1087,2160
1088,1942
1089,1821
1090,1749
1091,1731
1092,1784
1093,1913
1094,2108
1095,2443
1096,2695
1097,2825
1098,2956
1099,3037
1100,2890
1101,2685
1102,2614
1103,2551
1104,2492
1105,2486
1106,2607
1107,2774
1108,2738
1109,2663
1110,2498
1111,2256
1112,2030
1113,1937
1114,1891
1115,1864
1116,1884
1117,1990
1118,2203
1119,2508
1120,2711
1121,2837
1122,2928
1123,2978
1124,2835
1125,2597
1126,2532
1127,2467
1128,2396
1129,2382
1130,2479
1131,2664
1132,2635
1133,2566
1134,2398
1135,2172
1136,1939
1137,1848
1138,1731
1139,1657
1140,1659
1141,1793
1142,2063
1143,2391
1144,2609
1145,2744
1146,2859
1147,2924
1148,2796
1149,2588
1150,2519
1151,2433
1152,2373
1153,2335
1154,2430
1155,2589
1156,2534
1157,2458
1158,2204
1159,1900
1160,1646
1161,1509
1162,1433
1163,1393
1164,1430
1165,1552
1166,1758
1167,2011
1168,2237
1169,2442
1170,2616
1171,2696
1172,2537
1173,2312
1174,2220
1175,2148
1176,2092
1177,2095
1178,2269
1179,2414
1180,2397
1181,2318
1182,2042
1183,1754
1184,1517
1185,1356
1186,1306
1187,1321
1188,1389
1189,1526
1190,1722
1191,1952
1192,2136
1193,2272
1194,2360
1195,2354
1196,2409
1197,2377
1198,2286
1199,2208
1200,2137
1201,2105
1202,2213
1203,2405
1204,2384
1205,2313
1206,2072
1207,1785
1208,1549
1209,1401
1210,1360
1211,1409
1212,1515
1213,1696
1214,1949
1215,2199
1216,2374
1217,2526
1218,2636
1219,2653
1220,2723
1221,2697
1222,2596
1223,2512
1224,2414
1225,2350
1226,2407
1227,2616
1228,2584
1229,2508
1230,2282
1231,1981
1232,1734
1233,1676
1234,1708
1235,1729
1236,1791
1237,1912
1238,2134
1239,2410
1240,2591
1241,2741
1242,2868
1243,2938
1244,2825
1245,2620
1246,2562
1247,2497
1248,2431
1249,2394
1250,2483
1251,2669
1252,2626
1253,2539
1254,2369
1255,2138
1256,1920
1257,1876
1258,1806
1259,1745
1260,1702
1261,1849
1262,2044
1263,2352
1264,2569
1265,2718
1266,2864
1267,2963
1268,2863
1269,2681
1270,2637
1271,2589
1272,2514
1273,2472
1274,2504
1275,2664
1276,2616
1277,2530
1278,2336
1279,2069
1280,1813
1281,1668
1282,1636
1283,1615
1284,1668
1285,1762
1286,1939
1287,2279
1288,2539
1289,2702
1290,2854
1291,2949
1292,2868
1293,2696
1294,2656
1295,2611
1296,2538
1297,2492
1298,2514
1299,2678
1300,2634
1301,2537
1302,2281
1303,1997
1304,1775
1305,1659
1306,1608
1307,1592
1308,1559
1309,1803
1310,2037
1311,2304
1312,2511
1313,2686
1314,2845
1315,2950
1316,2860
1317,2672
1318,2621
1319,2563
1320,2480
1321,2429
1322,2444
1323,2588
1324,2527
1325,2443
1326,2234
1327,1983
1328,1622
1329,1464
1330,1377
1331,1326
1332,1356
1333,1489
1334,1720
1335,1935
1336,2174
1337,2391
1338,2559
1339,2657
1340,2540
1341,2346
1342,2270
1343,2214
1344,2147
1345,2151
1346,2269
1347,2436
1348,2416
1349,2332
1350,2065
1351,1773
1352,1655
1353,1462
1354,1344
1355,1380
1356,1453
1357,1587
1358,1824
1359,1991
1360,2124
1361,2243
1362,2332
1363,2323
1364,2417
1365,2399
1366,2326
1367,2267
1368,2204
1369,2178
1370,2253
1371,2442
1372,2429
1373,2351
1374,2165
1375,1905
1376,1677
1377,1636
1378,1583
1379,1384
1380,1477
1381,1839
1382,2110
1383,2376
1384,2594
1385,2697
1386,2769
1387,2769
1388,2840
1389,2823
1390,2747
1391,2679
1392,2599
1393,2548
1394,2565
1395,2755
1396,2733
1397,2645
1398,2406
1399,2105
1400,1811
1401,1628
1402,1560
1403,1577
1404,1765
1405,1930
1406,2153
1407,2474
1408,2705
1409,2833
1410,2952
1411,3008
1412,2892
1413,2668
1414,2589
1415,2522
1416,2442
1417,2439
1418,2543
1419,2745
1420,2719
1421,2613
1422,2333
1423,2001
1424,1754
1425,1668
1426,1614
1427,1592
1428,1644
1429,1836
1430,2168
1431,2489
1432,2701
1433,2866
1434,3002
1435,3112
1436,2976
1437,2721
1438,2626
1439,2540
1440,2459
1441,2418
1442,2469
1443,2678
1444,2680
1445,2588
1446,2351
1447,2072
1448,1873
1449,1783
1450,1779
1451,1788
1452,1885
1453,2050
1454,2291
1455,2537
1456,2721
1457,2875
1458,3003
1459,3099
1460,2927
1461,2669
1462,2576
1463,2502
1464,2409
1465,2373
1466,2402
1467,2594
1468,2570
1469,2493
1470,2326
1471,2045
1472,1755
1473,1621
1474,1559
1475,1551
1476,1600
1477,1731
1478,1963
1479,2173
1480,2350
1481,2548
1482,2715
1483,2820
1484,2652
1485,2407
1486,2311
1487,2240
1488,2182
1489,2166
1490,2219
1491,2415
1492,2396
1493,2331
1494,2183
1495,2025
1496,1940
1497,1864
1498,1723
1499,1592
1500,1568
1501,1646
1502,1813
1503,2007
1504,2203
1505,2381
1506,2565
1507,2687
1508,2553
1509,2348
1510,2290
1511,2255
1512,2215
1513,2219
1514,2331
1515,2491
1516,2480
1517,2357
1518,2043
1519,1741
1520,1495
1521,1391
1522,1349
1523,1386
1524,1486
1525,1679
1526,2019
1527,2354
1528,2639
1529,2763
1530,2834
1531,2852
1532,2965
1533,2950
1534,2890
1535,2821
1536,2721
1537,2621
1538,2581
1539,2718
1540,2704
1541,2559
1542,2230
1543,1866
1544,1576
1545,1456
1546,1400
1547,1418
1548,1515
1549,1721
1550,2018
1551,2373
1552,2645
1553,2747
1554,2833
1555,2855
1556,2948
1557,2929
1558,2853
1559,2750
1560,2655
1561,2550
1562,2510
1563,2722
1564,2717
1565,2617
1566,2297
1567,1959
1568,1719
1569,1603
1570,1534
1571,1520
1572,1590
1573,1779
1574,2088
1575,2429
1576,2743
1577,2888
1578,3016
1579,3100
1580,2930
1581,2664
1582,2586
1583,2509
1584,2429
1585,2411
1586,2455
1587,2685
1588,2695
1589,2596
1590,2291
1591,1968
1592,1746
1593,1657
1594,1598
1595,1551
1596,1622
1597,1803
1598,2102
1599,2453
1600,2729
1601,2865
1602,3001
1603,3096
1604,2941
1605,2696
1606,2631
1607,2577
1608,2495
1609,2458
1610,2464
1611,2647
1612,2646
1613,2565
1614,2341
1615,2028
1616,1740
1617,1640
1618,1591
1619,1553
1620,1602
1621,1751
1622,2024
1623,2331
1624,2639
1625,2826
1626,2998
1627,3118
1628,2979
1629,2755
1630,2704
1631,2647
1632,2567
1633,2512
1634,2484
1635,2619
1636,2581
1637,2460
1638,2165
1639,1868
1640,1643
1641,1545
1642,1482
1643,1433
1644,1483
1645,1619
1646,1797
1647,1983
1648,2265
1649,2497
1650,2707
1651,2822
1652,2657
1653,2415
1654,2333
1655,2265
1656,2204
1657,2181
1658,2226
1659,2413
1660,2399
1661,2310
1662,2050
1663,1778
1664,1609
1665,1596
1666,1559
1667,1363
1668,1584
1669,1674
1670,1802
1671,1944
1672,2145
1673,2329
1674,2523
1675,2656
1676,2516
1677,2300
1678,2227
1679,2157
1680,2101
1681,2090
1682,2145
1683,2195
1684,2377
1685,2376
1686,2155
1687,1804
1688,1533
1689,1394
1690,1366
1691,1383
1692,1459
1693,1658
1694,1949
1695,2344
1696,2663
1697,2749
1698,2814
1699,2805
1700,2901
1701,2865
1702,2797
1703,2713
1704,2622
1705,2516
1706,2420
1707,2411
1708,2612
1709,2557
1710,2279
1711,1943
1712,1644
1713,1505
1714,1428
1715,1454
1716,1531
1717,1721
1718,2029
1719,2421
1720,2729
1721,2803
1722,2877
1723,2886
1724,2965
1725,2950
1726,2874
1727,2792
1728,2690
1729,2580
1730,2455
1731,2508
1732,2673
1733,2635
1734,2390
1735,2085
1736,1817
1737,1680
1738,1615
1739,1592
1740,1637
1741,1757
1742,2008
1743,2379
1744,2714
1745,2889
1746,3066
1747,3162
1748,2985
1749,2784
1750,2719
1751,2649
1752,2577
1753,2507
1754,2473
1755,2490
1756,2643
1757,2612
1758,2378
1759,2067
1760,1767
1761,1644
1762,1545
1763,1503
1764,1568
1765,1713
1766,1985
1767,2374
1768,2702
1769,2888
1770,3073
1771,3176
1772,2982
1773,2771
1774,2721
1775,2648
1776,2564
1777,2501
1778,2455
1779,2455
1780,2614
1781,2555
1782,2301
1783,1975
1784,1762
1785,1641
1786,1528
1787,1482
1788,1531
1789,1678
1790,1929
1791,2305
1792,2645
1793,2856
1794,3063
1795,3183
1796,3010
1797,2788
1798,2707
1799,2631
1800,2548
1801,2476
1802,2435
1803,2443
1804,2552
1805,2484
1806,2240
1807,1998
1808,1767
1809,1626
1810,1529
1811,1473
1812,1508
1813,1627
1814,1817
1815,2055
1816,2314
1817,2559
1818,2801
1819,2932
1820,2784
1821,2564
1822,2467
1823,2387
1824,2294
1825,2233
1826,2217
1827,2254
1828,2393
1829,2345
1830,2133
1831,1910
1832,1707
1833,1580
1834,1490
1835,1447
1836,1479
1837,1609
1838,1782
1839,2000
1840,2221
1841,2436
1842,2630
1843,2722
1844,2574
1845,2357
1846,2272
1847,2200
1848,2141
1849,2107
1850,2177
1851,2237
1852,2451
1853,2468
1854,2303
1855,2078
1856,1830
1857,1656
1858,1575
1859,1633
1860,1736
1861,1916
1862,2131
1863,2474
1864,2770
1865,2859
1866,2905
1867,2859
1868,2908
1869,2860
1870,2771
1871,2656
1872,2539
1873,2428
1874,2350
1875,2373
1876,2581
1877,2555
1878,2274
1879,1948
1880,1679
1881,1507
1882,1445
1883,1463
1884,1538
1885,1722
1886,2047
1887,2471
1888,2753
1889,2840
1890,2869
1891,2836
1892,2901
1893,2875
1894,2794
1895,2688
1896,2577
1897,2452
1898,2325
1899,2341
1900,2528
1901,2534
1902,2351
1903,2057
1904,1777
1905,1648
1906,1549
1907,1584
1908,1625
1909,1771
1910,2018
1911,2366
1912,2657
1913,2819
1914,2957
1915,3036
1916,2895
1917,2705
1918,2646
1919,2591
1920,2520
1921,2448
1922,2385
1923,2393
1924,2542
1925,2532
1926,2264
1927,1982
1928,1779
1929,1605
1930,1464
1931,1390
1932,1440
1933,1595
1934,1854
1935,2240
1936,2563
1937,2753
1938,2904
1939,3013
1940,2875
1941,2675
1942,2632
1943,2568
1944,2491
1945,2436
1946,2374
1947,2380
1948,2528
1949,2506
1950,2225
1951,1890
1952,1636
1953,1534
1954,1448
1955,1414
1956,1460
1957,1613
1958,1888
1959,2274
1960,2594
1961,2797
1962,2962
1963,3052
1964,2883
1965,2651
1966,2576
1967,2520
1968,2438
1969,2373
1970,2320
1971,2315
1972,2470
1973,2430
1974,2174
1975,1893
1976,1666
1977,1542
1978,1444
1979,1401
1980,1453
1981,1589
1982,1793
1983,2013
1984,2251
1985,2515
1986,2746
1987,2852
1988,2685
1989,2457
1990,2381
1991,2310
1992,2241
1993,2207
1994,2189
1995,2213
1996,2363
1997,2325
1998,2088
1999,1833
2000,1643
2001,1540
2002,1417
2003,1386
2004,1432
2005,1548
2006,1711
2007,1911
2008,2133
2009,2365
2010,2554
2011,2666
2012,2527
2013,2356
2014,2303
2015,2231
2016,2180
2017,2179
2018,2220
2019,2227
2020,2388
2021,2362
2022,2099
2023,1795
2024,1555
2025,1404
2026,1337
2027,1368
2028,1462
2029,1658
2030,1958
2031,2357
2032,2654
2033,2763
2034,2823
2035,2812
2036,2885
2037,2863
2038,2778
2039,2674
2040,2572
2041,2467
2042,2385
2043,2367
2044,2554
2045,2517
2046,2223
2047,1885
2048,1609
2049,1467
2050,1396
2051,1422
2052,1506
2053,1691
2054,1980
2055,2365
2056,2651
2057,2762
2058,2829
2059,2833
2060,2907
2061,2915
2062,2858
2063,2765
2064,2664
2065,2553
2066,2433
2067,2442
2068,2596
2069,2542
2070,2270
2071,1942
2072,1689
2073,1613
2074,1529
2075,1491
2076,1539
2077,1703
2078,1971
2079,2331
2080,2641
2081,2828
2082,2982
2083,3075
2084,2909
2085,2694
2086,2635
2087,2571
2088,2501
2089,2441
2090,2409
2091,2410
2092,2538
2093,2518
2094,2266
2095,1961
2096,1753
2097,1633
2098,1551
2099,1504
2100,1553
2101,1712
2102,1987
2103,2327
2104,2627
2105,2825
2106,3011
2107,3118
2108,2948
2109,2757
2110,2715
2111,2651
2112,2560
2113,2508
2114,2439
2115,2433
2116,2574
2117,2535
2118,2275
2119,1953
2120,1695
2121,1613
2122,1538
2123,1496
2124,1549
2125,1704
2126,1927
2127,2237
2128,2564
2129,2801
2130,2988
2131,3102
2132,2920
2133,2712
2134,2671
2135,2604
2136,2525
2137,2469
2138,2402
2139,2384
2140,2489
2141,2476
2142,2232
2143,1966
2144,1751
2145,1629
2146,1516
2147,1460
2148,1492
2149,1615
2150,1798
2151,1996
2152,2238
2153,2492
2154,2732
2155,2858
2156,2701
2157,2511
2158,2453
2159,2378
2160,2283
2161,2251
2162,2208
2163,2225
2164,2359
2165,2339
2166,2107
2167,1860
2168,1697
2169,1597
2170,1516
2171,1465
2172,1497
2173,1607
2174,1773
2175,1925
2176,2123
2177,2365
2178,2524
2179,2601
2180,2434
2181,2244
2182,2167
2183,2114
2184,2062
2185,2050
2186,2105
2187,2118
2188,2297
2189,2327
2190,2108
2191,1852
2192,1590
2193,1467
2194,1391
2195,1451
2196,1561
2197,1758
2198,2044
2199,2393
2200,2646
2201,2758
2202,2840
2203,2841
2204,2894
2205,2891
2206,2817
2207,2722
2208,2627
2209,2527
2210,2436
2211,2391
2212,2547
2213,2518
2214,2232
2215,1902
2216,1614
2217,1471
2218,1400
2219,1459
2220,1543
2221,1724
2222,1984
2223,2299
2224,2588
2225,2716
2226,2809
2227,2823
2228,2902
2229,2917
2230,2851
2231,2773
2232,2685
2233,2578
2234,2437
2235,2427
2236,2548
2237,2521
2238,2258
2239,1940
2240,1705
2241,1609
2242,1534
2243,1491
2244,1550
2245,1702
2246,1954
2247,2274
2248,2577
2249,2829
2250,3023
2251,3137
2252,2964
2253,2755
2254,2706
2255,2638
2256,2561
2257,2506
2258,2454
2259,2429
2260,2557
2261,2549
2262,2284
2263,1979
2264,1767
2265,1684
2266,1597
2267,1537
2268,1591
2269,1760
2270,2014
2271,2313
2272,2632
2273,2869
2274,3041
2275,3133
2276,2950
2277,2721
2278,2661
2279,2589
2280,2505
2281,2453
2282,2385
2283,2379
2284,2502
2285,2501
2286,2268
2287,1974
2288,1765
2289,1683
2290,1591
2291,1557
2292,1606
2293,1773
2294,2041
2295,2354
2296,2595
2297,2828
2298,2976
2299,3038
2300,2853
2301,2610
2302,2531
2303,2458
2304,2370
2305,2333
2306,2289
2307,2274
2308,2392
2309,2396
2310,2178
2311,1918
2312,1699
2313,1585
2314,1495
2315,1476
2316,1501
2317,1650
2318,1846
2319,2037
2320,2256
2321,2495
2322,2692
2323,2798
2324,2656
2325,2442
2326,2369
2327,2306
2328,2242
2329,2218
2330,2203
2331,2206
2332,2338
2333,2363
2334,2135
2335,1879
2336,1655
2337,1526
2338,1448
2339,1393
2340,1422
2341,1536
2342,1698
2343,1879
2344,2084
2345,2337
2346,2521
2347,2592
2348,2483
2349,2303
2350,2257
2351,2205
2352,2152
2353,2137
2354,2154
2355,2133
2356,2277
2357,2296
2358,2058
2359,1790
2360,1542
2361,1432
2362,1380
2363,1420
2364,1512
2365,1699
2366,1971
2367,2281
2368,2561
2369,2739
2370,2856
2371,2885
2372,2992
2373,3010
2374,2966
2375,2883
2376,2795
2377,2680
2378,2573
2379,2486
2380,2594
2381,2632
2382,2414
2383,2119
2384,1872
2385,1785
2386,1740
2387,1749
2388,1818
2389,1996
2390,2240
2391,2451
2392,2643
2393,2771
2394,2901
2395,2924
2396,3013
2397,3012
2398,2967
2399,2868
2400,2754
2401,2657
2402,2520
2403,2498
2404,2597
2405,2564
2406,2285
2407,1961
2408,1697
2409,1615
2410,1553
2411,1518
2412,1562
2413,1733
2414,1976
2415,2274
2416,2597
2417,2838
2418,3023
2419,3125
2420,2963
2421,2743
2422,2666
2423,2578
2424,2482
2425,2422
2426,2374
2427,2378
2428,2501
2429,2506
2430,2258
2431,1988
2432,1760
2433,1656
2434,1564
2435,1517
2436,1553
2437,1702
2438,1969
2439,2305
2440,2575
2441,2827
2442,3015
2443,3106
2444,2929
2445,2683
2446,2595
2447,2528
2448,2458
2449,2424
2450,2395
2451,2409
2452,2551
2453,2522
2454,2294
2455,2010
2456,1742
2457,1634
2458,1588
2459,1664
2460,1800
2461,1925
2462,2135
2463,2368
2464,2574
2465,2797
2466,2982
2467,3092
2468,2936
2469,2720
2470,2647
2471,2571
2472,2487
2473,2409
2474,2355
2475,2343
2476,2441
2477,2470
2478,2312
2479,2116
2480,1924
2481,1767
2482,1681
2483,1637
2484,1626
2485,1750
2486,1907
2487,2013
2488,2271
2489,2533
2490,2718
2491,2818
2492,2632
2493,2394
2494,2273
2495,2195
2496,2123
2497,2084
2498,2069
2499,2101
2500,2237
2501,2276
2502,2060
2503,1828
2504,1658
2505,1577
2506,1512
2507,1462
2508,1494
2509,1593
2510,1751
2511,1898
2512,2133
2513,2408
2514,2606
2515,2700
2516,2526
2517,2277
2518,2211
2519,2153
2520,2099
2521,2099
2522,2139
2523,2142
2524,2278
2525,2279
2526,2047
2527,1769
2528,1529
2529,1393
2530,1344
2531,1387
2532,1488
2533,1661
2534,1964
2535,2266
2536,2560
2537,2699
2538,2784
2539,2795
2540,2870
2541,2886
2542,2829
2543,2767
2544,2715
2545,2628
2546,2532
2547,2456
2548,2570
2549,2554
2550,2271
2551,1933
2552,1652
2553,1511
2554,1448
2555,1458
2556,1547
2557,1711
2558,1998
2559,2297
2560,2607
2561,2761
2562,2872
2563,2923
2564,3030
2565,3042
2566,2992
2567,2921
2568,2850
2569,2743
2570,2587
2571,2542
2572,2613
2573,2618
2574,2345
2575,2028
2576,1789
2577,1650
2578,1575
2579,1526
2580,1572
2581,1717
2582,1964
2583,2252
2584,2573
2585,2847
2586,3053
2587,3214
2588,3079
2589,2891
2590,2885
2591,2831
2592,2766
2593,2716
2594,2655
2595,2589
2596,2636
2597,2639
2598,2374
2599,2063
2600,1800
2601,1705
2602,1598
2603,1553
2604,1604
2605,1751
2606,2011
2607,2295
2608,2625
2609,2878
2610,3094
2611,3245
2612,3121
2613,2950
2614,2950
2615,2912
2616,2870
2617,2841
2618,2768
2619,2685
2620,2717
2621,2713
2622,2459
2623,2138
2624,1870
2625,1741
2626,1629
2627,1563
2628,1589
2629,1736
2630,1986
2631,2277
2632,2595
2633,2893
2634,3161
2635,3361
2636,3289
2637,3160
2638,3171
2639,3163
2640,3141
2641,3103
2642,3019
2643,2915
2644,2859
2645,2803
2646,2554
2647,2251
2648,1987
2649,1825
2650,1699
2651,1610
2652,1630
2653,1730
2654,1888
2655,2026
2656,2310
2657,2649
2658,2949
2659,3156
2660,3096
2661,2971
2662,2993
2663,2995
2664,2993
2665,2992
2666,2942
2667,2878
2668,2849
2669,2781
2670,2526
2671,2214
2672,1951
2673,1809
2674,1705
2675,1615
2676,1627
2677,1716
2678,1861
2679,1969
2680,2224
2681,2541
2682,2815
2683,3020
2684,2955
2685,2841
2686,2853
2687,2870
2688,2870
2689,2871
2690,2901
2691,2812
2692,2802
2693,2756
2694,2543
2695,2286
2696,1984
2697,1718
2698,1597
2699,1594
2700,1646
2701,1818
2702,2100
2703,2383
2704,2686
2705,2867
2706,3012
2707,3064
2708,3173
2709,3204
2710,3170
2711,3098
2712,3003
2713,2897
2714,2766
2715,2655
2716,2683
2717,2672
2718,2429
2719,2116
2720,1780
2721,1554
2722,1506
2723,1527
2724,1589
2725,1728
2726,1999
2727,2287
2728,2584
2729,2751
2730,2872
2731,2936
2732,3029
2733,3082
2734,3059
2735,3002
2736,2924
2737,2819
2738,2649
2739,2596
2740,2661
2741,2673
2742,2399
2743,2062
2744,1795
2745,1667
2746,1595
2747,1559
2748,1582
2749,1718
2750,1992
2751,2284
2752,2631
2753,2917
2754,3141
2755,3262
2756,3144
2757,2981
2758,2965
2759,2907
2760,2836
2761,2767
2762,2671
2763,2631
2764,2678
2765,2650
2766,2367
2767,2037
2768,1802
2769,1699
2770,1607
2771,1554
2772,1584
2773,1752
2774,2000
2775,2275
2776,2601
2777,2871
2778,3071
2779,3197
2780,3032
2781,2802
2782,2765
2783,2679
2784,2604
2785,2550
2786,2487
2787,2438
2788,2517
2789,2605
2790,2415
2791,2109
2792,1843
2793,1790
2794,1842
2795,1858
2796,1870
2797,1958
2798,2129
2799,2281
2800,2582
2801,2856
2802,3065
2803,3202
2804,3032
2805,2824
2806,2796
2807,2744
2808,2676
2809,2637
2810,2570
2811,2503
2812,2528
2813,2577
2814,2362
2815,2111
2816,1874
2817,1728
2818,1616
2819,1556
2820,1581
2821,1703
2822,1877
2823,2033
2824,2308
2825,2624
2826,2884
2827,3045
2828,2909
2829,2729
2830,2674
2831,2622
2832,2577
2833,2578
2834,2547
2835,2524
2836,2528
2837,2524
2838,2299
2839,2034
2840,1803
2841,1696
2842,1599
2843,1531
2844,1554
2845,1660
2846,1801
2847,1923
2848,2160
2849,2466
2850,2723
2851,2857
2852,2754
2853,2594
2854,2593
2855,2586
2856,2574
2857,2576
2858,2615
2859,2564
2860,2583
2861,2569
2862,2306
2863,1982
2864,1696
2865,1546
2866,1505
2867,1519
2868,1590
2869,1770
2870,2089
2871,2352
2872,2633
2873,2841
2874,2989
2875,3080
2876,3210
2877,3265
2878,3258
2879,3204
2880,3141
2881,3031
2882,2919
2883,2803
2884,2817
2885,2827
2886,2594
2887,2284
2888,2015
2889,1913
2890,1843
2891,1855
2892,1851
2893,1931
2894,2144
2895,2400
2896,2709
2897,2883
2898,3008
2899,3052
2900,3150
2901,3167
2902,3123
2903,3042
2904,2943
2905,2823
2906,2650
2907,2619
2908,2658
2909,2664
2910,2424
2911,2118
2912,1910
2913,1850
2914,1755
2915,1738
2916,1775
2917,1856
2918,2067
2919,2327
2920,2658
2921,2947
2922,3172
2923,3323
2924,3140
2925,2906
2926,2871
2927,2814
2928,2732
2929,2681
2930,2628
2931,2586
2932,2634
2933,2645
2934,2397
2935,2080
2936,1830
2937,1727
2938,1662
2939,1613
2940,1654
2941,1843
2942,2172
2943,2388
2944,2640
2945,2910
2946,3117
2947,3231
2948,3077
2949,2887
2950,2865
2951,2819
2952,2764
2953,2727
2954,2667
2955,2621
2956,2648
2957,2669
2958,2419
2959,2117
2960,1886
2961,1760
2962,1654
2963,1628
2964,1676
2965,1794
2966,2029
2967,2300
2968,2635
2969,2908
2970,3118
2971,3227
2972,3075
2973,2873
2974,2861
2975,2825
2976,2778
2977,2719
2978,2638
2979,2575
2980,2579
2981,2609
2982,2402
2983,2141
2984,1906
2985,1769
2986,1657
2987,1613
2988,1641
2989,1747
2990,1914
2991,2065
2992,2326
2993,2615
2994,2840
2995,2979
2996,2832
2997,2656
2998,2627
2999,2598
3000,2559
3001,2546
3002,2511
3003,2483
3004,2472
3005,2484
3006,2266
3007,2035
3008,1825
3009,1709
3010,1623
3011,1556
3012,1587
3013,1686
3014,1832
3015,1951
3016,2198
3017,2493
3018,2751
3019,2923
3020,2790
3021,2605
3022,2587
3023,2573
3024,2554
3025,2553
3026,2586
3027,2544
3028,2557
3029,2576
3030,2319
3031,1998
3032,1723
3033,1569
3034,1501
3035,1531
3036,1620
3037,1781
3038,2050
3039,2338
3040,2678
3041,2887
3042,3049
3043,3130
3044,3280
3045,3360
3046,3340
3047,3298
3048,3249
3049,3179
3050,3058
3051,2927
3052,2887
3053,2866
3054,2567
3055,2197
3056,1876
3057,1672
3058,1595
3059,1620
3060,1689
3061,1850
3062,2108
3063,2384
3064,2712
3065,2923
3066,3084
3067,3155
3068,3292
3069,3361
3070,3382
3071,3351
3072,3316
3073,3246
3074,3087
3075,3008
3076,2938
3077,2905
3078,2620
3079,2286
3080,2005
3081,1891
3082,1765
3083,1666
3084,1681
3085,1824
3086,2050
3087,2345
3088,2711
3089,3018
3090,3304
3091,3528
3092,3458
3093,3312
3094,3342
3095,3353
3096,3341
3097,3308
3098,3226
3099,3127
3100,3032
3101,3006
3102,2722
3103,2348
3104,2049
3105,1905
3106,1784
3107,1720
3108,1745
3109,1879
3110,2092
3111,2368
3112,2719
3113,3029
3114,3306
3115,3489
3116,3366
3117,3190
3118,3204
3119,3187
3120,3141
3121,3120
3122,3032
3123,2921
3124,2869
3125,2864
3126,2600
3127,2254
3128,1961
3129,1818
3130,1747
3131,1699
3132,1731
3133,1868
3134,2089
3135,2331
3136,2677
3137,2982
3138,3245
3139,3439
3140,3316
3141,3141
3142,3164
3143,3165
3144,3144
3145,3107
3146,3032
3147,2924
3148,2840
3149,2819
3150,2572
3151,2258
3152,1999
3153,1857
3154,1744
3155,1680
3156,1707
3157,1806
3158,1968
3159,2111
3160,2398
3161,2746
3162,3019
3163,3215
3164,3090
3165,2927
3166,2929
3167,2932
3168,2908
3169,2909
3170,2885
3171,2824
3172,2744
3173,2708
3174,2495
3175,2217
3176,1969
3177,1835
3178,1737
3179,1674
3180,1687
3181,1776
3182,1901
3183,2003
3184,2275
3185,2610
3186,2887
3187,3042
3188,2934
3189,2779
3190,2789
3191,2786
3192,2780
3193,2801
3194,2829
3195,2753
3196,2695
3197,2687
3198,2460
3199,2133
3200,1836
3201,1635
3202,1602
3203,1622
3204,1707
3205,1863
3206,2112
3207,2390
3208,2736
3209,2964
3210,3134
3211,3211
3212,3364
3213,3439
3214,3444
3215,3393
3216,3343
3217,3253
3218,3129
3219,3002
3220,2925
3221,2910
3222,2623
3223,2254
3224,1927
3225,1732
3226,1671
3227,1676
3228,1737
3229,1896
3230,2148
3231,2418
3232,2742
3233,2933
3234,3111
3235,3150
3236,3296
3237,3360
3238,3375
3239,3335
3240,3294
3241,3216
3242,3049
3243,2959
3244,2885
3245,2890
3246,2637
3247,2289
3248,1995
3249,1861
3250,1765
3251,1710
3252,1733
3253,1877
3254,2085
3255,2365
3256,2715
3257,3020
3258,3282
3259,3498
3260,3436
3261,3295
3262,3344
3263,3375
3264,3372
3265,3363
3266,3300
3267,3204
3268,3084
3269,3047
3270,2764
3271,2401
3272,2089
3273,1944
3274,1840
3275,1771
3276,1793
3277,1931
3278,2147
3279,2418
3280,2759
3281,3058
3282,3335
3283,3542
3284,3452
3285,3297
3286,3332
3287,3314
3288,3283
3289,3238
3290,3138
3291,3024
3292,2918
3293,2888
3294,2646
3295,2315
3296,2019
3297,1869
3298,1799
3299,1740
3300,1779
3301,1927
3302,2131
3303,2376
3304,2698
3305,2989
3306,3240
3307,3404
3308,3269
3309,3052
3310,3026
3311,3025
3312,2977
3313,2933
3314,2867
3315,2771
3316,2712
3317,2709
3318,2517
3319,2237
3320,1980
3321,1831
3322,1735
3323,1689
3324,1702
3325,1817
3326,1965
3327,2098
3328,2386
3329,2698
3330,2976
3331,3165
3332,3055
3333,2885
3334,2889
3335,2885
3336,2884
3337,2880
3338,2847
3339,2796
3340,2732
3341,2713
3342,2503
3343,2225
3344,1994
3345,1869
3346,1751
3347,1673
3348,1707
3349,1800
3350,1923
3351,2042
3352,2287
3353,2613
3354,2915
3355,3137
3356,3062
3357,2940
3358,2993
3359,3037
3360,3075
3361,3106
3362,3145
3363,3034
3364,2904
3365,2837
3366,2593
3367,2240
3368,1925
3369,1735
3370,1679
3371,1688
3372,1757
3373,1925
3374,2180
3375,2453
3376,2788
3377,3036
3378,3254
3379,3378
3380,3559
3381,3668
3382,3702
3383,3694
3384,3681
3385,3623
3386,3490
3387,3339
3388,3215
3389,3127
3390,2823
3391,2418
3392,2073
3393,1876
3394,1788
3395,1777
3396,1838
3397,1987
3398,2230
3399,2510
3400,2853
3401,3078
3402,3254
3403,3359
3404,3520
3405,3607
3406,3634
3407,3621
3408,3587
3409,3515
3410,3335
3411,3228
3412,3099
3413,3048
3414,2793
3415,2427
3416,2110
3417,1963
3418,1865
3419,1788
3420,1806
3421,1949
3422,2157
3423,2448
3424,2802
3425,3125
3426,3378
3427,3563
3428,3440
3429,3261
3430,3271
3431,3258
3432,3221
3433,3179
3434,3084
3435,2978
3436,2877
3437,2860
3438,2650
3439,2302
3440,2034
3441,1921
3442,1807
3443,1745
3444,1767
3445,1908
3446,2131
3447,2397
3448,2761
3449,3074
3450,3314
3451,3494
3452,3354
3453,3152
3454,3155
3455,3126
3456,3081
3457,3047
3458,2957
3459,2868
3460,2787
3461,2809
3462,2589
3463,2272
3464,2000
3465,1877
3466,1818
3467,1746
3468,1775
3469,1912
3470,2119
3471,2373
3472,2678
3473,2985
3474,3210
3475,3346
3476,3178
3477,2954
3478,2912
3479,2828
3480,2730
3481,2646
3482,2545
3483,2480
3484,2451
3485,2487
3486,2319
3487,2070
3488,1852
3489,1751
3490,1656
3491,1610
3492,1637
3493,1756
3494,1902
3495,2026
3496,2301
3497,2604
3498,2803
3499,2938
3500,2764
3501,2561
3502,2502
3503,2443
3504,2387
3505,2359
3506,2335
3507,2300
3508,2293
3509,2335
3510,2184
3511,1959
3512,1790
3513,1731
3514,1640
3515,1607
3516,1624
3517,1713
3518,1842
3519,1936
3520,2173
3521,2479
3522,2696
3523,2812
3524,2665
3525,2474
3526,2466
3527,2419
3528,2384
3529,2394
3530,2440
3531,2390
3532,2363
3533,2381
3534,2215
3535,1971
3536,1750
3537,1611
3538,1553
3539,1570
3540,1642
3541,1775
3542,1950
3543,2093
3544,2310
3545,2513
3546,2669
3547,2751
3548,2882
3549,2956
3550,2917
3551,2880
3552,2850
3553,2803
3554,2744
3555,2669
3556,2611
3557,2610
3558,2441
3559,2138
3560,1855
3561,1709
3562,1635
3563,1662
3564,1709
3565,1904
3566,2134
3567,2393
3568,2694
3569,2923
3570,3087
3571,3156
3572,3305
3573,3362
3574,3379
3575,3366
3576,3333
3577,3257
3578,3098
3579,3010
3580,2917
3581,2894
3582,2692
3583,2348
3584,2071
3585,1917
3586,1817
3587,1772
3588,1839
3589,1970
3590,2161
3591,2376
3592,2725
3593,2996
3594,3268
3595,3467
3596,3383
3597,3256
3598,3289
3599,3306
3600,3306
3601,3307
3602,3235
3603,3143
3604,3001
3605,2965
3606,2754
3607,2419
3608,2137
3609,1984
3610,1864
3611,1791
3612,1814
3613,1950
3614,2162
3615,2430
3616,2788
3617,3123
3618,3406
3619,3654
3620,3603
3621,3505
3622,3605
3623,3671
3624,3704
3625,3703
3626,3638
3627,3531
3628,3382
3629,3321
3630,3111
3631,2780
3632,2494
3633,2351
3634,2131
3635,1955
3636,1964
3637,2100
3638,2284
3639,2532
3640,2871
3641,3235
3642,3572
3643,3834
3644,3796
3645,3690
3646,3769
3647,3812
3648,3807
3649,3763
3650,3640
3651,3487
3652,3297
3653,3183
3654,2950
3655,2636
3656,2355
3657,2188
3658,2046
3659,1947
3660,1945
3661,2012
3662,2130
3663,2288
3664,2555
3665,2906
3666,3238
3667,3421
3668,3330
3669,3160
3670,3162
3671,3161
3672,3150
3673,3150
3674,3091
3675,3006
3676,2881
3677,2859
3678,2727
3679,2523
3680,2369
3681,2273
3682,2167
3683,2079
3684,2043
3685,2023
3686,2054
3687,2109
3688,2338
3689,2667
3690,2980
3691,3172
3692,3090
3693,2933
3694,2936
3695,2919
3696,2906
3697,2933
3698,2964
3699,2877
3700,2794
3701,2778
3702,2610
3703,2300
3704,2004
3705,1812
3706,1728
3707,1715
3708,1791
3709,1963
3710,2231
3711,2508
3712,2814
3713,3010
3714,3195
3715,3265
3716,3380
3717,3416
3718,3393
3719,3335
3720,3257
3721,3160
3722,3011
3723,2887
3724,2815
3725,2789
3726,2573
3727,2263
3728,1993
3729,1834
3730,1745
3731,1755
3732,1815
3733,1970
3734,2214
3735,2447
3736,2752
3737,2945
3738,3100
3739,3133
3740,3215
3741,3242
3742,3252
3743,3166
3744,3115
3745,3020
3746,2866
3747,2751
3748,2679
3749,2706
3750,2520
3751,2205
3752,1981
3753,1909
3754,1846
3755,1811
3756,1852
3757,1979
3758,2164
3759,2356
3760,2663
3761,2945
3762,3218
3763,3375
3764,3253
3765,3064
3766,3076
3767,3080
3768,3051
3769,3036
3770,2962
3771,2900
3772,2808
3773,2785
3774,2594
3775,2309
3776,2077
3777,1971
3778,1857
3779,1809
3780,1826
3781,1958
3782,2130
3783,2343
3784,2689
3785,3026
3786,3312
3787,3510
3788,3413
3789,3251
3790,3289
3791,3302
3792,3289
3793,3271
3794,3193
3795,3105
3796,2984
3797,2983
3798,2843
3799,2582
3800,2345
3801,2176
3802,1995
3803,1885
3804,1887
3805,2054
3806,2183
3807,2374
3808,2722
3809,3055
3810,3345
3811,3533
3812,3413
3813,3240
3814,3247
3815,3230
3816,3204
3817,3170
3818,3072
3819,2974
3820,2861
3821,2798
3822,2654
3823,2404
3824,2196
3825,2040
3826,1979
3827,1889
3828,1895
3829,1979
3830,2088
3831,2210
3832,2428
3833,2742
3834,3028
3835,3188
3836,3068
3837,2882
3838,2852
3839,2817
3840,2797
3841,2795
3842,2759
3843,2702
3844,2618
3845,2631
3846,2525
3847,2348
3848,2182
3849,2133
3850,2064
3851,2046
3852,2056
3853,2099
3854,2110
3855,2097
3856,2307
3857,2572
3858,2833
3859,3001
3860,2914
3861,2774
3862,2792
3863,2820
3864,2847
3865,2901
3866,2961
3867,2894
3868,2817
3869,2756
3870,2564
3871,2277
3872,2021
3873,1879
3874,1794
3875,1792
3876,1913
3877,2069
3878,2271
3879,2463
3880,2732
3881,2982
3882,3198
3883,3331
3884,3517
3885,3612
3886,3676
3887,3698
3888,3680
3889,3628
3890,3515
3891,3376
3892,3245
3893,3167
3894,2947
3895,2610
3896,2343
3897,2190
3898,2110
3899,2072
3900,2119
3901,2223
3902,2422
3903,2603
3904,2854
3905,3077
3906,3268
3907,3405
3908,3606
3909,3710
3910,3767
3911,3783
3912,3770
3913,3717
3914,3534
3915,3433
3916,3272
3917,3180
3918,2951
3919,2621
3920,2398
3921,2199
3922,2092
3923,2012
3924,2022
3925,2154
3926,2310
3927,2502
3928,2817
3929,3130
3930,3440
3931,3658
3932,3555
3933,3414
3934,3470
3935,3500
3936,3509
3937,3488
3938,3421
3939,3304
3940,3152
3941,3054
3942,2834
3943,2506
3944,2231
3945,2068
3946,1930
3947,1863
3948,1879
3949,2001
3950,2197
3951,2422
3952,2749
3953,3083
3954,3377
3955,3556
3956,3490
3957,3348
3958,3397
3959,3428
3960,3421
3961,3402
3962,3318
3963,3220
3964,3090
3965,3009
3966,2791
3967,2456
3968,2170
3969,2056
3970,1935
3971,1858
3972,1995
3973,2202
3974,2369
3975,2533
3976,2735
3977,3038
3978,3324
3979,3497
3980,3400
3981,3255
3982,3290
3983,3314
3984,3311
3985,3305
3986,3234
3987,3151
3988,3026
3989,2959
3990,2763
3991,2480
3992,2245
3993,2075
3994,1939
3995,1920
3996,1949
3997,2043
3998,2152
3999,2286
4000,2562
4001,2893
4002,3230
4003,3447
4004,3396
4005,3282
4006,3314
4007,3350
4008,3380
4009,3395
4010,3350
4011,3275
4012,3138
4013,3071
4014,2884
4015,2588
4016,2321
4017,2167
4018,2014
4019,1903
4020,1891
4021,1986
4022,2076
4023,2184
4024,2458
4025,2816
4026,3171
4027,3417
4028,3365
4029,3269
4030,3339
4031,3403
4032,3433
4033,3453
4034,3474
4035,3351
4036,3185
4037,3016
4038,2741
4039,2427
4040,2145
4041,1953
4042,1866
4043,1867
4044,1945
4045,2105
4046,2343
4047,2578
4048,2890
4049,3160
4050,3373
4051,3509
4052,3703
4053,3805
4054,3857
4055,3866
4056,3824
4057,3741
4058,3595
4059,3412
4060,3241
4061,3105
4062,2853
4063,2481
4064,2189
4065,2026
4066,1912
4067,1897
4068,1938
4069,2074
4070,2307
4071,2528
4072,2808
4073,3054
4074,3250
4075,3326
4076,3516
4077,3600
4078,3639
4079,3663
4080,3650
4081,3582
4082,3424
4083,3350
4084,3202
4085,3123
4086,2931
4087,2595
4088,2320
4089,2147
4090,2032
4091,1927
4092,1928
4093,2043
4094,2219
4095,2411
4096,2734
4097,3096
4098,3402
4099,3639
4100,3597
4101,3495
4102,3575
4103,3641
4104,3667
4105,3677
4106,3617
4107,3515
4108,3335
4109,3199
4110,2937
4111,2593
4112,2299
4113,2132
4114,1997
4115,1908
4116,1942
4117,2042
4118,2231
4119,2450
4120,2778
4121,3104
4122,3403
4123,3593
4124,3521
4125,3384
4126,3427
4127,3444
4128,3434
4129,3416
4130,3331
4131,3229
4132,3080
4133,2994
4134,2776
4135,2467
4136,2212
4137,2077
4138,1945
4139,1877
4140,1892
4141,2010
4142,2160
4143,2368
4144,2696
4145,3029
4146,3304
4147,3471
4148,3406
4149,3275
4150,3253
4151,3260
4152,3238
4153,3206
4154,3126
4155,3013
4156,2873
4157,2815
4158,2633
4159,2394
4160,2167
4161,2048
4162,1930
4163,1840
4164,1852
4165,1939
4166,2062
4167,2190
4168,2436
4169,2723
4170,2968
4171,3153
4172,3069
4173,2939
4174,2934
4175,2915
4176,2895
4177,2892
4178,2859
4179,2816
4180,2694
4181,2658
4182,2510
4183,2269
4184,2075
4185,1952
4186,1821
4187,1766
4188,1790
4189,1862
4190,1961
4191,2065
4192,2299
4193,2580
4194,2852
4195,3031
4196,2932
4197,2802
4198,2819
4199,2831
4200,2837
4201,2861
4202,2904
4203,2827
4204,2732
4205,2680
4206,2532
4207,2268
4208,1977
4209,1791
4210,1707
4211,1748
4212,1830
4213,1950
4214,2177
4215,2373
4216,2672
4217,2907
4218,3099
4219,3185
4220,3343
4221,3393
4222,3421
4223,3413
4224,3377
4225,3312
4226,3201
4227,3071
4228,2951
4229,2868
4230,2668
4231,2342
4232,2037
4233,1853
4234,1779
4235,1794
4236,1858
4237,1979
4238,2195
4239,2389
4240,2690
4241,2919
4242,3116
4243,3220
4244,3372
4245,3442
4246,3484
4247,3491
4248,3476
4249,3429
4250,3266
4251,3179
4252,3041
4253,2967
4254,2759
4255,2441
4256,2187
4257,2051
4258,1925
4259,1864
4260,1907
4261,2029
4262,2210
4263,2414
4264,2717
4265,3069
4266,3381
4267,3571
4268,3528
4269,3425
4270,3489
4271,3536
4272,3557
4273,3556
4274,3485
4275,3384
4276,3208
4277,3106
4278,2896
4279,2574
4280,2289
4281,2137
4282,1979
4283,1937
4284,1952
4285,2052
4286,2192
4287,2410
4288,2773
4289,3121
4290,3435
4291,3639
4292,3596
4293,3511
4294,3587
4295,3641
4296,3660
4297,3656
4298,3581
4299,3466
4300,3290
4301,3182
4302,2938
4303,2616
4304,2334
4305,2176
4306,2064
4307,1964
4308,1967
4309,2078
4310,2248
4311,2435
4312,2756
4313,3102
4314,3422
4315,3644
4316,3575
4317,3460
4318,3494
4319,3539
4320,3555
4321,3550
4322,3476
4323,3361
4324,3179
4325,3061
4326,2854
4327,2557
4328,2303
4329,2135
4330,2014
4331,1924
4332,1937
4333,2014
4334,2142
4335,2254
4336,2501
4337,2854
4338,3153
4339,3379
4340,3305
4341,3189
4342,3238
4343,3268
4344,3265
4345,3290
4346,3251
4347,3181
4348,3024
4349,2910
4350,2717
4351,2469
4352,2242
4353,2101
4354,1988
4355,1922
4356,1930
4357,2012
4358,2119
4359,2179
4360,2414
4361,2740
4362,3017
4363,3245
4364,3183
4365,3049
4366,3087
4367,3124
4368,3155
4369,3181
4370,3226
4371,3133
4372,3003
4373,2915
4374,2709
4375,2394
4376,2103
4377,1912
4378,1860
4379,1850
4380,1902
4381,2048
4382,2263
4383,2492
4384,2788
4385,3036
4386,3244
4387,3369
4388,3556
4389,3653
4390,3704
4391,3728
4392,3712
4393,3654
4394,3521
4395,3370
4396,3217
4397,3112
4398,2871
4399,2528
4400,2205
4401,2020
4402,1955
4403,1938
4404,1989
4405,2130
4406,2363
4407,2568
4408,2818
4409,3070
4410,3262
4411,3372
4412,3542
4413,3616
4414,3634
4415,3649
4416,3621
4417,3551
4418,3367
4419,3263
4420,3115
4421,3029
4422,2814
4423,2510
4424,2263
4425,2121
4426,1989
4427,1909
4428,1912
4429,2016
4430,2145
4431,2263
4432,2459
4433,2746
4434,3024
4435,3215
4436,3154
4437,3029
4438,3038
4439,3058
4440,3062
4441,3049
4442,2991
4443,2915
4444,2763
4445,2651
4446,2440
4447,2253
4448,2086
4449,1952
4450,1871
4451,1807
4452,1816
4453,1942
4454,2148
4455,2402
4456,2704
4457,3047
4458,3361
4459,3560
4460,3489
4461,3312
4462,3329
4463,3333
4464,3321
4465,3305
4466,3241
4467,3160
4468,3023
4469,2941
4470,2730
4471,2435
4472,2196
4473,2088
4474,1978
4475,1890
4476,1904
4477,2036
4478,2225
4479,2374
4480,2731
4481,3081
4482,3355
4483,3554
4484,3494
4485,3352
4486,3414
4487,3439
4488,3455
4489,3459
4490,3403
4491,3309
4492,3156
4493,3049
4494,2820
4495,2526
4496,2283
4497,2124
4498,1970
4499,1903
4500,1926
4501,2009
4502,2135
4503,2251
4504,2507
4505,2838
4506,3162
4507,3389
4508,3359
4509,3268
4510,3336
4511,3378
4512,3416
4513,3441
4514,3398
4515,3332
4516,3166
4517,3040
4518,2807
4519,2521
4520,2271
4521,2157
4522,2034
4523,1951
4524,1929
4525,2005
4526,2151
4527,2238
4528,2464
4529,2753
4530,3061
4531,3299
4532,3286
4533,3194
4534,3268
4535,3341
4536,3389
4537,3431
4538,3479
4539,3388
4540,3236
4541,3109
4542,2863
4543,2521
4544,2181
4545,2006
4546,1914
4547,1899
4548,1955
4549,2100
4550,2337
4551,2540
4552,2830
4553,3125
4554,3355
4555,3516
4556,3769
4557,3916
4558,4001
4559,4059
4560,4078
4561,4053
4562,3941
4563,3800
4564,3636
4565,3477
4566,3212
4567,2835
4568,2525
4569,2326
4570,2206
4571,2179
4572,2183
4573,2276
4574,2467
4575,2656
4576,2964
4577,3234
4578,3500
4579,3697
4580,3945
4581,4104
4582,4220
4583,4316
4584,4341
4585,4311
4586,4157
4587,4037
4588,3829
4589,3660
4590,3357
4591,2959
4592,2616
4593,2436
4594,2268
4595,2163
4596,2170
4597,2277
4598,2464
4599,2656
4600,3022
4601,3410
4602,3770
4603,4072
4604,4106
4605,4034
4606,4154
4607,4218
4608,4234
4609,4218
4610,4103
4611,3959
4612,3779
4613,3655
4614,3370
4615,2974
4616,2643
4617,2464
4618,2320
4619,2206
4620,2244
4621,2355
4622,2550
4623,2733
4624,3024
4625,3352
4626,3661
4627,3898
4628,3857
4629,3738
4630,3820
4631,3825
4632,3801
4633,3756
4634,3658
4635,3572
4636,3464
4637,3381
4638,3145
4639,2815
4640,2533
4641,2362
4642,2202
4643,2121
4644,2129
4645,2235
4646,2437
4647,2646
4648,2974
4649,3325
4650,3632
4651,3887
4652,3830
4653,3684
4654,3722
4655,3744
4656,3711
4657,3665
4658,3554
4659,3416
4660,3242
4661,3164
4662,2963
4663,2651
4664,2389
4665,2224
4666,2098
4667,2028
4668,2032
4669,2112
4670,2248
4671,2368
4672,2629
4673,2999
4674,3357
4675,3594
4676,3543
4677,3405
4678,3420
4679,3439
4680,3437
4681,3434
4682,3391
4683,3300
4684,3138
4685,3042
4686,2834
4687,2537
4688,2298
4689,2171
4690,2067
4691,1962
4692,1968
4693,2037
4694,2159
4695,2245
4696,2481
4697,2817
4698,3106
4699,3311
4700,3245
4701,3148
4702,3197
4703,3244
4704,3258
4705,3287
4706,3319
4707,3202
4708,3064
4709,2951
4710,2720
4711,2373
4712,2067
4713,1884
4714,1825
4715,1824
4716,1894
4717,2040
4718,2293
4719,2496
4720,2773
4721,3032
4722,3206
4723,3305
4724,3471
4725,3551
4726,3559
4727,3554
4728,3500
4729,3434
4730,3283
4731,3123
4732,2981
4733,2915
4734,2690
4735,2339
4736,2002
4737,1857
4738,1808
4739,1811
4740,1859
4741,2011
4742,2235
4743,2437
4744,2717
4745,2965
4746,3142
4747,3236
4748,3367
4749,3417
4750,3429
4751,3420
4752,3386
4753,3323
4754,3160
4755,3088
4756,2974
4757,2937
4758,2745
4759,2435
4760,2176
4761,2023
4762,1900
4763,1839
4764,1862
4765,1986
4766,2185
4767,2386
4768,2705
4769,3062
4770,3369
4771,3591
4772,3530
4773,3393
4774,3454
4775,3471
4776,3468
4777,3452
4778,3392
4779,3296
4780,3185
4781,3136
4782,2936
4783,2611
4784,2331
4785,2195
4786,2052
4787,1953
4788,1963
4789,2080
4790,2234
4791,2464
4792,2822
4793,3214
4794,3558
4795,3803
4796,3772
4797,3659
4798,3739
4799,3795
4800,3817
4801,3806
4802,3739
4803,3633
4804,3457
4805,3359
4806,3125
4807,2786
4808,2497
4809,2341
4810,2176
4811,2053
4812,2040
4813,2165
4814,2356
4815,2564
4816,2908
4817,3310
4818,3670
4819,3945
4820,3923
4821,3819
4822,3904
4823,3969
4824,3995
4825,3988
4826,3917
4827,3795
4828,3597
4829,3437
4830,3178
4831,2831
4832,2544
4833,2336
4834,2171
4835,2075
4836,2062
4837,2134
4838,2268
4839,2387
4840,2695
4841,3070
4842,3450
4843,3750
4844,3760
4845,3694
4846,3760
4847,3822
4848,3867
4849,3880
4850,3829
4851,3717
4852,3537
4853,3398
4854,3152
4855,2822
4856,2544
4857,2367
4858,2197
4859,2073
4860,2053
4861,2117
4862,2224
4863,2307
4864,2573
4865,2959
4866,3342
4867,3586
4868,3602
4869,3544
4870,3640
4871,3715
4872,3732
4873,3781
4874,3802
4875,3654
4876,3483
4877,3352
4878,3088
4879,2701
4880,2352
4881,2114
4882,1996
4883,2001
4884,2044
4885,2218
4886,2409
4887,2677
4888,2974
4889,3281
4890,3543
4891,3709
4892,3940
4893,4043
4894,4101
4895,4100
4896,4084
4897,4016
4898,3883
4899,3713
4900,3555
4901,3415
4902,3127
4903,2754
4904,2435
4905,2238
4906,2109
4907,2093
4908,2165
4909,2301
4910,2499
4911,2652
4912,2914
4913,3190
4914,3401
4915,3529
4916,3738
4917,3839
4918,3891
4919,3939
4920,3930
4921,3887
4922,3708
4923,3574
4924,3400
4925,3300
4926,3082
4927,2753
4928,2466
4929,2280
4930,2101
4931,1982
4932,2002
4933,2122
4934,2301
4935,2488
4936,2810
4937,3178
4938,3469
4939,3706
4940,3662
4941,3543
4942,3618
4943,3650
4944,3667
4945,3668
4946,3604
4947,3487
4948,3324
4949,3212
4950,2962
4951,2600
4952,2318
4953,2182
4954,2085
4955,1986
4956,1986
4957,2119
4958,2285
4959,2504
4960,2801
4961,3154
4962,3449
4963,3673
4964,3623
4965,3489
4966,3530
4967,3564
4968,3586
4969,3595
4970,3518
4971,3411
4972,3258
4973,3169
4974,2911
4975,2582
4976,2316
4977,2175
4978,2033
4979,1941
4980,1975
4981,2089
4982,2264
4983,2436
4984,2749
4985,3113
4986,3414
4987,3646
4988,3585
4989,3432
4990,3464
4991,3488
4992,3500
4993,3507
4994,3438
4995,3339
4996,3182
4997,3094
4998,2865
4999,2565
5000,2316
5001,2160
5002,2015
5003,1936
5004,1941
5005,2026
5006,2159
5007,2267
5008,2514
5009,2842
5010,3160
5011,3389
5012,3343
5013,3218
5014,3251
5015,3286
5016,3323
5017,3352
5018,3333
5019,3264
5020,3132
5021,3052
5022,2811
5023,2534
5024,2317
5025,2164
5026,2022
5027,1932
5028,1921
5029,2002
5030,2121
5031,2215
5032,2457
5033,2737
5034,3034
5035,3259
5036,3234
5037,3134
5038,3209
5039,3276
5040,3332
5041,3387
5042,3422
5043,3324
5044,3206
5045,3131
5046,2886
5047,2547
5048,2272
5049,2076
5050,1981
5051,1974
5052,2025
5053,2169
5054,2417
5055,2598
5056,2891
5057,3168
5058,3391
5059,3539
5060,3756
5061,3886
5062,3961
5063,3995
5064,3960
5065,3841
5066,3674
5067,3515
5068,3386
5069,3280
5070,3020
5071,2642
5072,2292
5073,2079
5074,1985
5075,1963
5076,1989
5077,2121
5078,2369
5079,2591
5080,2894
5081,3168
5082,3388
5083,3515
5084,3698
5085,3800
5086,3831
5087,3850
5088,3836
5089,3781
5090,3616
5091,3501
5092,3362
5093,3285
5094,3000
5095,2661
5096,2359
5097,2185
5098,2044
5099,1950
5100,1990
5101,2122
5102,2329
5103,2527
5104,2870
5105,3255
5106,3584
5107,3819
5108,3793
5109,3672
5110,3752
5111,3831
5112,3861
5113,3869
5114,3781
5115,3665
5116,3504
5117,3389
5118,3106
5119,2730
5120,2427
5121,2273
5122,2122
5123,2010
5124,2015
5125,2139
5126,2324
5127,2544
5128,2886
5129,3281
5130,3617
5131,3882
5132,3876
5133,3772
5134,3870
5135,3952
5136,3987
5137,3971
5138,3890
5139,3754
5140,3582
5141,3512
5142,3280
5143,2956
5144,2665
5145,2380
5146,2134
5147,2045
5148,2057
5149,2202
5150,2415
5151,2633
5152,2913
5153,3266
5154,3581
5155,3822
5156,3794
5157,3674
5158,3728
5159,3783
5160,3774
5161,3747
5162,3659
5163,3511
5164,3361
5165,3309
5166,3063
5167,2769
5168,2539
5169,2406
5170,2282
5171,2171
5172,2127
5173,2197
5174,2308
5175,2410
5176,2623
5177,2944
5178,3258
5179,3487
5180,3447
5181,3341
5182,3352
5183,3391
5184,3402
5185,3393
5186,3325
5187,3240
5188,3125
5189,3079
5190,2866
5191,2574
5192,2323
5193,2178
5194,2029
5195,1934
5196,1930
5197,2013
5198,2137
5199,2250
5200,2480
5201,2791
5202,3119
5203,3386
5204,3358
5205,3265
5206,3344
5207,3415
5208,3468
5209,3529
5210,3566
5211,3446
5212,3321
5213,3233
5214,2949
5215,2583
5216,2246
5217,2033
5218,1920
5219,1928
5220,1977
5221,2116
5222,2350
5223,2590
5224,2923
5225,3249
5226,3517
5227,3708
5228,3962
5229,4112
5230,4215
5231,4295
5232,4323
5233,4283
5234,4156
5235,3996
5236,3823
5237,3700
5238,3354
5239,2909
5240,2536
5241,2284
5242,2188
5243,2123
5244,2138
5245,2275
5246,2517
5247,2761
5248,3104
5249,3413
5250,3681
5251,3883
5252,4159
5253,4312
5254,4429
5255,4496
5256,4498
5257,4417
5258,4219
5259,4067
5260,3897
5261,3789
5262,3451
5263,3033
5264,2700
5265,2474
5266,2295
5267,2181
5268,2183
5269,2285
5270,2502
5271,2729
5272,3096
5273,3522
5274,3895
5275,4188
5276,4210
5277,4159
5278,4291
5279,4391
5280,4437
5281,4440
5282,4336
5283,4188
5284,3976
5285,3836
5286,3478
5287,3080
5288,2751
5289,2540
5290,2365
5291,2243
5292,2237
5293,2355
5294,2572
5295,2793
5296,3106
5297,3518
5298,3922
5299,4257
5300,4296
5301,4261
5302,4380
5303,4436
5304,4435
5305,4414
5306,4317
5307,4183
5308,3998
5309,3869
5310,3535
5311,3130
5312,2791
5313,2589
5314,2402
5315,2273
5316,2254
5317,2360
5318,2571
5319,2788
5320,3132
5321,3593
5322,3984
5323,4325
5324,4354
5325,4298
5326,4406
5327,4473
5328,4496
5329,4487
5330,4377
5331,4231
5332,4029
5333,3892
5334,3544
5335,3159
5336,2841
5337,2594
5338,2420
5339,2301
5340,2265
5341,2322
5342,2456
5343,2593
5344,2867
5345,3253
5346,3637
5347,3986
5348,4040
5349,4027
5350,4122
5351,4213
5352,4223
5353,4204
5354,4093
5355,3953
5356,3794
5357,3673
5358,3360
5359,3023
5360,2744
5361,2572
5362,2380
5363,2267
5364,2249
5365,2309
5366,2418
5367,2493
5368,2755
5369,3157
5370,3535
5371,3860
5372,3921
5373,3905
5374,4025
5375,4116
5376,4152
5377,4162
5378,4169
5379,4000
5380,3843
5381,3716
5382,3403
5383,3019
5384,2647
5385,2403
5386,2295
5387,2260
5388,2281
5389,2414
5390,2654
5391,2929
5392,3276
5393,3613
5394,3901
5395,4147
5396,4456
5397,4629
5398,4745
5399,4813
5400,4784
5401,4670
5402,4484
5403,4285
5404,4111
5405,3961
5406,3586
5407,3140
5408,2728
5409,2466
5410,2310
5411,2262
5412,2285
5413,2411
5414,2672
5415,2919
5416,3258
5417,3565
5418,3855
5419,4087
5420,4349
5421,4514
5422,4618
5423,4677
5424,4645
5425,4555
5426,4338
5427,4151
5428,3951
5429,3822
5430,3474
5431,3064
5432,2714
5433,2503
5434,2363
5435,2256
5436,2261
5437,2380
5438,2607
5439,2869
5440,3207
5441,3557
5442,3871
5443,4112
5444,4119
5445,4044
5446,4142
5447,4214
5448,4197
5449,4139
5450,4001
5451,3842
5452,3699
5453,3611
5454,3293
5455,2922
5456,2613
5457,2417
5458,2274
5459,2167
5460,2170
5461,2293
5462,2538
5463,2793
5464,3105
5465,3473
5466,3805
5467,4063
5468,4038
5469,3969
5470,4087
5471,4170
5472,4164
5473,4140
5474,4020
5475,3895
5476,3752
5477,3656
5478,3310
5479,2916
5480,2616
5481,2425
5482,2275
5483,2167
5484,2181
5485,2298
5486,2523
5487,2797
5488,3160
5489,3558
5490,3915
5491,4198
5492,4183
5493,4081
5494,4140
5495,4170
5496,4159
5497,4130
5498,4034
5499,3869
5500,3696
5501,3596
5502,3278
5503,2927
5504,2658
5505,2486
5506,2328
5507,2207
5508,2192
5509,2266
5510,2418
5511,2522
5512,2797
5513,3197
5514,3585
5515,3869
5516,3875
5517,3809
5518,3870
5519,3920
5520,3920
5521,3926
5522,3849
5523,3718
5524,3551
5525,3434
5526,3147
5527,2838
5528,2570
5529,2382
5530,2231
5531,2097
5532,2105
5533,2181
5534,2303
5535,2409
5536,2657
5537,3039
5538,3370
5539,3644
5540,3673
5541,3639
5542,3720
5543,3789
5544,3821
5545,3806
5546,3811
5547,3661
5548,3532
5549,3420
5550,3109
5551,2715
5552,2389
5553,2169
5554,2094
5555,2099
5556,2144
5557,2279
5558,2531
5559,2774
5560,3115
5561,3424
5562,3681
5563,3869
5564,4116
5565,4258
5566,4332
5567,4388
5568,4405
5569,4327
5570,4164
5571,3963
5572,3809
5573,3670
5574,3327
5575,2908
5576,2524
5577,2341
5578,2326
5579,2380
5580,2445
5581,2545
5582,2754
5583,2948
5584,3178
5585,3407
5586,3625
5587,3783
5588,3968
5589,4132
5590,4211
5591,4242
5592,4200
5593,4094
5594,3900
5595,3753
5596,3617
5597,3554
5598,3257
5599,2920
5600,2625
5601,2424
5602,2255
5603,2123
5604,2129
5605,2233
5606,2456
5607,2710
5608,3062
5609,3403
5610,3733
5611,3993
5612,3897
5613,3756
5614,3804
5615,3850
5616,3839
5617,3810
5618,3695
5619,3554
5620,3463
5621,3376
5622,3073
5623,2707
5624,2399
5625,2232
5626,2110
5627,2019
5628,2058
5629,2196
5630,2413
5631,2707
5632,3031
5633,3376
5634,3667
5635,3896
5636,3860
5637,3746
5638,3818
5639,3862
5640,3865
5641,3827
5642,3714
5643,3577
5644,3486
5645,3408
5646,3079
5647,2691
5648,2404
5649,2237
5650,2130
5651,2063
5652,2103
5653,2212
5654,2447
5655,2722
5656,3022
5657,3365
5658,3663
5659,3872
5660,3806
5661,3691
5662,3767
5663,3815
5664,3822
5665,3800
5666,3678
5667,3519
5668,3394
5669,3290
5670,2984
5671,2672
5672,2407
5673,2231
5674,2093
5675,1989
5676,1989
5677,2084
5678,2236
5679,2395
5680,2644
5681,2980
5682,3278
5683,3484
5684,3420
5685,3322
5686,3362
5687,3394
5688,3402
5689,3393
5690,3325
5691,3205
5692,3108
5693,3031
5694,2753
5695,2447
5696,2208
5697,2061
5698,1955
5699,1860
5700,1845
5701,1942
5702,2075
5703,2200
5704,2425
5705,2745
5706,3028
5707,3231
5708,3196
5709,3094
5710,3106
5711,3153
5712,3186
5713,3222
5714,3242
5715,3126
5716,3083
5717,3036
5718,2728
5719,2368
5720,2079
5721,1881
5722,1837
5723,1856
5724,1896
5725,2083
5726,2378
5727,2661
5728,2909
5729,3143
5730,3334
5731,3464
5732,3672
5733,3806
5734,3888
5735,3979
5736,4008
5737,3977
5738,3887
5739,3704
5740,3582
5741,3481
5742,3146
5743,2724
5744,2386
5745,2132
5746,2044
5747,2061
5748,2099
5749,2302
5750,2587
5751,2829
5752,3061
5753,3305
5754,3527
5755,3681
5756,3919
5757,4074
5758,4130
5759,4181
5760,4198
5761,4164
5762,3983
5763,3831
5764,3737
5765,3678
5766,3350
5767,2948
5768,2624
5769,2411
5770,2304
5771,2223
5772,2166
5773,2340
5774,2561
5775,2818
5776,3137
5777,3491
5778,3828
5779,4107
5780,4118
5781,4046
5782,4140
5783,4228
5784,4259
5785,4248
5786,4139
5787,3972
5788,3851
5789,3768
5790,3429
5791,3029
5792,2708
5793,2467
5794,2362
5795,2303
5796,2278
5797,2434
5798,2645
5799,2887
5800,3183
5801,3519
5802,3854
5803,4117
5804,4085
5805,3990
5806,4031
5807,3989
5808,3913
5809,3831
5810,3718
5811,3585
5812,3533
5813,3471
5814,3159
5815,2776
5816,2481
5817,2262
5818,2224
5819,2167
5820,2105
5821,2286
5822,2522
5823,2779
5824,3058
5825,3402
5826,3737
5827,3938
5828,3891
5829,3769
5830,3807
5831,3816
5832,3811
5833,3766
5834,3633
5835,3465
5836,3382
5837,3300
5838,3003
5839,2681
5840,2401
5841,2227
5842,2131
5843,2045
5844,2017
5845,2138
5846,2278
5847,2376
5848,2557
5849,2875
5850,3172
5851,3387
5852,3335
5853,3244
5854,3314
5855,3349
5856,3388
5857,3396
5858,3333
5859,3217
5860,3134
5861,3070
5862,2800
5863,2509
5864,2280
5865,2094
5866,2014
5867,1975
5868,2006
5869,2088
5870,2194
5871,2260
5872,2403
5873,2687
5874,2988
5875,3203
5876,3158
5877,3087
5878,3146
5879,3238
5880,3310
5881,3370
5882,3392
5883,3258
5884,3172
5885,3094
5886,2804
5887,2480
5888,2179
5889,1946
5890,1864
5891,1901
5892,1925
5893,2064
5894,2258
5895,2370
5896,2554
5897,2760
5898,3009
5899,3177
5900,3413
5901,3559
5902,3659
5903,3740
5904,3796
5905,3782
5906,3687
5907,3516
5908,3457
5909,3372
5910,3046
5911,2667
5912,2359
5913,2130
5914,2064
5915,2076
5916,2099
5917,2272
5918,2545
5919,2795
5920,3022
5921,3255
5922,3470
5923,3630
5924,3863
5925,3983
5926,4064
5927,4124
5928,4149
5929,4102
5930,3895
5931,3723
5932,3644
5933,3541
5934,3184
5935,2779
5936,2450
5937,2213
5938,2144
5939,2090
5940,2121
5941,2244
5942,2452
5943,2704
5944,2996
5945,3284
5946,3539
5947,3730
5948,3679
5949,3573
5950,3613
5951,3656
5952,3667
5953,3636
5954,3537
5955,3420
5956,3432
5957,3375
5958,3079
5959,2682
5960,2405
5961,2182
5962,2072
5963,2028
5964,2022
5965,2191
5966,2437
5967,2732
5968,3027
5969,3348
5970,3649
5971,3856
5972,3817
5973,3725
5974,3811
5975,3864
5976,3898
5977,3889
5978,3759
5979,3590
5980,3540
5981,3455
5982,3115
5983,2726
5984,2402
5985,2232
5986,2124
5987,2056
5988,2059
5989,2199
5990,2441
5991,2706
5992,3015
5993,3338
5994,3639
5995,3848
5996,3824
5997,3738
5998,3821
5999,3882
6000,3901
6001,3866
6002,3740
6003,3565
6004,3486
6005,3368
6006,3060
6007,2724
6008,2435
6009,2250
6010,2109
6011,2041
6012,2038
6013,2127
6014,2283
6015,2453
6016,2664
6017,3003
6018,3274
6019,3524
6020,3549
6021,3518
6022,3604
6023,3664
6024,3689
6025,3677
6026,3573
6027,3433
6028,3392
6029,3290
6030,2994
6031,2665
6032,2392
6033,2234
6034,2112
6035,2024
6036,2009
6037,2085
6038,2226
6039,2367
6040,2576
6041,2890
6042,3206
6043,3440
6044,3450
6045,3418
6046,3513
6047,3590
6048,3632
6049,3633
6050,3610
6051,3447
6052,3434
6053,3284
6054,2901
6055,2514
6056,2195
6057,2009
6058,1944
6059,1970
6060,2026
6061,2168
6062,2451
6063,2738
6064,3028
6065,3260
6066,3467
6067,3622
6068,3824
6069,3857
6070,3823
6071,3763
6072,3719
6073,3909
6074,3759
6075,3585
6076,3570
6077,3441
6078,3098
6079,2729
6080,2459
6081,2239
6082,2133
6083,2069
6084,2088
6085,2258
6086,2601
6087,2865
6088,3058
6089,3240
6090,3402
6091,3504
6092,3682
6093,3769
6094,3814
6095,3827
6096,3810
6097,3717
6098,3515
6099,3382
6100,3386
6101,3279
6102,2946
6103,2578
6104,2284
6105,2129
6106,2015
6107,1964
6108,1994
6109,2120
6110,2336
6111,2699
6112,3002
6113,3292
6114,3553
6115,3755
6116,3727
6117,3651
6118,3730
6119,3814
6120,3856
6121,3844
6122,3730
6123,3578
6124,3564
6125,3422
6126,3036
6127,2660
6128,2331
6129,2168
6130,2044
6131,1960
6132,1983
6133,2086
6134,2323
6135,2655
6136,2968
6137,3271
6138,3576
6139,3837
6140,3843
6141,3787
6142,3901
6143,3985
6144,4040
6145,4042
6146,3946
6147,3782
6148,3738
6149,3571
6150,3176
6151,2748
6152,2465
6153,2257
6154,2079
6155,1963
6156,1973
6157,2096
6158,2329
6159,2634
6160,2930
6161,3276
6162,3631
6163,3908
6164,3933
6165,3915
6166,4028
6167,4119
6168,4148
6169,4147
6170,4027
6171,3846
6172,3766
6173,3577
6174,3174
6175,2787
6176,2456
6177,2238
6178,2075
6179,1955
6180,1940
6181,2019
6182,2163
6183,2341
6184,2570
6185,2924
6186,3283
6187,3565
6188,3618
6189,3616
6190,3701
6191,3774
6192,3818
6193,3817
6194,3725
6195,3569
6196,3496
6197,3306
6198,2968
6199,2619
6200,2332
6201,2162
6202,2029
6203,1954
6204,1943
6205,2003
6206,2136
6207,2247
6208,2455
6209,2751
6210,3035
6211,3322
6212,3327
6213,3285
6214,3351
6215,3434
6216,3483
6217,3498
6218,3491
6219,3322
6220,3310
6221,3168
6222,2814
6223,2423
6224,2121
6225,1938
6226,1840
6227,1835
6228,1886
6229,2035
6230,2311
6231,2624
6232,2902
6233,3108
6234,3295
6235,3409
6236,3580
6237,3700
6238,3760
6239,3795
6240,3819
6241,3755
6242,3599
6243,3414
6244,3408
6245,3242
6246,2875
6247,2468
6248,2122
6249,1925
6250,1855
6251,1853
6252,1898
6253,2045
6254,2288
6255,2602
6256,2874
6257,3062
6258,3231
6259,3349
6260,3521
6261,3622
6262,3697
6263,3744
6264,3752
6265,3684
6266,3491
6267,3341
6268,3346
6269,3217
6270,2849
6271,2460
6272,2165
6273,2026
6274,1908
6275,1819
6276,1836
6277,1972
6278,2218
6279,2545
6280,2824
6281,3098
6282,3381
6283,3609
6284,3580
6285,3495
6286,3563
6287,3651
6288,3681
6289,3663
6290,3557
6291,3397
6292,3402
6293,3241
6294,2863
6295,2458
6296,2169
6297,1989
6298,1873
6299,1789
6300,1810
6301,1935
6302,2172
6303,2475
6304,2793
6305,3120
6306,3400
6307,3640
6308,3631
6309,3585
6310,3701
6311,3786
6312,3818
6313,3798
6314,3676
6315,3502
6316,3501
6317,3337
6318,2962
6319,2550
6320,2240
6321,2071
6322,1956
6323,1870
6324,1897
6325,2024
6326,2249
6327,2564
6328,2839
6329,3120
6330,3412
6331,3664
6332,3683
6333,3643
6334,3765
6335,3833
6336,3830
6337,3780
6338,3625
6339,3465
6340,3441
6341,3268
6342,2919
6343,2570
6344,2280
6345,2085
6346,1946
6347,1848
6348,1850
6349,1949
6350,2114
6351,2316
6352,2537
6353,2850
6354,3140
6355,3391
6356,3399
6357,3361
6358,3440
6359,3519
6360,3541
6361,3508
6362,3409
6363,3299
6364,3301
6365,3136
6366,2818
6367,2501
6368,2228
6369,2062
6370,1920
6371,1833
6372,1847
6373,1922
6374,2064
6375,2226
6376,2432
6377,2723
6378,3033
6379,3289
6380,3320
6381,3328
6382,3458
6383,3556
6384,3602
6385,3610
6386,3596
6387,3437
6388,3434
6389,3241
6390,2866
6391,2477
6392,2143
6393,1913
6394,1839
6395,1837
6396,1871
6397,2011
6398,2300
6399,2630
6400,2898
6401,3101
6402,3299
6403,3435
6404,3621
6405,3734
6406,3813
6407,3849
6408,3834
6409,3751
6410,3566
6411,3379
6412,3388
6413,3205
6414,2829
6415,2433
6416,2103
6417,1892
6418,1795
6419,1791
6420,1844
6421,1986
6422,2253
6423,2582
6424,2827
6425,2971
6426,3157
6427,3269
6428,3433
6429,3526
6430,3550
6431,3572
6432,3559
6433,3475
6434,3265
6435,3168
6436,3209
6437,3060
6438,2713
6439,2353
6440,2079
6441,1925
6442,1836
6443,1783
6444,1811
6445,1945
6446,2182
6447,2510
6448,2770
6449,3008
6450,3252
6451,3428
6452,3390
6453,3267
6454,3326
6455,3376
6456,3356
6457,3316
6458,3227
6459,3144
6460,3213
6461,3072
6462,2722
6463,2376
6464,2078
6465,1934
6466,1842
6467,1777
6468,1839
6469,1989
6470,2260
6471,2565
6472,2814
6473,3057
6474,3328
6475,3532
6476,3486
6477,3382
6478,3456
6479,3534
6480,3564
6481,3540
6482,3410
6483,3285
6484,3302
6485,3166
6486,2870
6487,2502
6488,2188
6489,2002
6490,1884
6491,1818
6492,1851
6493,1987
6494,2221
6495,2538
6496,2798
6497,3064
6498,3341
6499,3547
6500,3507
6501,3419
6502,3474
6503,3523
6504,3534
6505,3500
6506,3349
6507,3202
6508,3191
6509,3015
6510,2728
6511,2422
6512,2156
6513,2008
6514,1892
6515,1808
6516,1824
6517,1913
6518,2083
6519,2285
6520,2493
6521,2779
6522,3050
6523,3270
6524,3256
6525,3173
6526,3218
6527,3286
6528,3312
6529,3318
6530,3227
6531,3110
6532,3109
6533,2942
6534,2628
6535,2320
6536,2077
6537,1927
6538,1811
6539,1727
6540,1749
6541,1837
6542,2004
6543,2158
6544,2369
6545,2632
6546,2922
6547,3166
6548,3232
6549,3238
6550,3359
6551,3507
6552,3597
6553,3637
6554,3622
6555,3453
6556,3423
6557,3215
6558,2815
6559,2404
6560,2065
6561,1854
6562,1744
6563,1749
6564,1827
6565,1961
6566,2247
6567,2601
6568,2856
6569,3076
6570,3299
6571,3479
6572,3762
6573,3974
6574,4156
6575,4284
6576,4353
6577,4307
6578,4137
6579,3894
6580,3816
6581,3556
6582,3098
6583,2630
6584,2242
6585,2025
6586,1892
6587,1869
6588,1911
6589,2049
6590,2338
6591,2684
6592,2925
6593,3113
6594,3362
6595,3554
6596,3813
6597,4029
6598,4191
6599,4285
6600,4330
6601,4255
6602,4016
6603,3823
6604,3750
6605,3510
6606,3089
6607,2642
6608,2301
6609,2128
6610,1995
6611,1918
6612,1929
6613,2052
6614,2302
6615,2608
6616,2880
6617,3136
6618,3431
6619,3669
6620,3691
6621,3655
6622,3768
6623,3843
6624,3864
6625,3809
6626,3626
6627,3446
6628,3402
6629,3231
6630,2856
6631,2446
6632,2132
6633,1971
6634,1895
6635,1842
6636,1855
6637,2002
6638,2219
6639,2540
6640,2797
6641,3043
6642,3307
6643,3512
6644,3441
6645,3291
6646,3329
6647,3345
6648,3333
6649,3288
6650,3164
6651,3087
6652,3138
6653,3013
6654,2689
6655,2285
6656,2011
6657,1874
6658,1777
6659,1719
6660,1751
6661,1897
6662,2156
6663,2501
6664,2777
6665,3018
6666,3264
6667,3431
6668,3345
6669,3190
6670,3167
6671,3169
6672,3114
6673,3038
6674,2909
6675,2867
6676,2921
6677,2801
6678,2522
6679,2217
6680,1961
6681,1840
6682,1733
6683,1673
6684,1700
6685,1824
6686,1996
6687,2223
6688,2431
6689,2649
6690,2912
6691,3092
6692,3012
6693,2863
6694,2827
6695,2811
6696,2781
6697,2747
6698,2675
6699,2694
6700,2774
6701,2697
6702,2465
6703,2146
6704,1903
6705,1769
6706,1663
6707,1612
6708,1640
6709,1771
6710,1929
6711,2101
6712,2306
6713,2562
6714,2833
6715,3031
6716,2953
6717,2827
6718,2835
6719,2848
6720,2850
6721,2836
6722,2831
6723,2790
6724,2860
6725,2739
6726,2423
6727,2071
6728,1777
6729,1636
6730,1600
6731,1632
6732,1710
6733,1861
6734,2157
6735,2501
6736,2772
6737,2923
6738,3086
6739,3172
6740,3331
6741,3395
6742,3374
6743,3373
6744,3309
6745,3207
6746,3064
6747,3009
6748,3073
6749,2925
6750,2574
6751,2204
6752,1881
6753,1727
6754,1658
6755,1668
6756,1739
6757,1974
6758,2277
6759,2621
6760,2803
6761,2924
6762,3066
6763,3139
6764,3282
6765,3320
6766,3279
6767,3249
6768,3177
6769,3058
6770,2860
6771,2896
6772,2954
6773,2849
6774,2525
6775,2199
6776,1953
6777,1830
6778,1735
6779,1671
6780,1724
6781,1874
6782,2118
6783,2488
6784,2784
6785,2978
6786,3191
6787,3336
6788,3201
6789,2996
6790,2983
6791,2934
6792,2884
6793,2827
6794,2730
6795,2783
6796,2855
6797,2778
6798,2545
6799,2221
6800,1942
6801,1814
6802,1722
6803,1667
6804,1722
6805,1856
6806,2107
6807,2419
6808,2663
6809,2858
6810,3035
6811,3155
6812,3029
6813,2829
6814,2800
6815,2734
6816,2646
6817,2580
6818,2538
6819,2629
6820,2687
6821,2648
6822,2474
6823,2247
6824,2105
6825,2030
6826,2005
6827,1971
6828,1981
6829,2007
6830,2174
6831,2441
6832,2656
6833,2850
6834,3061
6835,3177
6836,3030
6837,2812
6838,2779
6839,2714
6840,2638
6841,2580
6842,2529
6843,2608
6844,2656
6845,2580
6846,2364
6847,2134
6848,1953
6849,1928
6850,1917
6851,1809
6852,1843
6853,1898
6854,2067
6855,2217
6856,2356
6857,2557
6858,2768
6859,2882
6860,2756
6861,2582
6862,2548
6863,2518
6864,2493
6865,2481
6866,2459
6867,2538
6868,2605
6869,2530
6870,2378
6871,2193
6872,2049
6873,1965
6874,1845
6875,1748
6876,1727
6877,1813
6878,1943
6879,2076
6880,2276
6881,2441
6882,2662
6883,2821
6884,2747
6885,2629
6886,2659
6887,2691
6888,2713
6889,2744
6890,2784
6891,2797
6892,2844
6893,2713
6894,2396
6895,2052
6896,1790
6897,1664
6898,1610
6899,1638
6900,1719
6901,1879
6902,2138
6903,2472
6904,2708
6905,2849
6906,2995
6907,3089
6908,3268
6909,3360
6910,3421
6911,3450
6912,3429
6913,3350
6914,3203
6915,3141
6916,3152
6917,2972
6918,2620
6919,2221
6920,1923
6921,1751
6922,1655
6923,1685
6924,1763
6925,1919
6926,2208
6927,2507
6928,2751
6929,2856
6930,3001
6931,3107
6932,3301
6933,3421
6934,3482
6935,3524
6936,3502
6937,3413
6938,3203
6939,3142
6940,3126
6941,2979
6942,2652
6943,2288
6944,2034
6945,1898
6946,1787
6947,1704
6948,1733
6949,1877
6950,2129
6951,2464
6952,2723
6953,2935
6954,3175
6955,3362
6956,3328
6957,3258
6958,3346
6959,3418
6960,3431
6961,3414
6962,3289
6963,3248
6964,3215
6965,3061
6966,2786
6967,2400
6968,2094
6969,1921
6970,1803
6971,1754
6972,1836
6973,1961
6974,2193
6975,2559
6976,2848
6977,3040
6978,3260
6979,3417
6980,3362
6981,3246
6982,3295
6983,3305
6984,3282
6985,3224
6986,3107
6987,3109
6988,3110
6989,2973
6990,2730
6991,2430
6992,2166
6993,1958
6994,1844
6995,1783
6996,1812
6997,1941
6998,2210
6999,2529
7000,2822
7001,3033
7002,3293
7003,3495
7004,3383
7005,3217
7006,3222
7007,3209
7008,3155
7009,3085
7010,2941
7011,2928
7012,2884
7013,2756
7014,2477
7015,2229
7016,1988
7017,1864
7018,1756
7019,1705
7020,1754
7021,1870
7022,2055
7023,2298
7024,2532
7025,2749
7026,2968
7027,3124
7028,2999
7029,2792
7030,2729
7031,2694
7032,2646
7033,2607
7034,2562
7035,2638
7036,2636
7037,2535
7038,2277
7039,2032
7040,1867
7041,1786
7042,1726
7043,1683
7044,1673
7045,1752
7046,1920
7047,2119
7048,2332
7049,2568
7050,2789
7051,2940
7052,2799
7053,2601
7054,2521
7055,2490
7056,2439
7057,2427
7058,2465
7059,2559
7060,2605
7061,2506
7062,2211
7063,1934
7064,1684
7065,1568
7066,1518
7067,1554
7068,1641
7069,1814
7070,2112
7071,2436
7072,2694
7073,2782
7074,2893
7075,2925
7076,3009
7077,3032
7078,3004
7079,2952
7080,2873
7081,2778
7082,2694
7083,2756
7084,2773
7085,2681
7086,2375
7087,2050
7088,1772
7089,1632
7090,1585
7091,1594
7092,1656
7093,1813
7094,2100
7095,2458
7096,2691
7097,2751
7098,2833
7099,2859
7100,2958
7101,2971
7102,2928
7103,2863
7104,2784
7105,2691
7106,2548
7107,2691
7108,2721
7109,2646
7110,2371
7111,2041
7112,1820
7113,1715
7114,1654
7115,1621
7116,1677
7117,1815
7118,2088
7119,2451
7120,2684
7121,2852
7122,3041
7123,3164
7124,3025
7125,2806
7126,2756
7127,2705
7128,2640
7129,2598
7130,2568
7131,2700
7132,2716
7133,2633
7134,2356
7135,2035
7136,1802
7137,1696
7138,1627
7139,1606
7140,1660
7141,1803
7142,2031
7143,2393
7144,2692
7145,2864
7146,3047
7147,3180
7148,3038
7149,2821
7150,2788
7151,2741
7152,2685
7153,2652
7154,2607
7155,2731
7156,2754
7157,2654
7158,2381
7159,2059
7160,1816
7161,1749
7162,1674
7163,1648
7164,1713
7165,1820
7166,2061
7167,2440
7168,2727
7169,2906
7170,3089
7171,3230
7172,3114
7173,2898
7174,2856
7175,2810
7176,2761
7177,2713
7178,2641
7179,2723
7180,2710
7181,2624
7182,2379
7183,2079
7184,1860
7185,1740
7186,1661
7187,1630
7188,1731
7189,1965
7190,2092
7191,2269
7192,2374
7193,2600
7194,2834
7195,2990
7196,2871
7197,2672
7198,2635
7199,2625
7200,2603
7201,2600
7202,2568
7203,2655
7204,2645
7205,2545
7206,2273
7207,1973
7208,1751
7209,1651
7210,1592
7211,1531
7212,1583
7213,1693
7214,1859
7215,2058
7216,2251
7217,2456
7218,2683
7219,2855
7220,2725
7221,2549
7222,2532
7223,2538
7224,2525
7225,2536
7226,2585
7227,2656
7228,2654
7229,2535
7230,2242
7231,1910
7232,1645
7233,1512
7234,1475
7235,1513
7236,1601
7237,1768
7238,2058
7239,2430
7240,2723
7241,2808
7242,2906
7243,2967
7244,3098
7245,3141
7246,3117
7247,3102
7248,3044
7249,2948
7250,2829
7251,2886
7252,2868
7253,2730
7254,2413
7255,2051
7256,1773
7257,1608
7258,1545
7259,1560
7260,1636
7261,1787
7262,2066
7263,2441
7264,2719
7265,2781
7266,2859
7267,2915
7268,3033
7269,3066
7270,3053
7271,3037
7272,2989
7273,2884
7274,2731
7275,2840
7276,2819
7277,2715
7278,2424
7279,2095
7280,1851
7281,1753
7282,1655
7283,1598
7284,1649
7285,1804
7286,2066
7287,2428
7288,2760
7289,2924
7290,3126
7291,3250
7292,3115
7293,2888
7294,2869
7295,2841
7296,2787
7297,2737
7298,2664
7299,2719
7300,2640
7301,2563
7302,2322
7303,2022
7304,1797
7305,1694
7306,1611
7307,1576
7308,1625
7309,1768
7310,2016
7311,2373
7312,2709
7313,2879
7314,3058
7315,3173
7316,3051
7317,2845
7318,2817
7319,2772
7320,2713
7321,2653
7322,2620
7323,2761
7324,2752
7325,2661
7326,2379
7327,2058
7328,1820
7329,1718
7330,1601
7331,1577
7332,1619
7333,1761
7334,2009
7335,2369
7336,2701
7337,2855
7338,3031
7339,3132
7340,3009
7341,2818
7342,2788
7343,2748
7344,2686
7345,2638
7346,2587
7347,2698
7348,2668
7349,2582
7350,2340
7351,2066
7352,1838
7353,1738
7354,1664
7355,1586
7356,1661
7357,1797
7358,1931
7359,2107
7360,2304
7361,2499
7362,2693
7363,2827
7364,2740
7365,2564
7366,2526
7367,2496
7368,2463
7369,2454
7370,2438
7371,2586
7372,2565
7373,2481
7374,2239
7375,1965
7376,1754
7377,1665
7378,1565
7379,1561
7380,1593
7381,1687
7382,1853
7383,1996
7384,2229
7385,2428
7386,2642
7387,2777
7388,2707
7389,2551
7390,2547
7391,2556
7392,2550
7393,2569
7394,2736
7395,2713
7396,2625
7397,2502
7398,2215
7399,1891
7400,1654
7401,1530
7402,1494
7403,1537
7404,1631
7405,1838
7406,2117
7407,2376
7408,2608
7409,2746
7410,2913
7411,3006
7412,3205
7413,3257
7414,3267
7415,3238
7416,3148
7417,3018
7418,3040
7419,2952
7420,2825
7421,2670
7422,2358
7423,2016
7424,1714
7425,1527
7426,1461
7427,1477
7428,1547
7429,1720
7430,2041
7431,2353
7432,2614
7433,2749
7434,2888
7435,2994
7436,3158
7437,3210
7438,3205
7439,3170
7440,3069
7441,2940
7442,2946
7443,2892
7444,2776
7445,2643
7446,2423
7447,2172
7448,1892
7449,1816
7450,1670
7451,1552
7452,1598
7453,1774
7454,2063
7455,2358
7456,2619
7457,2810
7458,3017
7459,3183
7460,3081
7461,2908
7462,2892
7463,2858
7464,2790
7465,2736
7466,2864
7467,2817
7468,2717
7469,2602
7470,2303
7471,1985
7472,1753
7473,1641
7474,1557
7475,1529
7476,1584
7477,1751
7478,1997
7479,2343
7480,2622
7481,2810
7482,2994
7483,3146
7484,2999
7485,2799
7486,2749
7487,2680
7488,2616
7489,2640
7490,2781
7491,2760
7492,2681
7493,2585
7494,2351
7495,2079
7496,1895
7497,1819
7498,1767
7499,1813
7500,1878
7501,2007
7502,2171
7503,2408
7504,2612
7505,2792
7506,2976
7507,3103
7508,2917
7509,2674
7510,2609
7511,2521
7512,2445
7513,2465
7514,2643
7515,2624
7516,2556
7517,2470
7518,2249
7519,1976
7520,1817
7521,1753
7522,1701
7523,1667
7524,1666
7525,1743
7526,1907
7527,2111
7528,2325
7529,2536
7530,2723
7531,2839
7532,2658
7533,2428
7534,2343
7535,2276
7536,2228
7537,2287
7538,2494
7539,2509
7540,2450
7541,2393
7542,2238
7543,1970
7544,1916
7545,1893
7546,1839
7547,1777
7548,1764
7549,1891
7550,1983
7551,2107
7552,2243
7553,2441
7554,2607
7555,2723
7556,2534
7557,2311
7558,2245
7559,2189
7560,2157
7561,2235
7562,2527
7563,2513
7564,2465
7565,2391
7566,2187
7567,1902
7568,1670
7569,1541
7570,1513
7571,1574
7572,1684
7573,1848
7574,2146
7575,2425
7576,2597
7577,2729
7578,2810
7579,2827
7580,2894
7581,2861
7582,2790
7583,2717
7584,2645
7585,2637
7586,2802
7587,2770
7588,2700
7589,2602
7590,2339
7591,1981
7592,1713
7593,1581
7594,1499
7595,1514
7596,1594
7597,1796
7598,2120
7599,2470
7600,2704
7601,2770
7602,2797
7603,2834
7604,2924
7605,2904
7606,2865
7607,2803
7608,2716
7609,2680
7610,2766
7611,2748
7612,2665
7613,2584
7614,2319
7615,1974
7616,1712
7617,1634
7618,1594
7619,1550
7620,1619
7621,1759
7622,2020
7623,2392
7624,2658
7625,2822
7626,2989
7627,3121
7628,2957
7629,2745
7630,2705
7631,2649
7632,2577
7633,2600
7634,2770
7635,2741
7636,2665
7637,2584
7638,2318
7639,1993
7640,1737
7641,1594
7642,1569
7643,1538
7644,1566
7645,1720
7646,1982
7647,2366
7648,2671
7649,2863
7650,3035
7651,3160
7652,2990
7653,2764
7654,2705
7655,2638
7656,2571
7657,2621
7658,2783
7659,2750
7660,2678
7661,2599
7662,2327
7663,1997
7664,1743
7665,1615
7666,1545
7667,1522
7668,1615
7669,1720
7670,1988
7671,2366
7672,2649
7673,2833
7674,3011
7675,3146
7676,2977
7677,2764
7678,2706
7679,2640
7680,2565
7681,2593
7682,2727
7683,2679
7684,2601
7685,2517
7686,2274
7687,1974
7688,1741
7689,1622
7690,1537
7691,1487
7692,1565
7693,1708
7694,1883
7695,2098
7696,2309
7697,2554
7698,2755
7699,2913
7700,2754
7701,2536
7702,2455
7703,2385
7704,2320
7705,2377
7706,2534
7707,2517
7708,2438
7709,2366
7710,2158
7711,1882
7712,1659
7713,1559
7714,1529
7715,1503
7716,1543
7717,1671
7718,1836
7719,2039
7720,2217
7721,2413
7722,2617
7723,2750
7724,2552
7725,2358
7726,2297
7727,2257
7728,2221
7729,2291
7730,2545
7731,2510
7732,2457
7733,2381
7734,2140
7735,1821
7736,1580
7737,1459
7738,1426
7739,1469
7740,1546
7741,1734
7742,2005
7743,2328
7744,2563
7745,2689
7746,2782
7747,2829
7748,2922
7749,2905
7750,2851
7751,2781
7752,2701
7753,2668
7754,2802
7755,2752
7756,2678
7757,2573
7758,2330
7759,2011
7760,1753
7761,1539
7762,1451
7763,1477
7764,1548
7765,1730
7766,2041
7767,2375
7768,2606
7769,2739
7770,2843
7771,2880
7772,2974
7773,2966
7774,2907
7775,2836
7776,2737
7777,2697
7778,2788
7779,2747
7780,2664
7781,2579
7782,2388
7783,2071
7784,1774
7785,1629
7786,1546
7787,1525
7788,1573
7789,1725
7790,1983
7791,2312
7792,2564
7793,2786
7794,2973
7795,3105
7796,2961
7797,2744
7798,2676
7799,2611
7800,2532
7801,2540
7802,2714
7803,2673
7804,2581
7805,2514
7806,2311
7807,2013
7808,1761
7809,1661
7810,1583
7811,1527
7812,1561
7813,1664
7814,1836
7815,2052
7816,2213
7817,2412
7818,2642
7819,2788
7820,2659
7821,2455
7822,2387
7823,2309
7824,2236
7825,2210
7826,2302
7827,2257
7828,2196
7829,2163
7830,2021
7831,1790
7832,1615
7833,1504
7834,1463
7835,1457
7836,1506
7837,1641
7838,1851
7839,2076
7840,2254
7841,2450
7842,2644
7843,2778
7844,2635
7845,2445
7846,2398
7847,2357
7848,2320
7849,2350
7850,2534
7851,2499
7852,2434
7853,2359
7854,2167
7855,1893
7856,1656
7857,1521
7858,1465
7859,1437
7860,1501
7861,1634
7862,1813
7863,2044
7864,2228
7865,2423
7866,2613
7867,2687
7868,2562
7869,2400
7870,2363
7871,2332
7872,2290
7873,2324
7874,2514
7875,2489
7876,2428
7877,2358
7878,2166
7879,1873
7880,1647
7881,1514
7882,1444
7883,1417
7884,1462
7885,1586
7886,1763
7887,1959
7888,2118
7889,2303
7890,2502
7891,2656
7892,2523
7893,2340
7894,2286
7895,2248
7896,2225
7897,2301
7898,2596
7899,2566
7900,2520
7901,2428
7902,2172
7903,1824
7904,1595
7905,1436
7906,1388
7907,1436
7908,1522
7909,1715
7910,2029
7911,2443
7912,2654
7913,2756
7914,2818
7915,2829
7916,2909
7917,2904
7918,2853
7919,2780
7920,2718
7921,2712
7922,2860
7923,2819
7924,2746
7925,2651
7926,2449
7927,2096
7928,1767
7929,1621
7930,1613
7931,1666
7932,1757
7933,1946
7934,2237
7935,2548
7936,2709
7937,2793
7938,2864
7939,2886
7940,2970
7941,2961
7942,2904
7943,2831
7944,2734
7945,2718
7946,2835
7947,2827
7948,2756
7949,2667
7950,2488
7951,2195
7952,1908
7953,1763
7954,1643
7955,1656
7956,1756
7957,1945
7958,2169
7959,2487
7960,2708
7961,2894
7962,3079
7963,3215
7964,3049
7965,2819
7966,2761
7967,2680
7968,2615
7969,2659
7970,2845
7971,2828
7972,2759
7973,2674
7974,2443
7975,2088
7976,1824
7977,1717
7978,1633
7979,1589
7980,1642
7981,1819
7982,2067
7983,2436
7984,2672
7985,2841
7986,3041
7987,3184
7988,3010
7989,2808
7990,2749
7991,2690
7992,2628
7993,2696
7994,2862
7995,2833
7996,2774
7997,2679
7998,2426
7999,2073
8000,1796
8001,1683
8002,1600
8003,1596
8004,1649
8005,1807
8006,2022
8007,2410
8008,2688
8009,2887
8010,3113
8011,3273
8012,3124
8013,2888
8014,2802
8015,2701
8016,2625
8017,2669
8018,2793
8019,2764
8020,2685
8021,2594
8022,2377
8023,2079
8024,1804
8025,1660
8026,1607
8027,1546
8028,1553
8029,1697
8030,1905
8031,2135
8032,2291
8033,2529
8034,2768
8035,2936
8036,2790
8037,2566
8038,2485
8039,2424
8040,2372
8041,2422
8042,2583
8043,2575
8044,2520
8045,2460
8046,2343
8047,2112
8048,1861
8049,1702
8050,1596
8051,1545
8052,1580
8053,1707
8054,1880
8055,2090
8056,2242
8057,2474
8058,2661
8059,2828
8060,2683
8061,2478
8062,2414
8063,2354
8064,2308
8065,2394
8066,2657
8067,2632
8068,2589
8069,2507
8070,2288
8071,1940
8072,1641
8073,1509
8074,1441
8075,1477
8076,1554
8077,1748
8078,2026
8079,2443
8080,2679
8081,2770
8082,2864
8083,2890
8084,2971
8085,2965
8086,2909
8087,2832
8088,2739
8089,2757
8090,2923
8091,2876
8092,2819
8093,2701
8094,2440
8095,2044
8096,1732
8097,1541
8098,1452
8099,1504
8100,1577
8101,1750
8102,2045
8103,2492
8104,2686
8105,2775
8106,2869
8107,2929
8108,3026
8109,3025
8110,2957
8111,2857
8112,2765
8113,2758
8114,2878
8115,2856
8116,2793
8117,2697
8118,2530
8119,2311
8120,2109
8121,1992
8122,1859
8123,1778
8124,1788
8125,1903
8126,2181
8127,2500
8128,2703
8129,2882
8130,3058
8131,3214
8132,3064
8133,2842
8134,2783
8135,2718
8136,2644
8137,2686
8138,2887
8139,2862
8140,2789
8141,2700
8142,2513
8143,2278
8144,2056
8145,1902
8146,1824
8147,1760
8148,1788
8149,1920
8150,2131
8151,2441
8152,2620
8153,2808
8154,2992
8155,3128
8156,2963
8157,2752
8158,2689
8159,2625
8160,2565
8161,2609
8162,2811
8163,2808
8164,2741
8165,2701
8166,2544
8167,2319
8168,2134
8169,2018
8170,1935
8171,1908
8172,1966
8173,2060
8174,2196
8175,2465
8176,2670
8177,2838
8178,3001
8179,3139
8180,2974
8181,2748
8182,2686
8183,2611
8184,2547
8185,2590
8186,2820
8187,2776
8188,2697
8189,2615
8190,2399
8191,2084
8192,1800
8193,1648
8194,1561
8195,1526
8196,1564
8197,1706
8198,1908
8199,2178
8200,2350
8201,2565
8202,2766
8203,2892
8204,2721
8205,2481
8206,2396
8207,2344
8208,2306
8209,2393
8210,2626
8211,2614
8212,2547
8213,2494
8214,2347
8215,2069
8216,1796
8217,1635
8218,1532
8219,1522
8220,1601
8221,1717
8222,1880
8223,2090
8224,2226
8225,2434
8226,2626
8227,2761
8228,2594
8229,2376
8230,2309
8231,2259
8232,2229
8233,2339
8234,2667
8235,2661
8236,2624
8237,2547
8238,2331
8239,1975
8240,1673
8241,1517
8242,1457
8243,1531
8244,1642
8245,1849
8246,2157
8247,2517
8248,2674
8249,2741
8250,2803
8251,2836
8252,2901
8253,2891
8254,2817
8255,2749
8256,2683
8257,2676
8258,2876
8259,2856
8260,2804
8261,2704
8262,2524
8263,2256
8264,1999
8265,1863
8266,1793
8267,1802
8268,1810
8269,1974
8270,2235
8271,2576
8272,2729
8273,2783
8274,2850
8275,2859
8276,2928
8277,2913
8278,2864
8279,2759
8280,2686
8281,2694
8282,2854
8283,2864
8284,2782
8285,2708
8286,2558
8287,2326
8288,2116
8289,2048
8290,1993
8291,1935
8292,1947
8293,2064
8294,2268
8295,2528
8296,2726
8297,2879
8298,3043
8299,3159
8300,2993
8301,2753
8302,2674
8303,2611
8304,2547
8305,2627
8306,2856
8307,2858
8308,2803
8309,2739
8310,2560
8311,2216
8312,1850
8313,1719
8314,1649
8315,1604
8316,1672
8317,1834
8318,2132
8319,2529
8320,2756
8321,2922
8322,3080
8323,3207
8324,3034
8325,2777
8326,2691
8327,2607
8328,2563
8329,2627
8330,2868
8331,2882
8332,2845
8333,2781
8334,2575
8335,2238
8336,1904
8337,1752
8338,1652
8339,1655
8340,1694
8341,1864
8342,2158
8343,2596
8344,2793
8345,2917
8346,3074
8347,3174
8348,3001
8349,2753
8350,2682
8351,2613
8352,2561
8353,2651
8354,2834
8355,2820
8356,2750
8357,2681
8358,2515
8359,2309
8360,2108
8361,2021
8362,1894
8363,1769
8364,1782
8365,2017
8366,2209
8367,2350
8368,2491
8369,2683
8370,2888
8371,3010
8372,2845
8373,2601
8374,2517
8375,2453
8376,2413
8377,2508
8378,2717
8379,2721
8380,2664
8381,2611
8382,2455
8383,2145
8384,1881
8385,1739
8386,1630
8387,1575
8388,1620
8389,1751
8390,1947
8391,2182
8392,2328
8393,2519
8394,2717
8395,2868
8396,2712
8397,2494
8398,2429
8399,2389
8400,2351
8401,2472
8402,2743
8403,2745
8404,2701
8405,2631
8406,2447
8407,2121
8408,1808
8409,1606
8410,1532
8411,1576
8412,1719
8413,1963
8414,2216
8415,2530
8416,2705
8417,2783
8418,2867
8419,2894
8420,2970
8421,2939
8422,2854
8423,2770
8424,2704
8425,2716
8426,2894
8427,2881
8428,2824
8429,2733
8430,2511
8431,2123
8432,1818
8433,1626
8434,1552
8435,1615
8436,1707
8437,1947
8438,2265
8439,2627
8440,2800
8441,2872
8442,2944
8443,2951
8444,3017
8445,2960
8446,2863
8447,2763
8448,2698
8449,2695
8450,2887
8451,2922
8452,2871
8453,2815
8454,2626
8455,2276
8456,1966
8457,1816
8458,1745
8459,1746
8460,1843
8461,2064
8462,2318
8463,2703
8464,2895
8465,3023
8466,3137
8467,3208
8468,3008
8469,2732
8470,2643
8471,2574
8472,2524
8473,2607
8474,2909
8475,2953
8476,2922
8477,2863
8478,2728
8479,2465
8480,2155
8481,2025
8482,1932
8483,2032
8484,2131
8485,2243
8486,2408
8487,2711
8488,2864
8489,2970
8490,3080
8491,3170
8492,2963
8493,2690
8494,2605
8495,2534
8496,2481
8497,2560
8498,2848
8499,2876
8500,2834
8501,2778
8502,2633
8503,2413
8504,2224
8505,2130
8506,2061
8507,2049
8508,2101
8509,2210
8510,2368
8511,2614
8512,2781
8513,2933
8514,3063
8515,3162
8516,2964
8517,2686
8518,2598
8519,2529
8520,2471
8521,2546
8522,2787
8523,2784
8524,2724
8525,2657
8526,2467
8527,2137
8528,1855
8529,1714
8530,1639
8531,1636
8532,1675
8533,1819
8534,2027
8535,2293
8536,2475
8537,2648
8538,2819
8539,2891
8540,2706
8541,2441
8542,2338
8543,2271
8544,2234
8545,2329
8546,2585
8547,2597
8548,2557
8549,2503
8550,2302
8551,2018
8552,1797
8553,1662
8554,1561
8555,1501
8556,1538
8557,1683
8558,1896
8559,2144
8560,2298
8561,2464
8562,2664
8563,2775
8564,2628
8565,2411
8566,2329
8567,2272
8568,2218
8569,2321
8570,2599
8571,2574
8572,2537
8573,2474
8574,2269
8575,1961
8576,1721
8577,1551
8578,1478
8579,1490
8580,1562
8581,1727
8582,1969
8583,2221
8584,2362
8585,2474
8586,2594
8587,2591
8588,2638
8589,2601
8590,2506
8591,2423
8592,2363
8593,2389
8594,2575
8595,2495
8596,2409
8597,2336
8598,2169
8599,1893
8600,1662
8601,1557
8602,1499
8603,1475
8604,1525
8605,1655
8606,1875
8607,2113
8608,2201
8609,2341
8610,2404
8611,2432
8612,2507
8613,2497
8614,2425
8615,2352
8616,2286
8617,2291
8618,2373
8619,2376
8620,2351
8621,2328
8622,2241
8623,2042
8624,1842
8625,1696
8626,1634
8627,1718
8628,1854
8629,1827
8630,1988
8631,2303
8632,2467
8633,2671
8634,2854
8635,2977
8636,2809
8637,2576
8638,2496
8639,2422
8640,2367
8641,2435
8642,2710
8643,2743
8644,2687
8645,2617
8646,2455
8647,2259
8648,1964
8649,1858
8650,1734
8651,1780
8652,1921
8653,2042
8654,2185
8655,2425
8656,2564
8657,2748
8658,2908
8659,2995
8660,2814
8661,2560
8662,2480
8663,2404
8664,2347
8665,2426
8666,2715
8667,2748
8668,2715
8669,2639
8670,2494
8671,2273
8672,2072
8673,1954
8674,1876
8675,1811
8676,1848
8677,1994
8678,2184
8679,2434
8680,2592
8681,2777
8682,2923
8683,3052
8684,2873
8685,2625
8686,2540
8687,2460
8688,2398
8689,2463
8690,2724
8691,2730
8692,2671
8693,2606
8694,2416
8695,2110
8696,1852
8697,1754
8698,1674
8699,1629
8700,1664
8701,1798
8702,2016
8703,2265
8704,2417
8705,2602
8706,2774
8707,2902
8708,2728
8709,2493
8710,2405
8711,2325
8712,2277
8713,2349
8714,2586
8715,2626
8716,2586
8717,2532
8718,2404
8719,2227
8720,2088
8721,2036
8722,2002
8723,1955
8724,1969
8725,2037
8726,2123
8727,2212
8728,2300
8729,2456
8730,2603
8731,2721
8732,2548
8733,2329
8734,2245
8735,2198
8736,2182
8737,2281
8738,2607
8739,2614
8740,2593
8741,2530
8742,2338
8743,2037
8744,1790
8745,1643
8746,1591
8747,1646
8748,1713
8749,1888
8750,2136
8751,2409
8752,2527
8753,2616
8754,2707
8755,2677
8756,2708
8757,2646
8758,2538
8759,2195
8760,2200