from_bus_agg,to_bus_agg,branch_id,r,x,b,rateA,rateB,rateC,ratio,angle,status,angmin,angmax,Pf,Qf,Pt,Qt,mu_Sf,mu_St,mu_angmin,mu_angmax,branch_device_type,interconnect
1079,3048,100933,0.0083,0.03628,0.00553,149,0,0,0,0,1,0,0,4.42,-8.41,-4.41,7.86,0,0,0,0,Line,Texas
1079,3048,100959,0.0189,0.06,0.006,300,0,0,0,0,1,0,0,64.15,5.43,-63.41,-3.72,0,0,0,0,Line,Texas
1079,3048,100926,0.01842,0.0821,0.01204,149,0,0,0,0,1,0,0,42.04,5.43,-41.73,-5.26,0,0,0,0,Line,Texas
1079,3048,100976,0.0139,0.136,0.262,647,0,0,0,0,1,0,0,227.16,-3.6,-220.39,42.08,0,0,0,0,Line,Texas
1079,3048,100988,0.00393,0.01722,0.00262,149,0,0,0,0,1,0,0,59.98,1.34,-59.84,-0.99,0,0,0,0,Line,Texas
1079,3048,100989,0.03857,0.17192,0.02521,149,0,0,0,0,1,0,0,46.87,-16.89,-45.97,18.29,0,0,0,0,Line,Texas
2096,1079,101004,0.04982,0.12179,0.01595,176.4,0,0,0,0,1,0,0,42.13,-1.25,-41.26,1.8,0,0,0,0,Line,Texas
1079,3048,101006,0.02267,0.12946,0.01945,150,0,0,0,0,1,0,0,-58.57,24.47,59.44,-21.52,0,0,0,0,Line,Texas
1079,3048,100945,0.02773,0.15837,0.0238,98,0,0,0,0,1,0,0,-13.65,-21.62,13.82,20.15,0,0,0,0,Line,Texas
1079,3048,101033,0.0091,0.089,0.171,548,0,0,0,0,1,0,0,109.89,-20.58,-108.84,12.6,0,0,0,0,Line,Texas
1079,3048,101020,0.02137,0.0952,0.01396,149,0,0,0,0,1,0,0,51.12,-12.53,-50.56,13.54,0,0,0,0,Line,Texas
2002,2101,101047,3.1e-4,0.0037,0.24573,2020,0,0,0,0,1,0,0,517.06,-54.53,-516.26,38.5,0,0,0,0,Line,Texas
2011,2127,101066,0.00995,0.0423,0.02115,251,0,0,0,0,1,0,0,-117.56,27.1,118.96,-23.37,0,0,0,0,Line,Texas
2011,2096,101067,0.01859,0.07908,0.03955,187,0,0,0,0,1,0,0,-16.57,-7.79,16.63,3.92,0,0,0,0,Line,Texas
2017,2096,101074,0.00253,0.03068,2.03836,2020,0,0,0,0,1,0,0,-279.05,-73.59,280.94,-119.79,0,0,0,0,Line,Texas
2017,2127,101075,8.9e-4,0.01081,0.71846,2020,0,0,0,0,1,0,0,212.42,-54.58,-212.04,-17.03,0,0,0,0,Line,Texas
2017,2011,101076,0.01163,0.05125,0.02386,187,0,0,0,0,1,0,0,-33.38,10.61,33.52,-12.5,0,0,0,0,Line,Texas
2021,2002,101046,9.7e-4,0.01175,0.78032,2295,0,0,0,0,1,0,0,725.68,-84.58,-720.74,63.31,0,0,0,0,Line,Texas
2021,2113,101083,0.02207,0.09391,0.04697,187,0,0,0,0,1,0,0,12.62,-2.79,-12.59,-1.9,0,0,0,0,Line,Texas
2113,2002,101093,0.0118,0.05199,0.0242,187,0,0,0,0,1,0,0,65.53,-19.93,-64.98,19.94,0,0,0,0,Line,Texas
3048,2096,101095,0.02398,0.10567,0.04919,187,0,0,0,0,1,0,0,35.95,-13.51,-35.63,9.71,0,0,0,0,Line,Texas
2002,2021,101100,0.00925,0.03935,0.01968,187,0,0,0,0,1,0,0,-50.65,14.07,50.91,-14.94,0,0,0,0,Line,Texas
2096,3048,101103,0.01411,0.08272,0.04131,251,0,0,0,0,1,0,0,-62.31,12.01,62.86,-13.11,0,0,0,0,Line,Texas
2011,2127,101116,0.0136,0.05786,0.02893,187,0,0,0,0,1,0,0,-13.19,1.52,13.22,-4.44,0,0,0,0,Line,Texas
2002,2101,101102,0.00468,0.01993,0.00997,187,0,0,0,0,1,0,0,32.75,3.03,-32.7,-3.87,0,0,0,0,Line,Texas
2054,5236,101134,8e-4,0.00971,0.64507,2020,0,0,0,0,1,0,0,424.46,-140.47,-422.93,93.72,0,0,0,0,Line,Texas
2054,2096,101057,0.02439,0.10748,0.05003,187,0,0,0,0,1,0,0,-15.05,-3.5,15.1,-1.55,0,0,0,0,Line,Texas
2054,5236,101144,0.00135,0.00792,0.00396,251,0,0,0,0,1,0,0,-68.06,0.35,68.13,-0.38,0,0,0,0,Line,Texas
2101,2054,101159,0.00307,0.01798,0.00898,251,0,0,0,0,1,0,0,-60.23,38.95,60.39,-39,0,0,0,0,Line,Texas
5361,2054,101160,0.01338,0.05896,0.02745,187,0,0,0,0,1,0,0,-54.86,8.37,55.27,-9.29,0,0,0,0,Line,Texas
2021,2113,101167,0.01763,0.075,0.03751,187,0,0,0,0,1,0,0,-24.96,0.08,25.07,-3.45,0,0,0,0,Line,Texas
2101,5083,101179,5.9e-4,0.00721,0.47876,2020,0,0,0,0,1,0,0,238.3,-35.55,-237.98,-10.34,0,0,0,0,Line,Texas
2113,2021,101082,1e-4,0.00124,0.08207,2020,0,0,0,0,1,0,0,658.66,-72.13,-658.24,68.86,0,0,0,0,Line,Texas
2113,8126,101196,5.8e-4,0.01198,0.83533,2768,0,0,0,0,1,0,0,-399.09,-130.07,400.03,61.52,0,0,0,0,Line,Texas
2127,2011,101062,0.00108,0.01307,0.86827,2020,0,0,0,0,1,0,0,-263.48,-16.93,264.2,-66.52,0,0,0,0,Line,Texas
2127,2054,101133,0.033,0.043,2.3,2020,0,0,0,0,1,0,0,256,-227.57,-232.15,21.12,0,0,0,0,Line,Texas
2127,5164,101202,0.01,0.1,3,2768,0,0,0,0,1,0,0,480.04,-77.09,-457.69,-12.6,0,0,0,0,Line,Texas
6298,3048,101227,0.02704,0.16239,0.02204,98,0,0,0,0,1,0,0,-14.57,2.3,14.63,-4.15,0,0,0,0,Line,Texas
6210,6045,101233,0.04522,0.19779,0.03012,149,0,0,0,0,1,0,0,55.4,-15.54,-53.99,18.56,0,0,0,0,Line,Texas
5394,5055,101206,0.02143,0.09374,0.01428,149,0,0,0,0,1,0,0,71.76,-11.63,-70.66,15.02,0,0,0,0,Line,Texas
2096,3048,101253,0.06611,0.16158,0.02116,98,0,0,0,0,1,0,0,30.54,-6.86,-29.92,6.26,0,0,0,0,Line,Texas
3048,5394,101304,0.0013,0.015,1.02,2020,0,0,0,0,1,0,0,-156.39,-36.29,156.69,-67.7,0,0,0,0,Line,Texas
3048,1079,101031,0.0013,0.015,1.02,2300,0,0,0,0,1,0,0,-411.33,38.06,413.52,-119.67,0,0,0,0,Line,Texas
3048,5120,101303,0.0013,0.015,1.02,2295,0,0,0,0,1,0,0,626.4,-110.72,-621.52,58.98,0,0,0,0,Line,Texas
3048,1079,101032,0.0013,0.015,1.02,2300,0,0,0,0,1,0,0,-411.33,38.06,413.52,-119.67,0,0,0,0,Line,Texas
3048,5045,101301,0.0011,0.013,0.63,2295,0,0,0,0,1,0,0,1034.14,23.74,-1022.95,42.73,0,0,0,0,Line,Texas
3048,5045,101302,0.0011,0.013,0.63,2295,0,0,0,0,1,0,0,1034.14,23.74,-1022.95,42.73,0,0,0,0,Line,Texas
5394,3048,101255,0.01656,0.0738,0.01082,149,0,0,0,0,1,0,0,-74.42,-8.71,75.33,11.63,0,0,0,0,Line,Texas
5394,3048,101269,0.03288,0.08037,0.01052,98,0,0,0,0,1,0,0,-4.53,11.65,4.58,-12.59,0,0,0,0,Line,Texas
3048,5394,101314,0.003,0.03,0.06,1000,0,0,0,0,1,0,0,198.23,-7.96,-197.12,12.57,0,0,0,0,Line,Texas
6349,3048,101326,0.03037,0.17347,0.02607,98,0,0,0,0,1,0,0,-27.9,-4.96,28.13,3.57,0,0,0,0,Line,Texas
3048,5394,101280,0.00125,0.01223,0.02354,548,0,0,0,0,1,0,0,-58.85,-23.41,58.89,21.38,0,0,0,0,Line,Texas
3048,2096,101346,0.0042,0.03003,0.05475,523,0,0,0,0,1,0,0,-204.99,43.37,206.75,-36.56,0,0,0,0,Line,Texas
3048,5394,101315,0.00152,0.0149,0.02867,548,0,0,0,0,1,0,0,-110.29,-29.9,110.48,28.7,0,0,0,0,Line,Texas
3048,5394,101371,0.01869,0.08329,0.01221,250,0,0,0,0,1,0,0,122.73,-24.76,-119.84,36.36,0,0,0,0,Line,Texas
6021,5239,101379,0.03432,0.08389,0.01098,98,0,0,0,0,1,0,0,-24.46,-11.14,24.7,10.57,0,0,0,0,Line,Texas
2096,3048,101384,0.02115,0.08773,0.01489,221,0,0,0,0,1,0,0,127.85,-25.73,-124.3,38.91,0,0,0,0,Line,Texas
6169,3048,101394,0.05936,0.14511,0.019,98,0,0,0,0,1,0,0,3.14,20.5,-2.88,-21.81,0,0,0,0,Line,Texas
6169,6298,101216,0.0221,0.13272,0.01801,98,0,0,0,0,1,0,0,13.77,4.55,-13.72,-6.16,0,0,0,0,Line,Texas
6349,3048,101340,0.07582,0.18532,0.02427,98,0,0,0,0,1,0,0,-0.65,-0.31,0.65,-2.19,0,0,0,0,Line,Texas
2096,3048,101348,0.01347,0.05936,0.02763,187,0,0,0,0,1,0,0,34.01,-6.76,-33.86,4.54,0,0,0,0,Line,Texas
3048,6349,101223,0.0278,0.12389,0.01817,250,0,0,0,0,1,0,0,95.07,-21.18,-92.47,30.92,0,0,0,0,Line,Texas
3048,5394,101218,0.01721,0.07139,0.01211,149,0,0,0,0,1,0,0,75.01,-10.64,-74.05,13.39,0,0,0,0,Line,Texas
6234,6239,101421,0.01174,0.05229,0.00767,149,0,0,0,0,1,0,0,-66.4,6.17,66.92,-4.61,0,0,0,0,Line,Texas
3048,6169,101438,0.01669,0.11926,0.21744,443,0,0,0,0,1,0,0,-37.18,-7.9,37.4,-13.53,0,0,0,0,Line,Texas
3048,4195,101410,0.006,0.06,0.115,548,0,0,0,0,1,0,0,90.97,-12.28,-90.49,4.88,0,0,0,0,Line,Texas
7406,7042,101446,0.01371,0.06107,0.00896,149,0,0,0,0,1,0,0,50.15,-32.92,-49.68,34.09,0,0,0,0,Line,Texas
7042,7406,101475,2.8e-4,0.00295,0.01006,750,0,0,0,0,1,0,0,193.67,-27.13,-193.57,27.18,0,0,0,0,Line,Texas
7042,7406,101474,2.8e-4,0.00295,0.01006,750,0,0,0,0,1,0,0,193.67,-27.13,-193.57,27.18,0,0,0,0,Line,Texas
7042,7406,101494,0.01635,0.093410000000000007,0.01404,98,0,0,0,0,1,0,0,-42.56,10.36,42.87,-9.99,0,0,0,0,Line,Texas
4195,7406,101551,0.00117,0.01146,0.02204,647,0,0,0,0,1,0,0,37.56,-34.96,-37.53,32.94,0,0,0,0,Line,Texas
4195,7406,101602,0.00409,0.03994,0.07686,647,0,0,0,0,1,0,0,-217.57,42.13,219.48,-31.66,0,0,0,0,Line,Texas
4195,7042,101492,0.01617,0.07075,0.01077,149,0,0,0,0,1,0,0,-22.48,-29.67,22.7,29.5,0,0,0,0,Line,Texas
7406,6234,101441,0.01709,0.0709,0.01203,149,0,0,0,0,1,0,0,56.72,-6.75,-56.19,7.74,0,0,0,0,Line,Texas
7406,6239,101648,0.01489,0.06176,0.01048,149,0,0,0,0,1,0,0,80.81,-8.9,-79.86,11.76,0,0,0,0,Line,Texas
6169,7406,101463,0.00611,0.05974,0.11495,647,0,0,0,0,1,0,0,-243.6,50.46,247.2,-27.35,0,0,0,0,Line,Texas
6169,4195,101458,0.02501,0.10376,0.01761,149,0,0,0,0,1,0,0,10.53,-14.08,-10.46,12.57,0,0,0,0,Line,Texas
4195,6239,101730,0.00265,0.0321,2.13231,2020,0,0,0,0,1,0,0,-401.35,-58.38,405.43,-119.73,0,0,0,0,Line,Texas
5102,5304,101732,0.00233,0.01026,0.00478,187,0,0,0,0,1,0,0,-38.82,18.18,38.86,-18.48,0,0,0,0,Line,Texas
5102,5304,101744,0.00495,0.02107,0.01054,187,0,0,0,0,1,0,0,87.45,9.86,-87.08,-9.39,0,0,0,0,Line,Texas
5361,2101,101069,0.00961,0.04237,0.01972,187,0,0,0,0,1,0,0,13.42,-32.54,-13.3,31.02,0,0,0,0,Line,Texas
5015,5164,101767,4.4e-4,0.00534,0.35461,2020,0,0,0,0,1,0,0,260.32,-42.63,-260.02,9.78,0,0,0,0,Line,Texas
5015,5479,101769,5.7e-4,0.00686,0.45585,2020,0,0,0,0,1,0,0,97.96,-48.76,-97.91,2.61,0,0,0,0,Line,Texas
5164,2101,101776,0.00523,0.02225,0.01113,187,0,0,0,0,1,0,0,73.62,-5.47,-73.34,5.55,0,0,0,0,Line,Texas
5018,5413,101782,3.4e-4,0.00695,0.48479,2768,0,0,0,0,1,0,0,698.32,-54.36,-696.69,38.19,0,0,0,0,Line,Texas
5018,5236,101780,3.7e-4,0.00753,0.52503,3146,0,0,0,0,1,0,0,-683.28,20.11,684.98,-39.02,0,0,0,0,Line,Texas
5018,5236,101781,3.7e-4,0.00753,0.52503,3146,0,0,0,0,1,0,0,-683.28,20.11,684.98,-39.02,0,0,0,0,Line,Texas
5021,5401,101787,2.9e-4,0.006,0.41836,3146,0,0,0,0,1,0,0,-1097.2,23.25,1100.62,4.61,0,0,0,0,Line,Texas
5021,5413,101788,5.6e-4,0.01139,0.79467,3146,0,0,0,0,1,0,0,-1225.89,110.72,1234.25,-22,0,0,0,0,Line,Texas
5401,5063,101807,0.00157,0.01196,0.00628,310,0,0,0,0,1,0,0,45.56,-9.86,-45.53,9.46,0,0,0,0,Line,Texas
5401,5063,101808,0.00157,0.01196,0.00628,310,0,0,0,0,1,0,0,45.56,-9.86,-45.53,9.46,0,0,0,0,Line,Texas
5322,5063,101812,0.00165,0.00966,0.00482,310,0,0,0,0,1,0,0,153.42,-19.45,-153.05,21.16,0,0,0,0,Line,Texas
5279,5451,101814,0.00477,0.02699,0.01452,251,0,0,0,0,1,0,0,83.9,-7.37,-83.57,7.76,0,0,0,0,Line,Texas
5033,5102,101820,0.00304,0.01718,0.00924,251,0,0,0,0,1,0,0,118.28,-117.95,-117.46,121.63,0,0,0,0,Line,Texas
5033,5350,101835,1.8e-4,0.00367,0.25593,2768,0,0,0,0,1,0,0,184.77,40,-184.71,-65.15,0,0,0,0,Line,Texas
5033,5384,101836,6e-5,0.00115,0.08036,3146,0,0,0,0,1,0,0,560.16,-50.5,-559.98,45.68,0,0,0,0,Line,Texas
5033,5047,101834,4e-4,0.00814,0.5676,2768,0,0,0,0,1,0,0,-887.97,101.71,891.08,-96.96,0,0,0,0,Line,Texas
5049,5304,101841,0.00598,0.03504,0.0175,251,0,0,0,0,1,0,0,3.7,-23.1,-3.67,21.51,0,0,0,0,Line,Texas
5045,5120,101848,0.00127,0.01539,1.02213,2020,0,0,0,0,1,0,0,-271.02,-120.63,271.97,25.03,0,0,0,0,Line,Texas
5047,5444,101855,1.9e-4,0.00235,0.15601,2020,0,0,0,0,1,0,0,-7.74,1.84,7.74,-17.86,0,0,0,0,Line,Texas
5047,5260,101854,7.8e-4,0.00944,0.62704,2295,0,0,0,0,1,0,0,-1133.59,132.68,1143.56,-76.41,0,0,0,0,Line,Texas
5047,5179,101853,5.4e-4,0.01097,0.76512,2768,0,0,0,0,1,0,0,-359.13,-89.14,359.82,23.98,0,0,0,0,Line,Texas
5049,8074,101865,0.00142,0.02903,2.02497,2768,0,0,0,0,1,0,0,-542.92,-91.93,546.99,-36.4,0,0,0,0,Line,Texas
5049,2113,101195,5.3e-4,0.01087,0.75821,2768,0,0,0,0,1,0,0,-607.4,-30.46,609.31,-8.86,0,0,0,0,Line,Texas
5049,5304,101863,5.9e-4,0.00713,0.47354,2295,0,0,0,0,1,0,0,828.41,-142.28,-824.39,141.87,0,0,0,0,Line,Texas
5049,5350,101864,7e-4,0.0085,0.5646,2295,0,0,0,0,1,0,0,870.38,-87.18,-865.2,91.9,0,0,0,0,Line,Texas
5055,5196,101879,3.4e-4,0.0041,0.275,2020,0,0,0,0,1,0,0,768.63,-55.9,-766.65,51.9,0,0,0,0,Line,Texas
5055,5018,101779,3.4e-4,0.00414,0.27523,2020,0,0,0,0,1,0,0,-638.55,1.11,639.92,-12.49,0,0,0,0,Line,Texas
5380,8043,101886,0.00719,0.04106,0.00617,98,0,0,0,0,1,0,0,8.52,8.14,-8.51,-8.71,0,0,0,0,Line,Texas
5063,5401,101897,5e-4,0.01016,0.70838,3146,0,0,0,0,1,0,0,-1126.22,137.67,1132.47,-83.9,0,0,0,0,Line,Texas
5063,5304,101895,7.8e-4,0.0095,0.6308,2020,0,0,0,0,1,0,0,247.15,-49.68,-246.69,-10.25,0,0,0,0,Line,Texas
5063,5015,101766,2.8e-4,0.00336,0.22327,2020,0,0,0,0,1,0,0,-308.97,209.11,309.36,-227.51,0,0,0,0,Line,Texas
2101,5102,101918,0.0043,0.03272,0.01718,310,0,0,0,0,1,0,0,67.28,-1.89,-67.09,1.59,0,0,0,0,Line,Texas
2101,5295,101919,0.00369,0.02161,0.01079,251,0,0,0,0,1,0,0,-71.25,32.35,71.48,-32.14,0,0,0,0,Line,Texas
5410,5451,101920,0.02194,0.09333,0.04668,187,0,0,0,0,1,0,0,8.29,-2.67,-8.28,-2.06,0,0,0,0,Line,Texas
5451,5137,101930,0.00866,0.03817,0.01777,187,0,0,0,0,1,0,0,22.46,-14.57,-22.4,13.03,0,0,0,0,Line,Texas
5131,5410,101933,0.0068,0.039,0.005,221,0,0,0,0,1,0,0,12.57,-9.51,-12.55,9.09,0,0,0,0,Line,Texas
5063,5479,101934,0.00219,0.01283,0.00641,251,0,0,0,0,1,0,0,-47.87,86.07,48.08,-85.53,0,0,0,0,Line,Texas
5083,5295,101938,7e-5,0.00134,0.09371,2768,0,0,0,0,1,0,0,-698.86,-109.15,699.19,105.81,0,0,0,0,Line,Texas
5083,5464,101940,2e-4,0.00237,0.15714,2020,0,0,0,0,1,0,0,280.4,88.99,-280.23,-103.29,0,0,0,0,Line,Texas
5083,5322,101939,7e-4,0.00853,0.56646,2020,0,0,0,0,1,0,0,-4.14,-40.55,4.14,-18.43,0,0,0,0,Line,Texas
5479,5063,101947,0.00527,0.02323,0.01081,187,0,0,0,0,1,0,0,-37.12,-10.21,37.2,9.43,0,0,0,0,Line,Texas
5479,5448,101946,0.00288,0.01629,0.00876,251,0,0,0,0,1,0,0,-22.52,29.01,22.56,-29.68,0,0,0,0,Line,Texas
5444,5388,101950,0.00569,0.03217,0.01731,251,0,0,0,0,1,0,0,-80.42,17.15,80.81,-16.71,0,0,0,0,Line,Texas
5102,5322,101956,0.00189,0.00834,0.00388,187,0,0,0,0,1,0,0,-60.94,94.08,61.17,-93.5,0,0,0,0,Line,Texas
5102,5350,101955,0.00277,0.0122,0.00568,187,0,0,0,0,1,0,0,-25.36,73.01,25.52,-72.92,0,0,0,0,Line,Texas
5164,5479,101963,0.00299,0.01754,0.00876,251,0,0,0,0,1,0,0,52.89,91.22,-52.58,-90.28,0,0,0,0,Line,Texas
5063,5322,101811,9.6e-4,0.00703,0.00399,310,0,0,0,0,1,0,0,159.17,-52.19,-158.91,53.68,0,0,0,0,Line,Texas
5063,5322,101810,9.6e-4,0.00703,0.00399,310,0,0,0,0,1,0,0,159.17,-52.19,-158.91,53.68,0,0,0,0,Line,Texas
5401,5317,101977,0.00529,0.04026,0.02114,310,0,0,0,0,1,0,0,-134.2,73.69,135.37,-66.93,0,0,0,0,Line,Texas
5164,5479,101980,0.00266,0.01561,0.00779,409,0,0,0,0,1,0,0,70.43,-12.03,-70.3,11.95,0,0,0,0,Line,Texas
5102,5304,101991,2.3e-4,0.00277,0.18414,2295,0,0,0,0,1,0,0,-808.7,-12.74,810.16,11.15,0,0,0,0,Line,Texas
5464,5164,102006,0.00604,0.02664,0.0124,187,0,0,0,0,1,0,0,-90.02,53.73,90.67,-52.12,0,0,0,0,Line,Texas
5102,5322,102022,0.00119,0.007,0.0035,251,0,0,0,0,1,0,0,84.53,15.28,-84.44,-15.15,0,0,0,0,Line,Texas
5063,5479,102038,0.00292,0.01288,0.00599,187,0,0,0,0,1,0,0,-23.42,32.57,23.47,-32.97,0,0,0,0,Line,Texas
5394,5239,102041,0.00988,0.05791,0.02892,251,0,0,0,0,1,0,0,98.6,-23.17,-97.62,25.9,0,0,0,0,Line,Texas
5120,5239,102045,8.7e-4,0.01049,0.69666,2020,0,0,0,0,1,0,0,324.25,-86.82,-323.37,23.12,0,0,0,0,Line,Texas
5350,5083,102046,0.0046,0.01958,0.00979,187,0,0,0,0,1,0,0,32.87,-5.24,-32.82,4.43,0,0,0,0,Line,Texas
5083,5384,102054,0.00399,0.01755,0.00817,187,0,0,0,0,1,0,0,-24.94,33.23,25,-33.78,0,0,0,0,Line,Texas
5451,5239,102057,0.01585,0.06741,0.03371,187,0,0,0,0,1,0,0,-41.55,13.26,41.84,-15.53,0,0,0,0,Line,Texas
5322,5083,102060,0.00166,0.00974,0.00486,251,0,0,0,0,1,0,0,52.73,-79.74,-52.58,80.1,0,0,0,0,Line,Texas
5322,5448,102059,0.00143,0.0084,0.0042,251,0,0,0,0,1,0,0,-91.05,32.83,91.18,-32.49,0,0,0,0,Line,Texas
5131,5410,102067,1.8e-4,0.00365,0.25434,2768,0,0,0,0,1,0,0,322.68,-67.3,-322.5,44.13,0,0,0,0,Line,Texas
5131,6107,102068,5.1e-4,0.01038,0.72429,2768,0,0,0,0,1,0,0,-466.33,-66.8,467.39,11.4,0,0,0,0,Line,Texas
5131,5279,102066,2.2e-4,0.00271,0.1803,2020,0,0,0,0,1,0,0,-77.83,97.4,77.87,-115.92,0,0,0,0,Line,Texas
5260,5413,101737,0.00846,0.03598,0.018,187,0,0,0,0,1,0,0,-21.41,2.86,21.45,-4.57,0,0,0,0,Line,Texas
5137,5451,102077,0.00114,0.01383,0.91863,2020,0,0,0,0,1,0,0,-391.2,-51.73,392.87,-24.87,0,0,0,0,Line,Texas
5137,5388,102076,2.1e-4,0.00253,0.16793,2020,0,0,0,0,1,0,0,135.4,49.03,-135.35,-66.07,0,0,0,0,Line,Texas
5137,5358,101907,0.0037,0.02168,0.01083,251,0,0,0,0,1,0,0,-50.53,31.36,50.65,-31.75,0,0,0,0,Line,Texas
5063,5102,102078,0.00187,0.00825,0.00384,310,0,0,0,0,1,0,0,7.96,122.16,-7.7,-121.39,0,0,0,0,Line,Texas
2002,5295,102082,0.00702,0.03094,0.0144,187,0,0,0,0,1,0,0,8.05,-34.92,-7.97,33.82,0,0,0,0,Line,Texas
5388,5451,102087,0.01178,0.05011,0.02506,187,0,0,0,0,1,0,0,-4.17,-7.61,4.18,5.07,0,0,0,0,Line,Texas
5102,5295,102101,0.00308,0.01312,0.00656,187,0,0,0,0,1,0,0,-52.93,6.08,53.01,-6.38,0,0,0,0,Line,Texas
5464,5322,102103,0.00222,0.00945,0.00473,187,0,0,0,0,1,0,0,50.47,0.98,-50.42,-1.23,0,0,0,0,Line,Texas
5464,5015,102104,0.00612,0.02601,0.01301,187,0,0,0,0,1,0,0,-83.79,32.97,84.28,-32.24,0,0,0,0,Line,Texas
5304,5384,102107,0.0028,0.01233,0.00574,187,0,0,0,0,1,0,0,-24.97,8.12,24.99,-8.63,0,0,0,0,Line,Texas
5260,5137,102110,0.00778,0.0343,0.01597,187,0,0,0,0,1,0,0,-43.08,-18.8,43.25,17.88,0,0,0,0,Line,Texas
5394,5413,102071,0.00905,0.05304,0.02648,251,0,0,0,0,1,0,0,94.15,-27.79,-93.31,29.97,0,0,0,0,Line,Texas
5350,5083,102130,0.00401,0.01705,0.00853,310,0,0,0,0,1,0,0,-27.64,60.74,27.82,-60.92,0,0,0,0,Line,Texas
5350,5304,102129,0.00545,0.02401,0.01118,187,0,0,0,0,1,0,0,-19.2,87.79,19.62,-87.11,0,0,0,0,Line,Texas
5131,5410,102135,0.00709,0.03019,0.0151,187,0,0,0,0,1,0,0,1.3,-16.46,-1.28,14.97,0,0,0,0,Line,Texas
5164,5204,102139,5.7e-4,0.01164,0.81214,3146,0,0,0,0,1,0,0,-1075.94,122.3,1082.52,-70.98,0,0,0,0,Line,Texas
5164,5464,102140,1.8e-4,0.00364,0.25416,2768,0,0,0,0,1,0,0,832.22,-151.35,-830.97,150.39,0,0,0,0,Line,Texas
5164,2101,102128,0.00151,0.00888,0.00443,310,0,0,0,0,1,0,0,141.45,23.92,-141.15,-22.57,0,0,0,0,Line,Texas
5388,5444,101958,0.00311,0.01823,0.0091,251,0,0,0,0,1,0,0,73.11,-9.76,-72.95,9.83,0,0,0,0,Line,Texas
5102,5083,101872,8.8e-4,0.00647,0.00367,310,0,0,0,0,1,0,0,-53.07,16.01,53.1,-16.19,0,0,0,0,Line,Texas
5102,5083,101871,8.8e-4,0.00647,0.00367,310,0,0,0,0,1,0,0,-53.07,16.01,53.1,-16.19,0,0,0,0,Line,Texas
5448,5444,102158,0.00555,0.04069,0.02305,310,0,0,0,0,1,0,0,-90.32,15.15,90.78,-14.1,0,0,0,0,Line,Texas
5448,5444,102157,0.00555,0.04069,0.02305,310,0,0,0,0,1,0,0,-90.32,15.15,90.78,-14.1,0,0,0,0,Line,Texas
5350,5384,102162,0.00769,0.03272,0.01636,187,0,0,0,0,1,0,0,38.56,-31.94,-38.37,31.06,0,0,0,0,Line,Texas
5179,8057,102167,4.5e-4,0.00923,0.64362,2768,0,0,0,0,1,0,0,81.43,-122.58,-81.36,56.2,0,0,0,0,Line,Texas
5179,8043,102166,3.9e-4,0.00798,0.55658,2768,0,0,0,0,1,0,0,-643.29,33.41,644.85,-59.47,0,0,0,0,Line,Texas
5179,5380,102165,1.8e-4,0.004,0.34742,3146,0,0,0,0,1,0,0,1300.76,-65.94,-1297.84,94.61,0,0,0,0,Line,Texas
5179,5380,102168,0.00261,0.01983,0.01041,310,0,0,0,0,1,0,0,87.13,-4.12,-86.93,4.5,0,0,0,0,Line,Texas
5164,5204,101846,0.0032,0.02431,0.01276,310,0,0,0,0,1,0,0,-178.77,48.41,179.83,-41.63,0,0,0,0,Line,Texas
5164,5204,101845,0.0032,0.02431,0.01276,310,0,0,0,0,1,0,0,-178.77,48.41,179.83,-41.63,0,0,0,0,Line,Texas
5295,5164,102180,0.00739,0.03143,0.01572,187,0,0,0,0,1,0,0,-67.2,28.08,67.59,-28.02,0,0,0,0,Line,Texas
5295,5102,102178,0.00199,0.01122,0.00604,251,0,0,0,0,1,0,0,88.04,-69.13,-87.79,69.88,0,0,0,0,Line,Texas
5384,5322,102181,7.7e-4,0.00451,0.00225,251,0,0,0,0,1,0,0,91.6,-93.73,-91.47,94.23,0,0,0,0,Line,Texas
5384,5083,102182,7.9e-4,0.00346,0.00161,409,0,0,0,0,1,0,0,117.64,-53.87,-117.51,54.25,0,0,0,0,Line,Texas
5021,5413,102186,0.01177,0.06902,0.03446,251,0,0,0,0,1,0,0,-94.61,-10.21,95.65,12.71,0,0,0,0,Line,Texas
5021,5018,102185,0.01063,0.06231,0.03111,251,0,0,0,0,1,0,0,-29.52,25,29.69,-27.18,0,0,0,0,Line,Texas
5451,5137,102188,0.00806,0.03551,0.01653,187,0,0,0,0,1,0,0,31.28,9.5,-31.2,-10.87,0,0,0,0,Line,Texas
5451,5137,102111,0.008,0.03526,0.01641,187,0,0,0,0,1,0,0,40.04,13.54,-39.9,-14.67,0,0,0,0,Line,Texas
5451,5260,102024,0.008,0.03402,0.01701,187,0,0,0,0,1,0,0,-45.68,36.76,45.95,-37.43,0,0,0,0,Line,Texas
5192,5279,102190,7.8e-4,0.00941,0.62487,2020,0,0,0,0,1,0,0,-179.44,-25.88,179.68,-36.75,0,0,0,0,Line,Texas
5448,5063,102192,0.0059,0.03459,0.01728,251,0,0,0,0,1,0,0,-44.92,-1.28,45.03,0.18,0,0,0,0,Line,Texas
5448,5033,102194,0.00205,0.01202,0.006,251,0,0,0,0,1,0,0,87.08,1.35,-86.93,-1.08,0,0,0,0,Line,Texas
5196,5204,102197,5.8e-4,0.00708,0.47032,2020,0,0,0,0,1,0,0,783.52,-76.76,-780,72,0,0,0,0,Line,Texas
5196,5055,101881,0.0075,0.04397,0.02196,251,0,0,0,0,1,0,0,-103.21,19.33,104.03,-16.76,0,0,0,0,Line,Texas
5204,5413,102211,7.5e-4,0.00906,0.60178,2020,0,0,0,0,1,0,0,-719.92,25.85,723.77,-40.69,0,0,0,0,Line,Texas
5388,5358,102217,0.00415,0.02348,0.01263,251,0,0,0,0,1,0,0,-89.57,4.99,89.9,-4.39,0,0,0,0,Line,Texas
5388,8082,102216,0.00613,0.02704,0.01259,187,0,0,0,0,1,0,0,70.86,-2.35,-70.56,2.43,0,0,0,0,Line,Texas
5384,5102,101733,0.00127,0.0072,0.00387,251,0,0,0,0,1,0,0,76.94,-29.5,-76.85,29.58,0,0,0,0,Line,Texas
5448,5033,101821,0.0022,0.00969,0.00451,187,0,0,0,0,1,0,0,-54.6,-2.56,54.67,2.38,0,0,0,0,Line,Texas
5448,5384,102221,0.00374,0.01647,0.00767,187,0,0,0,0,1,0,0,-44.86,-6.52,44.93,6.06,0,0,0,0,Line,Texas
5063,5479,102227,0.00171,0.00755,0.00351,187,0,0,0,0,1,0,0,85.41,52.53,-85.25,-52.19,0,0,0,0,Line,Texas
5063,5479,102226,0.00171,0.00755,0.00351,187,0,0,0,0,1,0,0,85.41,52.53,-85.25,-52.19,0,0,0,0,Line,Texas
5033,5380,102030,0.00883,0.03893,0.01812,187,0,0,0,0,1,0,0,35.36,42.19,-35.1,-42.93,0,0,0,0,Line,Texas
2101,5164,102029,0.00567,0.0241,0.01205,187,0,0,0,0,1,0,0,9.88,3.43,-9.87,-4.64,0,0,0,0,Line,Texas
5410,5131,101932,0.00517,0.0228,0.01061,187,0,0,0,0,1,0,0,1.01,6.83,-1.01,-7.9,0,0,0,0,Line,Texas
5295,5304,102237,0.00243,0.01424,0.00711,251,0,0,0,0,1,0,0,68.88,30.23,-68.75,-30.2,0,0,0,0,Line,Texas
5384,5380,102032,0.005,0.03803,0.01997,310,0,0,0,0,1,0,0,-89.89,12.7,90.29,-11.66,0,0,0,0,Line,Texas
5063,5322,102247,0.00634,0.02792,0.013,187,0,0,0,0,1,0,0,-16.74,3.72,16.76,-5,0,0,0,0,Line,Texas
5063,5479,102250,0.00532,0.02343,0.01091,187,0,0,0,0,1,0,0,53.69,-57.26,-53.37,57.49,0,0,0,0,Line,Texas
5236,5394,102257,0.00122,0.01485,0.98624,2020,0,0,0,0,1,0,0,-684.2,-72.59,689.81,38.54,0,0,0,0,Line,Texas
5239,6210,102261,0.00119,0.01447,0.96116,2020,0,0,0,0,1,0,0,-283.58,-41.93,284.48,-50.25,0,0,0,0,Line,Texas
5063,5021,102264,0.00707,0.04143,0.02069,251,0,0,0,0,1,0,0,-145.28,16.52,146.76,-9.98,0,0,0,0,Line,Texas
5102,5479,102267,0.00345,0.01469,0.00734,187,0,0,0,0,1,0,0,-65.43,-72.18,65.74,72.75,0,0,0,0,Line,Texas
5102,5015,102266,0.00731,0.03219,0.01498,251,0,0,0,0,1,0,0,-120.66,41.38,121.82,-37.84,0,0,0,0,Line,Texas
5015,5063,102269,0.0019,0.01112,0.00555,251,0,0,0,0,1,0,0,-130.65,4.51,130.96,-3.23,0,0,0,0,Line,Texas
5083,5102,102281,0.00133,0.00585,0.00272,187,0,0,0,0,1,0,0,-60.26,-75.2,60.37,75.43,0,0,0,0,Line,Texas
5260,5045,101849,5e-4,0.00603,0.40075,2295,0,0,0,0,1,0,0,-1438.36,85.26,1448.51,-4.16,0,0,0,0,Line,Texas
5410,5279,102311,0.00759,0.03346,0.01557,187,0,0,0,0,1,0,0,-13.11,5.21,13.13,-6.76,0,0,0,0,Line,Texas
5464,5479,102313,0.00649,0.02763,0.01382,187,0,0,0,0,1,0,0,-28.9,-10.14,28.96,8.92,0,0,0,0,Line,Texas
5384,5448,102015,0.00268,0.01516,0.00815,251,0,0,0,0,1,0,0,8.64,34.68,-8.6,-35.31,0,0,0,0,Line,Texas
8082,5380,102317,0.01075,0.063,0.03146,251,0,0,0,0,1,0,0,89.51,-10.75,-88.64,12.71,0,0,0,0,Line,Texas
2101,5464,101969,0.0038,0.01676,0.0078,187,0,0,0,0,1,0,0,-9.23,-54.45,9.34,54.16,0,0,0,0,Line,Texas
5279,5358,102326,7.4e-4,0.00901,0.5983,2020,0,0,0,0,1,0,0,-96.8,7.4,96.88,-69.09,0,0,0,0,Line,Texas
5045,5260,102026,0.018,0.078,0.012,150,0,0,0,0,1,0,0,48.19,-18.63,-47.73,19.39,0,0,0,0,Line,Texas
5045,5239,102246,0.01945,0.08572,0.0399,187,0,0,0,0,1,0,0,15.85,-12.11,-15.78,8.27,0,0,0,0,Line,Texas
5388,5260,102118,0.00545,0.03196,0.01596,251,0,0,0,0,1,0,0,-74.66,-6.95,74.96,7.09,0,0,0,0,Line,Texas
5479,5021,102332,0.00267,0.01563,0.0078,409,0,0,0,0,1,0,0,-206.78,70.51,208.02,-64.03,0,0,0,0,Line,Texas
5304,5083,101750,0.00175,0.00769,0.00358,187,0,0,0,0,1,0,0,24.25,-86.78,-24.12,87.01,0,0,0,0,Line,Texas
5295,5444,102349,6.9e-4,0.01404,0.97894,2768,0,0,0,0,1,0,0,-420.06,44.84,421.29,-121.24,0,0,0,0,Line,Texas
5304,5295,102348,1.1e-4,0.00134,0.08928,2020,0,0,0,0,1,0,0,-419.18,-163.11,419.4,156.4,0,0,0,0,Line,Texas
5102,5464,102353,0.00111,0.00847,0.00445,310,0,0,0,0,1,0,0,-143.71,-23.78,143.93,25.05,0,0,0,0,Line,Texas
5102,5464,102352,0.00111,0.00847,0.00445,310,0,0,0,0,1,0,0,-143.71,-23.78,143.93,25.05,0,0,0,0,Line,Texas
5479,5063,102357,0.00162,0.00712,0.00331,409,0,0,0,0,1,0,0,104.7,70.23,-104.45,-69.5,0,0,0,0,Line,Texas
5102,5083,101751,0.0016,0.00704,0.00328,187,0,0,0,0,1,0,0,14.35,-8.81,-14.35,8.48,0,0,0,0,Line,Texas
5384,5350,102131,0.00144,0.00846,0.00422,409,0,0,0,0,1,0,0,118.46,-19.8,-118.26,20.5,0,0,0,0,Line,Texas
5317,5260,102296,4e-5,8.8e-4,0.07608,4352,0,0,0,0,1,0,0,-2458.3,237.27,2460.67,-192.79,0,0,0,0,Line,Texas
5322,5063,101896,2.6e-4,0.00314,0.20858,2295,0,0,0,0,1,0,0,-855.61,122.11,857.48,-121.23,0,0,0,0,Line,Texas
5322,5384,102374,3.1e-4,0.00376,0.24969,2020,0,0,0,0,1,0,0,302.76,40.61,-302.47,-63.15,0,0,0,0,Line,Texas
5384,5033,101824,0.00188,0.00829,0.00386,187,0,0,0,0,1,0,0,-86.8,-53.28,86.99,53.73,0,0,0,0,Line,Texas
5015,5164,101964,0.00371,0.02175,0.01086,251,0,0,0,0,1,0,0,-108.72,-54.79,109.25,56.77,0,0,0,0,Line,Texas
5448,5444,102219,0.00352,0.02679,0.01407,310,0,0,0,0,1,0,0,-63.79,15.47,63.94,-15.71,0,0,0,0,Line,Texas
5394,5120,102387,0.01111,0.06511,0.03251,251,0,0,0,0,1,0,0,67.56,-16.83,-67.05,16.43,0,0,0,0,Line,Texas
5350,5304,102099,0.00105,0.00797,0.00418,310,0,0,0,0,1,0,0,167.47,-9.54,-167.18,11.31,0,0,0,0,Line,Texas
5350,5304,102097,0.00105,0.00797,0.00418,310,0,0,0,0,1,0,0,167.47,-9.54,-167.18,11.31,0,0,0,0,Line,Texas
5350,5304,102098,0.00105,0.00797,0.00418,310,0,0,0,0,1,0,0,167.47,-9.54,-167.18,11.31,0,0,0,0,Line,Texas
5196,5204,102043,0.01103,0.04691,0.02346,187,0,0,0,0,1,0,0,46.11,-15.87,-45.86,14.58,0,0,0,0,Line,Texas
5083,5033,102395,0.00437,0.02559,0.01278,251,0,0,0,0,1,0,0,-78.02,42.49,78.36,-41.85,0,0,0,0,Line,Texas
5083,5063,102080,0.00178,0.00785,0.00365,310,0,0,0,0,1,0,0,-9.22,-56.4,9.28,56.25,0,0,0,0,Line,Texas
5350,5464,102417,5.3e-4,0.00645,0.4286,2020,0,0,0,0,1,0,0,-74.07,-39.96,74.1,-3.96,0,0,0,0,Line,Texas
5350,5448,102416,6.1e-4,0.00734,0.48762,2020,0,0,0,0,1,0,0,-121.89,-61.89,121.98,12.57,0,0,0,0,Line,Texas
5358,5179,102164,5.3e-4,0.01093,0.76232,3146,0,0,0,0,1,0,0,1282.62,-12.83,-1274.27,105.57,0,0,0,0,Line,Texas
5361,5015,101768,4.4e-4,0.0053,0.3546,4352,0,0,0,0,1,0,0,1823.44,-190.98,-1808.89,330.05,0,0,0,0,Line,Texas
5361,5204,102210,1.1e-4,0.00234,0.16342,2768,0,0,0,0,1,0,0,-632.71,-14.71,633.15,7.35,0,0,0,0,Line,Texas
5322,5083,102405,0.0018600000000000001,0.00821,0.00382,187,0,0,0,0,1,0,0,63.6,-51.82,-63.48,51.95,0,0,0,0,Line,Texas
5479,5021,102407,0.00103,0.00605,0.00302,251,0,0,0,0,1,0,0,-14.87,-155.29,15.11,156.39,0,0,0,0,Line,Texas
5448,5322,102376,0.00121,0.00887,0.00503,310,0,0,0,0,1,0,0,-116.32,8.97,116.48,-8.33,0,0,0,0,Line,Texas
5448,5322,102377,0.00121,0.00887,0.00503,310,0,0,0,0,1,0,0,-116.32,8.97,116.48,-8.33,0,0,0,0,Line,Texas
5380,5384,102448,2.6e-4,0.0059,0.51266,3146,0,0,0,0,1,0,0,1144.24,32.75,-1140.98,-12.01,0,0,0,0,Line,Texas
5384,5102,101992,3.9e-4,0.0047,0.31216,2020,0,0,0,0,1,0,0,163.28,-8.9,-163.18,-22.22,0,0,0,0,Line,Texas
5083,5304,101756,0.00106,0.00803,0.00422,310,0,0,0,0,1,0,0,-103.48,91.38,103.67,-90.38,0,0,0,0,Line,Texas
5083,5304,101755,0.00106,0.00803,0.00422,310,0,0,0,0,1,0,0,-103.48,91.38,103.67,-90.38,0,0,0,0,Line,Texas
5083,5350,102424,0.001,0.00567,0.00305,251,0,0,0,0,1,0,0,113.68,59.55,-113.53,-58.99,0,0,0,0,Line,Texas
5063,5015,102453,0.00362,0.01597,0.00743,187,0,0,0,0,1,0,0,-26.59,10.13,26.62,-10.76,0,0,0,0,Line,Texas
5388,5317,102364,0.00128,0.01548,1.02824,2020,0,0,0,0,1,0,0,82.21,-4.85,-82.1,-100.26,0,0,0,0,Line,Texas
5388,8067,102456,6.2e-4,0.01267,0.8835,2768,0,0,0,0,1,0,0,-300.04,15.74,300.6,-96.12,0,0,0,0,Line,Texas
5401,5317,102365,5e-5,0.00111,0.09678,3146,0,0,0,0,1,0,0,-1171.44,100.74,1172.12,-95.74,0,0,0,0,Line,Texas
5401,5317,102366,5e-5,0.00111,0.09678,3146,0,0,0,0,1,0,0,-1171.44,100.74,1172.12,-95.74,0,0,0,0,Line,Texas
5410,5451,102476,4e-4,0.0049,0.32555,2020,0,0,0,0,1,0,0,-10.92,-39.43,10.92,4.99,0,0,0,0,Line,Texas
5413,5045,101850,5.5e-4,0.00672,0.4467,2020,0,0,0,0,1,0,0,-693.35,-45.62,695.94,31.37,0,0,0,0,Line,Texas
5444,5448,102386,0.00478,0.03636,0.01909,310,0,0,0,0,1,0,0,105.88,-11.67,-105.34,13.87,0,0,0,0,Line,Texas
5444,5448,102385,0.00478,0.03636,0.01909,310,0,0,0,0,1,0,0,105.88,-11.67,-105.34,13.87,0,0,0,0,Line,Texas
5015,5479,102333,0.00544,0.024,0.01117,187,0,0,0,0,1,0,0,-84.75,4.91,85.13,-4.35,0,0,0,0,Line,Texas
5196,5021,102488,0.00343,0.02608,0.01369,310,0,0,0,0,1,0,0,84.62,-37.35,-84.33,38.13,0,0,0,0,Line,Texas
5380,5444,102290,0.0037,0.02813,0.01477,310,0,0,0,0,1,0,0,100.29,7.08,-99.92,-5.77,0,0,0,0,Line,Texas
5063,5021,102410,7e-4,0.00512,0.0029,310,0,0,0,0,1,0,0,-117.88,-93.21,118.03,94.01,0,0,0,0,Line,Texas
5063,5021,102411,7e-4,0.00512,0.0029,310,0,0,0,0,1,0,0,-117.88,-93.21,118.03,94.01,0,0,0,0,Line,Texas
5448,5479,102494,3.9e-4,0.00471,0.31303,2020,0,0,0,0,1,0,0,-703.08,159.53,705.05,-168.07,0,0,0,0,Line,Texas
5448,5322,102375,1.4e-4,0.00164,0.10912,2020,0,0,0,0,1,0,0,-172.77,-105.71,172.82,94.99,0,0,0,0,Line,Texas
5295,2002,101197,0.00519,0.02933,0.01578,251,0,0,0,0,1,0,0,-40.49,13.46,40.59,-14.5,0,0,0,0,Line,Texas
5451,5239,102260,6.5e-4,0.00791,0.52569,2020,0,0,0,0,1,0,0,-625.49,-21.67,627.88,-5.11,0,0,0,0,Line,Texas
5317,5444,101961,0.00849,0.03611,0.01806,187,0,0,0,0,1,0,0,72.88,-12.38,-72.43,12.47,0,0,0,0,Line,Texas
5049,5295,102034,0.00397,0.02326,0.01161,251,0,0,0,0,1,0,0,80.68,-57.31,-80.3,58.31,0,0,0,0,Line,Texas
5322,5464,102105,0.00259,0.01144,0.00532,187,0,0,0,0,1,0,0,14.98,67.63,-14.86,-67.65,0,0,0,0,Line,Texas
5464,5102,101993,2.8e-4,0.00339,0.22498,2020,0,0,0,0,1,0,0,354.67,-38.09,-354.33,18.95,0,0,0,0,Line,Texas
5137,5451,102303,0.01229,0.05415,0.02521,187,0,0,0,0,1,0,0,-7.5,17.28,7.55,-19.67,0,0,0,0,Line,Texas
5401,5444,101962,0.00472,0.02665,0.01434,251,0,0,0,0,1,0,0,-69.49,24.94,69.74,-24.97,0,0,0,0,Line,Texas
5479,5021,101789,2.1e-4,0.00435,0.30317,2768,0,0,0,0,1,0,0,-1017.12,124.67,1019.28,-111.18,0,0,0,0,Line,Texas
5479,5047,101858,0.00268,0.02037,0.0107,310,0,0,0,0,1,0,0,-105.79,12.77,106.09,-11.58,0,0,0,0,Line,Texas
5479,5047,101859,0.00268,0.02037,0.0107,310,0,0,0,0,1,0,0,-105.79,12.77,106.09,-11.58,0,0,0,0,Line,Texas
5479,5047,101856,0.00268,0.02037,0.0107,310,0,0,0,0,1,0,0,-105.79,12.77,106.09,-11.58,0,0,0,0,Line,Texas
5479,5047,101857,0.00268,0.02037,0.0107,310,0,0,0,0,1,0,0,-105.79,12.77,106.09,-11.58,0,0,0,0,Line,Texas
5015,5063,102229,0.00126,0.00922,0.00522,409,0,0,0,0,1,0,0,181.55,-123.49,-180.96,127.2,0,0,0,0,Line,Texas
5015,5063,102230,0.00126,0.00922,0.00522,409,0,0,0,0,1,0,0,181.55,-123.49,-180.96,127.2,0,0,0,0,Line,Texas
6141,6056,102504,0.00258,0.01473,0.00221,250,0,0,0,0,1,0,0,-14.35,106.59,14.63,-105.22,0,0,0,0,Line,Texas
6298,6045,102509,0.00199,0.01285,0.00245,221,0,0,0,0,1,0,0,-19.38,-8.66,19.39,8.47,0,0,0,0,Line,Texas
6298,6056,102507,0.00991,0.05949,0.00807,98,0,0,0,0,1,0,0,30.64,-1.9,-30.55,1.63,0,0,0,0,Line,Texas
6298,6045,102508,0.00199,0.01285,0.00245,221,0,0,0,0,1,0,0,-19.38,-8.66,19.39,8.47,0,0,0,0,Line,Texas
6003,6107,102517,6.5e-4,0.00791,0.5258,2020,0,0,0,0,1,0,0,366.11,-52.62,-365.29,6.44,0,0,0,0,Line,Texas
6003,6101,102525,0.00772,0.04984,0.00951,221,0,0,0,0,1,0,0,-56.69,6.2,56.93,-5.65,0,0,0,0,Line,Texas
6003,6101,102524,0.00772,0.04984,0.00951,221,0,0,0,0,1,0,0,-56.69,6.2,56.93,-5.65,0,0,0,0,Line,Texas
6197,6298,102532,0.00398,0.0174,0.00265,149,0,0,0,0,1,0,0,-0.12,-17.19,0.14,16.97,0,0,0,0,Line,Texas
6197,6141,102531,0.0055,0.033,0.00448,98,0,0,0,0,1,0,0,24.27,-9,-24.23,8.77,0,0,0,0,Line,Texas
6292,6298,102534,0.02367,0.05785,0.00758,98,0,0,0,0,1,0,0,35.68,-30.66,-35.18,31.08,0,0,0,0,Line,Texas
6045,6298,102540,0.00378,0.0263,0.0043,221,0,0,0,0,1,0,0,69,37.79,-68.77,-36.64,0,0,0,0,Line,Texas
6045,6298,102539,0.00378,0.0263,0.0043,221,0,0,0,0,1,0,0,69,37.79,-68.77,-36.64,0,0,0,0,Line,Texas
6066,6056,102550,0.00233,0.01593,0.00271,221,0,0,0,0,1,0,0,95.92,-10.02,-95.7,11.2,0,0,0,0,Line,Texas
6066,6056,102549,0.00233,0.01593,0.00271,221,0,0,0,0,1,0,0,95.92,-10.02,-95.7,11.2,0,0,0,0,Line,Texas
6066,6056,102548,0.00233,0.01593,0.00271,221,0,0,0,0,1,0,0,95.92,-10.02,-95.7,11.2,0,0,0,0,Line,Texas
6033,6292,102561,0.00154,0.00995,0.0019,221,0,0,0,0,1,0,0,71.51,20.47,-71.43,-20.11,0,0,0,0,Line,Texas
6033,6292,102560,0.00154,0.00995,0.0019,221,0,0,0,0,1,0,0,71.51,20.47,-71.43,-20.11,0,0,0,0,Line,Texas
6021,6210,102569,5.3e-4,0.00643,0.42698,2020,0,0,0,0,1,0,0,-789,-20.68,792.1,12.6,0,0,0,0,Line,Texas
6021,6349,102572,0.00257,0.01837,0.03349,443,0,0,0,0,1,0,0,-9.59,-3.79,9.59,0.3,0,0,0,0,Line,Texas
6292,6003,102576,0.01205,0.05372,0.00788,221,0,0,0,0,1,0,0,-63.4,44.21,64.09,-41.99,0,0,0,0,Line,Texas
6292,6033,102577,0.004,0.02403,0.00326,300,0,0,0,0,1,0,0,-27.94,110.71,28.44,-108.09,0,0,0,0,Line,Texas
6197,6056,102579,0.00724,0.04134,0.00621,250,0,0,0,0,1,0,0,38.26,44.76,-38.02,-44.05,0,0,0,0,Line,Texas
6234,6197,102530,0.00518,0.03346,0.00638,221,0,0,0,0,1,0,0,97.04,5.42,-96.55,-2.92,0,0,0,0,Line,Texas
6292,6033,102592,0.0098,0.05596,0.00841,98,0,0,0,0,1,0,0,30.84,-3.72,-30.74,3.42,0,0,0,0,Line,Texas
7042,6239,102593,0.02678,0.11107,0.01885,149,0,0,0,0,1,0,0,46.87,-18.08,-46.24,18.74,0,0,0,0,Line,Texas
7406,7304,102597,0.01107,0.07911,0.14424,443,0,0,0,0,1,0,0,-45.24,-3.92,45.46,-9.47,0,0,0,0,Line,Texas
6033,6342,102604,1.1e-4,0.00135,0.0896,2020,0,0,0,0,1,0,0,250.97,31.38,-250.9,-39.91,0,0,0,0,Line,Texas
6033,6118,102608,0.00307,0.02194,0.04,443,0,0,0,0,1,0,0,0.15,-24.84,-0.14,20.81,0,0,0,0,Line,Texas
6033,6342,102610,8.2e-4,0.00798,0.01535,548,0,0,0,0,1,0,0,82.48,-19.4,-82.43,18.37,0,0,0,0,Line,Texas
6033,6254,102609,0.00338,0.02413,0.044,443,0,0,0,0,1,0,0,-150.16,-0.53,150.9,1.26,0,0,0,0,Line,Texas
6333,6141,102621,0.00123,0.01275,0.04344,750,0,0,0,0,1,0,0,-290.66,-17.79,291.67,23.76,0,0,0,0,Line,Texas
6333,6141,102620,0.00123,0.01275,0.04344,750,0,0,0,0,1,0,0,-290.66,-17.79,291.67,23.76,0,0,0,0,Line,Texas
6333,6066,102619,0.00172,0.01789,0.06095,750,0,0,0,0,1,0,0,-235.37,-7.32,236.29,10.61,0,0,0,0,Line,Texas
6038,6066,102632,0.00105,0.01278,0.84902,2020,0,0,0,0,1,0,0,-316.65,9.12,317.67,-86.47,0,0,0,0,Line,Texas
6038,6033,102559,8e-4,0.00518,9.9e-4,221,0,0,0,0,1,0,0,84.34,15.34,-84.28,-15.06,0,0,0,0,Line,Texas
6038,6033,102557,8e-4,0.00518,9.9e-4,221,0,0,0,0,1,0,0,84.34,15.34,-84.28,-15.06,0,0,0,0,Line,Texas
6038,6033,102558,8e-4,0.00518,9.9e-4,221,0,0,0,0,1,0,0,84.34,15.34,-84.28,-15.06,0,0,0,0,Line,Texas
6038,6033,102638,0.00927,0.03846,0.00653,149,0,0,0,0,1,0,0,62.45,-31.54,-62,32.75,0,0,0,0,Line,Texas
6197,6045,102643,0.00617,0.02696,0.00411,149,0,0,0,0,1,0,0,56.78,-12.5,-56.57,13,0,0,0,0,Line,Texas
6197,6141,102645,0.00593,0.02596,0.00395,149,0,0,0,0,1,0,0,-69.5,-1.44,69.79,2.29,0,0,0,0,Line,Texas
6045,6234,102658,3.1e-4,0.0037,0.24613,2020,0,0,0,0,1,0,0,131.58,53.29,-131.51,-78.42,0,0,0,0,Line,Texas
6056,6066,102670,1.4e-4,0.00165,0.10973,2020,0,0,0,0,1,0,0,666.47,-163.19,-665.85,159,0,0,0,0,Line,Texas
6056,6298,102676,0.00628,0.06139,0.11812,548,0,0,0,0,1,0,0,74.16,-27.84,-73.8,18.94,0,0,0,0,Line,Texas
6056,6045,102682,0.00969,0.05535,0.00832,221,0,0,0,0,1,0,0,30.97,-0.03,-30.88,-0.3,0,0,0,0,Line,Texas
6062,6107,102690,0.00419,0.04091,0.07872,647,0,0,0,0,1,0,0,280.86,-6.94,-277.66,30.05,0,0,0,0,Line,Texas
6066,6045,102656,5.9e-4,0.00714,0.47436,2020,0,0,0,0,1,0,0,458.39,-57.4,-457.21,21.65,0,0,0,0,Line,Texas
6066,6056,102675,0.001,0.00977,0.01879,548,0,0,0,0,1,0,0,-13.35,7.43,13.35,-9.37,0,0,0,0,Line,Texas
6075,6101,102708,3.4e-4,0.00413,0.27429,2020,0,0,0,0,1,0,0,424.91,-113.06,-424.29,91.91,0,0,0,0,Line,Texas
6075,6062,102687,6e-4,0.00726,0.48242,2020,0,0,0,0,1,0,0,420.38,-37.93,-419.36,-0.02,0,0,0,0,Line,Texas
6210,6349,102717,0.00412,0.01838,0.0027,149,0,0,0,0,1,0,0,89.03,18.42,-88.71,-17.25,0,0,0,0,Line,Texas
6056,6228,102727,0.01965,0.04804,0.00629,221,0,0,0,0,1,0,0,-56.53,67.62,57.98,-64.73,0,0,0,0,Line,Texas
6333,6056,102731,0.01077,0.02588,0.00351,98,0,0,0,0,1,0,0,36.96,11.52,-36.81,-11.49,0,0,0,0,Line,Texas
6333,6197,102744,0.01044,0.04569,0.00696,149,0,0,0,0,1,0,0,25.14,1.9,-25.07,-2.31,0,0,0,0,Line,Texas
6033,6342,102747,0.00691,0.01691,0.00221,98,0,0,0,0,1,0,0,3.47,-89.04,-2.92,90.15,0,0,0,0,Line,Texas
6141,6197,102750,0.0031,0.01769,0.00266,98,0,0,0,0,1,0,0,50.4,23.76,-50.31,-23.48,0,0,0,0,Line,Texas
6141,6197,102749,0.00266,0.01519,0.00228,98,0,0,0,0,1,0,0,20.59,-1.81,-20.58,1.65,0,0,0,0,Line,Texas
6101,6075,102711,0.00351,0.02507,0.04571,850,0,0,0,0,1,0,0,-135.74,20.08,136.38,-20.31,0,0,0,0,Line,Texas
6101,6003,102521,0.00197,0.0205,0.06986,1400,0,0,0,0,1,0,0,568.02,-18.38,-561.93,74.41,0,0,0,0,Line,Texas
6107,6033,102603,3.9e-4,0.00803,0.56039,2768,0,0,0,0,1,0,0,662.49,93.36,-660.83,-118.44,0,0,0,0,Line,Texas
6107,8082,102766,0.00113,0.01368,0.90909,2020,0,0,0,0,1,0,0,-164.96,-38.91,165.25,-54.75,0,0,0,0,Line,Texas
6107,6033,102607,0.00498,0.04865,0.0936,548,0,0,0,0,1,0,0,179.64,-9.97,-178.09,15.49,0,0,0,0,Line,Texas
6298,6197,102773,0.01029,0.04585,0.00672,149,0,0,0,0,1,0,0,-54.08,-9.39,54.39,10.11,0,0,0,0,Line,Texas
6056,6197,102778,0.0095,0.05707,0.00774,98,0,0,0,0,1,0,0,6.17,5.95,-6.16,-6.68,0,0,0,0,Line,Texas
6056,6141,102779,0.00313,0.01394,0.00204,149,0,0,0,0,1,0,0,30.87,-23.64,-30.82,23.65,0,0,0,0,Line,Texas
6118,6349,102782,9e-5,0.00182,0.12727,2768,0,0,0,0,1,0,0,-28.71,-133.09,28.72,119.8,0,0,0,0,Line,Texas
6118,6021,102568,1.3e-4,0.00161,0.10699,2020,0,0,0,0,1,0,0,-501.92,24.21,502.23,-31.77,0,0,0,0,Line,Texas
6118,6342,102785,9.5e-4,0.00925,0.01779,548,0,0,0,0,1,0,0,125.38,40.75,-125.22,-41.04,0,0,0,0,Line,Texas
6118,6021,102573,0.00776,0.03392,0.00517,221,0,0,0,0,1,0,0,-34.33,25,34.47,-24.94,0,0,0,0,Line,Texas
6197,6045,102789,0.0239,0.05842,0.00765,98,0,0,0,0,1,0,0,2.5,-1.3,-2.5,0.52,0,0,0,0,Line,Texas
6197,6141,102788,0.00587,0.03351,0.00504,98,0,0,0,0,1,0,0,11.98,-6.29,-11.97,5.83,0,0,0,0,Line,Texas
6292,6228,102800,0.00394,0.01755,0.00257,221,0,0,0,0,1,0,0,-31.01,2.53,31.05,-2.62,0,0,0,0,Line,Texas
6292,6228,102802,0.00718,0.05004,0.00818,221,0,0,0,0,1,0,0,-20.54,-15.47,20.59,14.97,0,0,0,0,Line,Texas
6292,6033,102803,0.00918,0.0551,0.00748,98,0,0,0,0,1,0,0,21.25,-10.41,-21.2,9.96,0,0,0,0,Line,Texas
6292,6228,102801,0.00718,0.05004,0.00818,221,0,0,0,0,1,0,0,-20.54,-15.47,20.59,14.97,0,0,0,0,Line,Texas
6107,5279,102804,0.01441,0.08233,0.01237,98,0,0,0,0,1,0,0,5.43,1.76,-5.43,-3.04,0,0,0,0,Line,Texas
6107,8155,102806,0.03512,0.08585,0.01124,98,0,0,0,0,1,0,0,-29.32,13.28,29.67,-13.61,0,0,0,0,Line,Texas
6141,6234,102807,0.01619,0.03957,0.00518,200,0,0,0,0,1,0,0,-3.31,-23.12,3.39,22.81,0,0,0,0,Line,Texas
6045,6169,102808,0.02452,0.10724,0.01633,149,0,0,0,0,1,0,0,-39.11,-1.05,39.49,1.02,0,0,0,0,Line,Texas
6292,6033,102813,0.00931,0.05592,0.00759,98,0,0,0,0,1,0,0,29.45,-2.98,-29.36,2.73,0,0,0,0,Line,Texas
5279,6342,102817,0.01529,0.06688,0.01019,149,0,0,0,0,1,0,0,24.56,-16.25,-24.44,15.72,0,0,0,0,Line,Texas
6141,6161,102833,5.2e-4,0.00627,0.4163,2020,0,0,0,0,1,0,0,-248.79,11.99,249.1,-52.1,0,0,0,0,Line,Texas
6141,6197,102834,1.4e-4,0.00318,0.27573,4352,0,0,0,0,1,0,0,1314.42,41.81,-1312.12,-18.61,0,0,0,0,Line,Texas
6141,6161,102839,0.00533,0.03805,0.06937,443,0,0,0,0,1,0,0,-40.38,-0.49,40.47,-6.16,0,0,0,0,Line,Texas
6197,6298,102852,0.00504,0.036,0.06563,443,0,0,0,0,1,0,0,-48.81,-26.06,48.95,20.17,0,0,0,0,Line,Texas
6197,6141,102857,0.00612,0.0418,0.00711,221,0,0,0,0,1,0,0,50.86,-16.98,-50.68,17.46,0,0,0,0,Line,Texas
6197,6141,102856,0.00612,0.0418,0.00711,221,0,0,0,0,1,0,0,50.86,-16.98,-50.68,17.46,0,0,0,0,Line,Texas
6141,6234,101420,0.01482,0.06605,0.00968,149,0,0,0,0,1,0,0,-29.44,3.53,29.57,-3.91,0,0,0,0,Line,Texas
6292,6254,102552,0.00176,0.01201,0.00204,221,0,0,0,0,1,0,0,-106.19,-7.79,106.39,8.95,0,0,0,0,Line,Texas
6292,6033,102867,0.00526,0.02342,0.00343,149,0,0,0,0,1,0,0,41.2,0.8,-41.11,-0.74,0,0,0,0,Line,Texas
6292,6254,102551,0.00176,0.01201,0.00204,221,0,0,0,0,1,0,0,-106.19,-7.79,106.39,8.95,0,0,0,0,Line,Texas
6292,6254,102553,0.00176,0.01201,0.00204,221,0,0,0,0,1,0,0,-106.19,-7.79,106.39,8.95,0,0,0,0,Line,Texas
6161,6056,102671,1.1e-4,0.00227,0.15827,3146,0,0,0,0,1,0,0,971.49,-7,-970.51,10.69,0,0,0,0,Line,Texas
6161,7018,102874,8.4e-4,0.01712,1.19421,3146,0,0,0,0,1,0,0,-1313.71,149.13,1327.84,13.08,0,0,0,0,Line,Texas
6161,6228,102876,0.00506,0.03614,0.0659,443,0,0,0,0,1,0,0,145.89,-12.81,-144.86,13.32,0,0,0,0,Line,Texas
6161,6066,102527,0.00329,0.02128,0.00406,221,0,0,0,0,1,0,0,78.52,-0.56,-78.33,1.41,0,0,0,0,Line,Texas
6169,6239,102882,6.5e-4,0.00782,0.51936,2020,0,0,0,0,1,0,0,-433.24,-41.03,434.39,-0.33,0,0,0,0,Line,Texas
6169,6234,102884,0.0015,0.01464,0.02816,548,0,0,0,0,1,0,0,78.81,-0.55,-78.72,-1.52,0,0,0,0,Line,Texas
6169,6333,102886,0.00357,0.02552,0.04652,443,0,0,0,0,1,0,0,92.46,-12.87,-92.17,10.1,0,0,0,0,Line,Texas
6141,6045,102891,0.00829,0.02025,0.00265,221,0,0,0,0,1,0,0,75.83,25.95,-75.31,-24.95,0,0,0,0,Line,Texas
6292,6033,102896,0.01181,0.02887,0.00378,98,0,0,0,0,1,0,0,14.2,-6.8,-14.17,6.5,0,0,0,0,Line,Texas
6228,6210,102858,0.01188,0.04928,0.00836,149,0,0,0,0,1,0,0,-10.69,14.36,10.73,-15.04,0,0,0,0,Line,Texas
6298,6197,102901,0.00317,0.02266,0.04132,443,0,0,0,0,1,0,0,54.21,64.08,-53.99,-66.83,0,0,0,0,Line,Texas
6298,6169,102903,0.00546,0.03901,0.07112,443,0,0,0,0,1,0,0,-26.35,15.04,26.41,-22.16,0,0,0,0,Line,Texas
6239,6141,102753,0.00956,0.0418,0.00637,149,0,0,0,0,1,0,0,55.07,-23.23,-54.72,24.08,0,0,0,0,Line,Texas
6003,6342,102780,0.01119,0.06392,0.00961,98,0,0,0,0,1,0,0,39,10.65,-38.82,-10.61,0,0,0,0,Line,Texas
6234,6045,102908,0.00497,0.02172,0.00331,149,0,0,0,0,1,0,0,-1.86,-35.68,1.92,35.62,0,0,0,0,Line,Texas
6101,6107,102909,0.01289,0.07363,0.01106,98,0,0,0,0,1,0,0,29.09,5.1,-28.98,-5.61,0,0,0,0,Line,Texas
6033,6292,102911,0.00904,0.04029,0.00591,149,0,0,0,0,1,0,0,-60.42,9.45,60.76,-8.51,0,0,0,0,Line,Texas
6349,6033,102914,0.00175,0.01131,0.00216,221,0,0,0,0,1,0,0,88.01,6.09,-87.87,-5.43,0,0,0,0,Line,Texas
6349,6033,102915,0.00175,0.01131,0.00216,221,0,0,0,0,1,0,0,88.01,6.09,-87.87,-5.43,0,0,0,0,Line,Texas
7304,6075,102712,0.00528,0.03774,0.0688,443,0,0,0,0,1,0,0,25.95,-12.73,-25.91,5.84,0,0,0,0,Line,Texas
6075,6292,102815,0.01462,0.06065,0.01029,149,0,0,0,0,1,0,0,81.62,-15.04,-80.65,17.97,0,0,0,0,Line,Texas
6292,6228,102927,0.00815,0.03567,0.00543,149,0,0,0,0,1,0,0,30.33,2.44,-30.26,-2.65,0,0,0,0,Line,Texas
6292,6298,102739,0.02156,0.08942,0.01517,149,0,0,0,0,1,0,0,-44.61,-12.58,45.06,12.87,0,0,0,0,Line,Texas
6197,6234,102931,2.5e-4,0.003,0.19905,2020,0,0,0,0,1,0,0,437.36,-51.39,-436.9,36.02,0,0,0,0,Line,Texas
6197,6333,102932,1.2e-4,0.00144,0.09542,2020,0,0,0,0,1,0,0,291.03,-4.57,-290.93,-4.27,0,0,0,0,Line,Texas
6197,6045,102661,0.00141,0.01004,0.0183,523,0,0,0,0,1,0,0,-180.01,-26.76,180.46,28.08,0,0,0,0,Line,Texas
6197,6045,102543,0.00208,0.01421,0.00242,221,0,0,0,0,1,0,0,144.31,-9.26,-143.89,11.9,0,0,0,0,Line,Texas
6197,6045,102542,0.00208,0.01421,0.00242,221,0,0,0,0,1,0,0,144.31,-9.26,-143.89,11.9,0,0,0,0,Line,Texas
6197,6045,102541,0.00208,0.01421,0.00242,221,0,0,0,0,1,0,0,144.31,-9.26,-143.89,11.9,0,0,0,0,Line,Texas
6141,6197,102939,0.00252,0.01513,0.00205,98,0,0,0,0,1,0,0,17,-2.73,-16.99,2.57,0,0,0,0,Line,Texas
6033,6349,102949,0.01027,0.04493,0.00684,149,0,0,0,0,1,0,0,-92.73,39.92,93.72,-36.31,0,0,0,0,Line,Texas
6210,6292,102960,0.00114,0.01377,0.91489,2020,0,0,0,0,1,0,0,252.33,4.57,-251.62,-93.53,0,0,0,0,Line,Texas
6210,6045,102657,0.00142,0.01727,1.14708,2020,0,0,0,0,1,0,0,280.12,-19.7,-279.06,-89.59,0,0,0,0,Line,Texas
6210,6349,102962,0.00367,0.02624,0.04784,443,0,0,0,0,1,0,0,77.07,6.93,-76.87,-10.51,0,0,0,0,Line,Texas
6033,6292,102965,0.00408,0.02332,0.0035,98,0,0,0,0,1,0,0,-20.36,34.62,20.43,-34.59,0,0,0,0,Line,Texas
6333,6197,102791,0.0032,0.02187,0.0037200000000000002,221,0,0,0,0,1,0,0,79.17,-28.05,-78.94,29.19,0,0,0,0,Line,Texas
6333,6197,102790,0.0032,0.02187,0.0037200000000000002,221,0,0,0,0,1,0,0,79.17,-28.05,-78.94,29.19,0,0,0,0,Line,Texas
6292,6228,102970,0.00375,0.03669,0.07059,548,0,0,0,0,1,0,0,-122.94,-47.19,123.56,45.99,0,0,0,0,Line,Texas
6292,6342,102973,0.00491,0.03508,0.06396,443,0,0,0,0,1,0,0,-9.49,-19.28,9.51,12.85,0,0,0,0,Line,Texas
6292,6038,102637,0.00129,0.00919,0.01675,443,0,0,0,0,1,0,0,-125.27,-33.18,125.49,32.98,0,0,0,0,Line,Texas
6033,6118,102976,0.00467,0.01938,0.00329,149,0,0,0,0,1,0,0,-25.79,-98.76,26.27,100.39,0,0,0,0,Line,Texas
6234,6298,102900,0.00202,0.01441,0.02628,523,0,0,0,0,1,0,0,151.95,-74.87,-151.4,76.03,0,0,0,0,Line,Texas
6234,6169,102887,0.00723,0.05035,0.00823,221,0,0,0,0,1,0,0,-53.13,2.42,53.33,-1.85,0,0,0,0,Line,Texas
5279,8155,102993,0.02383,0.14308,0.01942,98,0,0,0,0,1,0,0,-23.29,2.14,23.42,-3.44,0,0,0,0,Line,Texas
6239,7414,103004,0.0015,0.019,1.24,2000,0,0,0,0,1,0,0,-1123.82,188,1142.47,-83.12,0,0,0,0,Line,Texas
6239,6141,102835,2.5e-4,0.00304,0.20218,2400,0,0,0,0,1,0,0,1332.97,126.47,-1328.76,-96.81,0,0,0,0,Line,Texas
6239,6197,103007,0.00218,0.02128,0.04095,647,0,0,0,0,1,0,0,347.53,-5.07,-344.99,25.64,0,0,0,0,Line,Texas
6239,6197,102854,0.0044,0.03067,0.00501,221,0,0,0,0,1,0,0,87.85,-7.12,-87.51,8.98,0,0,0,0,Line,Texas
6239,6197,102855,0.0044,0.03067,0.00501,221,0,0,0,0,1,0,0,87.85,-7.12,-87.51,8.98,0,0,0,0,Line,Texas
6254,6038,102633,2.4e-4,0.00295,0.19592,2020,0,0,0,0,1,0,0,305.45,-158.4,-305.19,140.92,0,0,0,0,Line,Texas
6254,6292,102971,0.00167,0.01635,0.03146,647,0,0,0,0,1,0,0,313.44,43.94,-311.83,-31.41,0,0,0,0,Line,Texas
7406,6298,102729,0.03066,0.13415,0.02043,221,0,0,0,0,1,0,0,108.15,-26.07,-104.51,39.86,0,0,0,0,Line,Texas
6298,6066,102703,0.00289,0.02062,0.0376,443,0,0,0,0,1,0,0,21.91,-3.4,-21.9,-0.43,0,0,0,0,Line,Texas
6298,6161,102877,8.7e-4,0.00624,0.01138,443,0,0,0,0,1,0,0,-92.98,-8.5,93.05,7.83,0,0,0,0,Line,Texas
6298,6161,102878,0.00495,0.02053,0.00348,149,0,0,0,0,1,0,0,-28.32,-10.22,28.36,10.05,0,0,0,0,Line,Texas
6045,6298,101210,0.00639,0.04566,0.08324,443,0,0,0,0,1,0,0,14.99,10.35,-14.96,-18.78,0,0,0,0,Line,Texas
6197,6333,102622,0.00203,0.01984,0.03818,548,0,0,0,0,1,0,0,-65.09,-4.12,65.18,1,0,0,0,0,Line,Texas
6292,6003,102518,2e-4,0.00409,0.28512,2768,0,0,0,0,1,0,0,-802.13,-111.58,803.37,106.59,0,0,0,0,Line,Texas
6292,6254,103015,7e-5,0.00142,0.09917,2768,0,0,0,0,1,0,0,862.39,57.95,-861.9,-58.35,0,0,0,0,Line,Texas
6298,6056,102672,8e-5,0.001,0.06674,2020,0,0,0,0,1,0,0,171.09,-112.08,-171.06,105.46,0,0,0,0,Line,Texas
6298,6228,102982,2.2e-4,0.00262,0.17409,2020,0,0,0,0,1,0,0,578.6,-40.24,-577.9,30.36,0,0,0,0,Line,Texas
6298,6056,102680,0.00293,0.01895,0.00362,221,0,0,0,0,1,0,0,65.43,7.78,-65.31,-7.35,0,0,0,0,Line,Texas
6169,6298,102954,0.018,0.078,0.012,150,0,0,0,0,1,0,0,21.7,-0.97,-21.62,0.1,0,0,0,0,Line,Texas
6021,5192,102191,0.00674,0.02866,0.01433,187,0,0,0,0,1,0,0,-44.46,15.51,44.6,-16.39,0,0,0,0,Line,Texas
6021,5410,102478,0.00833,0.03543,0.01772,187,0,0,0,0,1,0,0,25.58,-30.7,-25.45,29.36,0,0,0,0,Line,Texas
6239,7406,103020,0.00395,0.03863,0.07433,647,0,0,0,0,1,0,0,-220.94,27.39,222.86,-16.24,0,0,0,0,Line,Texas
7304,6075,102850,0.05056,0.12359,0.01618,150,0,0,0,0,1,0,0,39.52,-25.44,-38.47,26.33,0,0,0,0,Line,Texas
6118,6342,102952,0.00218,0.0152,0.00249,221,0,0,0,0,1,0,0,33.38,81.49,-33.22,-80.63,0,0,0,0,Line,Texas
6118,6342,102951,0.00218,0.0152,0.00249,221,0,0,0,0,1,0,0,33.38,81.49,-33.22,-80.63,0,0,0,0,Line,Texas
6333,6298,102904,7.3e-4,0.00718,0.01381,647,0,0,0,0,1,0,0,140.5,-110.3,-140.28,111.02,0,0,0,0,Line,Texas
6333,6234,102642,0.00217,0.01509,0.00247,221,0,0,0,0,1,0,0,21.16,2.41,-21.15,-2.59,0,0,0,0,Line,Texas
6333,6234,102641,0.00217,0.01509,0.00247,221,0,0,0,0,1,0,0,21.16,2.41,-21.15,-2.59,0,0,0,0,Line,Texas
6342,6021,103065,0.00542,0.0387,0.07055,443,0,0,0,0,1,0,0,-34.19,-12.15,34.26,5.3,0,0,0,0,Line,Texas
6342,6349,103079,0.00292,0.02086,0.03803,443,0,0,0,0,1,0,0,-149.36,-19.47,150,20.09,0,0,0,0,Line,Texas
6349,6038,102634,1.7e-4,0.002,0.13292,2020,0,0,0,0,1,0,0,-98.74,216.47,98.84,-229.5,0,0,0,0,Line,Texas
6333,6197,102583,0.00808,0.01942,0.00264,221,0,0,0,0,1,0,0,23.63,-91.6,-22.93,93.01,0,0,0,0,Line,Texas
7002,7227,103100,3.6e-4,0.00731,0.51017,3146,0,0,0,0,1,0,0,1187.65,21.34,-1182.88,21.4,0,0,0,0,Line,Texas
7002,7263,103105,0.00225,0.01608,0.02932,523,0,0,0,0,1,0,0,-190.25,23.72,191.04,-21.12,0,0,0,0,Line,Texas
7002,7104,103111,0.0021,0.01353,0.00258,221,0,0,0,0,1,0,0,-91.35,13.02,91.52,-12.18,0,0,0,0,Line,Texas
7002,7104,103110,0.0021,0.01353,0.00258,221,0,0,0,0,1,0,0,-91.35,13.02,91.52,-12.18,0,0,0,0,Line,Texas
7002,7104,103109,0.0021,0.01353,0.00258,221,0,0,0,0,1,0,0,-91.35,13.02,91.52,-12.18,0,0,0,0,Line,Texas
7002,7104,103112,0.0021,0.01353,0.00258,221,0,0,0,0,1,0,0,-91.35,13.02,91.52,-12.18,0,0,0,0,Line,Texas
7389,7159,103120,0.00567,0.0248,0.00378,149,0,0,0,0,1,0,0,-25.74,-22.76,25.81,22.64,0,0,0,0,Line,Texas
7341,6075,103121,0.00531,0.03627,0.00617,221,0,0,0,0,1,0,0,32.65,-5.99,-32.6,5.8,0,0,0,0,Line,Texas
7199,7227,103125,0.003,0.02091,0.00342,221,0,0,0,0,1,0,0,37.1,32.9,-37.03,-32.72,0,0,0,0,Line,Texas
7186,7002,103128,0.00476,0.03249,0.00553,221,0,0,0,0,1,0,0,-58.88,6.81,59.05,-6.22,0,0,0,0,Line,Texas
7186,7002,103127,0.00476,0.03249,0.00553,221,0,0,0,0,1,0,0,-58.88,6.81,59.05,-6.22,0,0,0,0,Line,Texas
7227,7037,103141,0.00737,0.04422,0.006,221,0,0,0,0,1,0,0,10.52,-56.44,-10.28,57.24,0,0,0,0,Line,Texas
7227,7186,103145,0.00382,0.01669,0.00254,149,0,0,0,0,1,0,0,46.42,46.1,-46.26,-45.65,0,0,0,0,Line,Texas
7018,7414,103155,3.9e-4,0.00468,0.3108,2295,0,0,0,0,1,0,0,-277.36,27.08,277.65,-56.24,0,0,0,0,Line,Texas
7018,6075,102709,0.00154,0.01865,1.23907,2020,0,0,0,0,1,0,0,-41.64,-37.57,41.68,-91.77,0,0,0,0,Line,Texas
7018,7406,103158,0.00332,0.02368,0.04318,443,0,0,0,0,1,0,0,25.51,4.21,-25.49,-8.52,0,0,0,0,Line,Texas
7018,7406,102890,0.03858,0.09432,0.01235,98,0,0,0,0,1,0,0,39.4,-16.89,-38.72,17.28,0,0,0,0,Line,Texas
7204,7263,103159,0.0032,0.02067,0.00394,221,0,0,0,0,1,0,0,-35.47,30.78,35.54,-30.74,0,0,0,0,Line,Texas
7204,7002,103161,0.01125,0.07265,0.01386,221,0,0,0,0,1,0,0,55.44,2.61,-55.1,-1.85,0,0,0,0,Line,Texas
7204,7263,103160,0.0032,0.02067,0.00394,221,0,0,0,0,1,0,0,-35.47,30.78,35.54,-30.74,0,0,0,0,Line,Texas
8030,7366,103164,0.00228,0.01559,0.00265,221,0,0,0,0,1,0,0,-126.89,7.66,127.26,-5.4,0,0,0,0,Line,Texas
8030,7076,103166,0.00431,0.01886,0.00287,149,0,0,0,0,1,0,0,85.09,-28.95,-84.75,30.19,0,0,0,0,Line,Texas
8030,7159,103167,0.00974,0.04259,0.00649,149,0,0,0,0,1,0,0,45.85,-16.55,-45.62,16.91,0,0,0,0,Line,Texas
8030,7366,103165,0.00228,0.01559,0.00265,221,0,0,0,0,1,0,0,-126.89,7.66,127.26,-5.4,0,0,0,0,Line,Texas
7186,7227,103171,0.00381,0.02289,0.00311,221,0,0,0,0,1,0,0,36.22,115.27,-35.7,-112.44,0,0,0,0,Line,Texas
8030,7389,103185,0.00154,0.01505,0.02896,548,0,0,0,0,1,0,0,23.13,-98.89,-22.98,97.35,0,0,0,0,Line,Texas
7037,7428,103192,6e-4,0.01232,0.85919,2768,0,0,0,0,1,0,0,-556.61,-128.76,558.43,74.38,0,0,0,0,Line,Texas
7037,7346,103197,0.00247,0.02419,0.04653,647,0,0,0,0,1,0,0,-310.95,13.72,313.28,4.29,0,0,0,0,Line,Texas
7076,8030,103183,0.00756,0.05402,0.09848,523,0,0,0,0,1,0,0,179.38,-31.04,-176.94,38.46,0,0,0,0,Line,Texas
7042,7018,103154,2.2e-4,0.00265,0.17583,2020,0,0,0,0,1,0,0,840.44,-86.73,-838.95,86.2,0,0,0,0,Line,Texas
7042,7018,103157,0.00225,0.01607,0.0293,443,0,0,0,0,1,0,0,98.88,-1.68,-98.67,0.14,0,0,0,0,Line,Texas
7042,7414,103216,0.01974,0.04824,0.00632,98,0,0,0,0,1,0,0,-40.2,-4.95,40.52,5.09,0,0,0,0,Line,Texas
7042,7058,103090,0.00753,0.043,0.00646,98,0,0,0,0,1,0,0,5.71,-2.63,-5.71,2,0,0,0,0,Line,Texas
7047,7037,103191,2.4e-4,0.00293,0.19466,2020,0,0,0,0,1,0,0,-279.84,-36.87,280.03,18.68,0,0,0,0,Line,Texas
7047,7199,103228,0.00351,0.02269,0.00433,221,0,0,0,0,1,0,0,-36.27,-2.01,36.32,1.89,0,0,0,0,Line,Texas
7047,7199,103227,0.00351,0.02269,0.00433,221,0,0,0,0,1,0,0,-36.27,-2.01,36.32,1.89,0,0,0,0,Line,Texas
7400,7227,103231,0.00631,0.03605,0.00542,98,0,0,0,0,1,0,0,61.36,22.55,-61.09,-21.56,0,0,0,0,Line,Texas
7400,7130,103230,0.01063,0.0465,0.00708,149,0,0,0,0,1,0,0,-65.37,30.08,65.92,-28.39,0,0,0,0,Line,Texas
7037,7346,103235,0.00939,0.06413,0.01091,221,0,0,0,0,1,0,0,-125.74,11.63,127.23,-2.56,0,0,0,0,Line,Texas
7037,7186,103239,0.00969,0.0402,0.00682,149,0,0,0,0,1,0,0,53.52,-7.83,-53.24,8.31,0,0,0,0,Line,Texas
7037,7346,103237,0.00939,0.06413,0.01091,221,0,0,0,0,1,0,0,-125.74,11.63,127.23,-2.56,0,0,0,0,Line,Texas
7037,7346,103236,0.00939,0.06413,0.01091,221,0,0,0,0,1,0,0,-125.74,11.63,127.23,-2.56,0,0,0,0,Line,Texas
7002,7130,103245,0.01035,0.06217,0.00844,98,0,0,0,0,1,0,0,-52.33,-1.28,52.62,2.18,0,0,0,0,Line,Texas
7159,7366,103257,0.00287,0.02047,0.03732,443,0,0,0,0,1,0,0,-77.95,26.77,78.14,-29.18,0,0,0,0,Line,Texas
7159,7199,103259,0.0013,0.0093,0.01695,443,0,0,0,0,1,0,0,84.46,-18.43,-84.36,17.38,0,0,0,0,Line,Texas
7159,8030,103184,0.00217,0.01547,0.02821,443,0,0,0,0,1,0,0,87.74,-35.21,-87.55,33.66,0,0,0,0,Line,Texas
7058,7095,103269,6.4e-4,0.00771,0.5124,2295,0,0,0,0,1,0,0,-1548.97,349.23,1564.56,-214.28,0,0,0,0,Line,Texas
7058,7042,103214,6e-4,0.00731,0.48578,2295,0,0,0,0,1,0,0,736,-120.72,-732.83,108.45,0,0,0,0,Line,Texas
7058,7406,103272,6.2e-4,0.00444,0.00809,443,0,0,0,0,1,0,0,81.84,1.49,-81.8,-2.05,0,0,0,0,Line,Texas
7002,7159,103274,0.00829,0.04734,0.00711,98,0,0,0,0,1,0,0,-11.64,-33.93,11.75,33.84,0,0,0,0,Line,Texas
7002,7366,103275,0.00748,0.04274,0.00642,98,0,0,0,0,1,0,0,-6.6,9.76,6.61,-10.32,0,0,0,0,Line,Texas
7002,7422,103282,0.00528,0.03607,0.00614,221,0,0,0,0,1,0,0,-41.63,5.62,41.73,-5.6,0,0,0,0,Line,Texas
7076,7422,103302,6.1e-4,0.00741,0.49226,2020,0,0,0,0,1,0,0,542.87,-141.72,-541.11,110.11,0,0,0,0,Line,Texas
7076,7366,103304,0.00125,0.00896,0.01633,523,0,0,0,0,1,0,0,146.51,14.46,-146.25,-14.32,0,0,0,0,Line,Texas
7076,7366,103306,0.00273,0.01863,0.00317,221,0,0,0,0,1,0,0,102.1,9.38,-101.83,-7.82,0,0,0,0,Line,Texas
7076,7366,103307,0.00273,0.01863,0.00317,221,0,0,0,0,1,0,0,102.1,9.38,-101.83,-7.82,0,0,0,0,Line,Texas
7263,7346,103312,0.00606,0.04326,0.07887,443,0,0,0,0,1,0,0,-73,1.93,73.31,-7.88,0,0,0,0,Line,Texas
7263,7204,103311,0.00193,0.01885,0.03628,548,0,0,0,0,1,0,0,122.91,-13.23,-122.63,12.24,0,0,0,0,Line,Texas
7263,7104,103310,0.00233,0.0228,0.04386,548,0,0,0,0,1,0,0,-86.48,-8.86,86.65,5.96,0,0,0,0,Line,Texas
7130,7002,103319,0.00549,0.02279,0.00387,149,0,0,0,0,1,0,0,23.67,-7.13,-23.63,6.88,0,0,0,0,Line,Texas
7125,7186,103337,0.00167,0.01143,0.00194,250,0,0,0,0,1,0,0,168.09,-32.98,-167.61,36.06,0,0,0,0,Line,Texas
7125,7186,103336,0.00167,0.01143,0.00194,250,0,0,0,0,1,0,0,168.09,-32.98,-167.61,36.06,0,0,0,0,Line,Texas
7125,7186,103331,0.00412,0.02872,0.00469,250,0,0,0,0,1,0,0,159.74,15.98,-158.7,-9.21,0,0,0,0,Line,Texas
7125,7186,103338,0.00167,0.01143,0.00194,250,0,0,0,0,1,0,0,168.09,-32.98,-167.61,36.06,0,0,0,0,Line,Texas
7125,7186,103335,0.00167,0.01143,0.00194,250,0,0,0,0,1,0,0,168.09,-32.98,-167.61,36.06,0,0,0,0,Line,Texas
7125,7186,103332,0.00412,0.02872,0.00469,250,0,0,0,0,1,0,0,159.74,15.98,-158.7,-9.21,0,0,0,0,Line,Texas
7125,7186,103334,0.00167,0.01143,0.00194,250,0,0,0,0,1,0,0,168.09,-32.98,-167.61,36.06,0,0,0,0,Line,Texas
7125,7186,103333,0.00412,0.02872,0.00469,250,0,0,0,0,1,0,0,159.74,15.98,-158.7,-9.21,0,0,0,0,Line,Texas
7037,6075,103339,0.01894,0.08439,0.01238,149,0,0,0,0,1,0,0,-10.46,1.26,10.48,-2.36,0,0,0,0,Line,Texas
7047,7227,103140,0.0044,0.01826,0.0031,221,0,0,0,0,1,0,0,-50.38,147.66,51.39,-143.78,0,0,0,0,Line,Texas
7186,7002,103347,0.00587,0.04091,0.00669,221,0,0,0,0,1,0,0,-75.58,69.3,76.17,-65.92,0,0,0,0,Line,Texas
7186,7002,103348,0.00587,0.04091,0.00669,221,0,0,0,0,1,0,0,-75.58,69.3,76.17,-65.92,0,0,0,0,Line,Texas
7186,7037,103350,0.00595,0.01454,0.0019,98,0,0,0,0,1,0,0,48.76,1.96,-48.62,-1.81,0,0,0,0,Line,Texas
7186,7199,103357,0.0099,0.04331,0.0066,149,0,0,0,0,1,0,0,62.01,-6.08,-61.63,7.12,0,0,0,0,Line,Texas
7047,7186,103360,0.00341,0.01414,0.0024,221,0,0,0,0,1,0,0,-75.32,-64.84,75.64,65.93,0,0,0,0,Line,Texas
7002,7186,103370,0.00199,0.01384,0.00226,221,0,0,0,0,1,0,0,41.73,-11.46,-41.69,11.49,0,0,0,0,Line,Texas
7002,7331,103373,0.00174,0.01212,0.00198,221,0,0,0,0,1,0,0,-93.73,1.65,93.88,-0.79,0,0,0,0,Line,Texas
7002,7331,103371,0.00174,0.01212,0.00198,221,0,0,0,0,1,0,0,-93.73,1.65,93.88,-0.79,0,0,0,0,Line,Texas
7002,7331,103374,0.00174,0.01212,0.00198,221,0,0,0,0,1,0,0,-93.73,1.65,93.88,-0.79,0,0,0,0,Line,Texas
7002,7186,103369,0.00199,0.01384,0.00226,221,0,0,0,0,1,0,0,41.73,-11.46,-41.69,11.49,0,0,0,0,Line,Texas
7002,7331,103372,0.00174,0.01212,0.00198,221,0,0,0,0,1,0,0,-93.73,1.65,93.88,-0.79,0,0,0,0,Line,Texas
7186,7400,103383,0.0191,0.04669,0.00611,250,0,0,0,0,1,0,0,63.46,-28.15,-62.55,29.77,0,0,0,0,Line,Texas
7104,7002,103099,3e-5,7e-4,0.04887,3146,0,0,0,0,1,0,0,1218.95,-28.15,-1218.53,32.7,0,0,0,0,Line,Texas
7104,7204,103398,0.00202,0.01979,0.03807,548,0,0,0,0,1,0,0,-143.07,-12.36,143.47,12.27,0,0,0,0,Line,Texas
7104,7331,103399,7.4e-4,0.00725,0.01395,548,0,0,0,0,1,0,0,134.92,38.36,-134.78,-38.44,0,0,0,0,Line,Texas
7104,7186,103397,0.00243,0.02373,0.04566,548,0,0,0,0,1,0,0,155.02,16.66,-154.45,-15.84,0,0,0,0,Line,Texas
6075,7304,103401,0.02897,0.06959,0.00944,98,0,0,0,0,1,0,0,-19.8,2.78,19.92,-3.42,0,0,0,0,Line,Texas
7159,7186,103407,0.00404,0.02761,0.0047,221,0,0,0,0,1,0,0,35.63,-21.39,-35.56,21.39,0,0,0,0,Line,Texas
7159,7186,103406,0.00404,0.02761,0.0047,221,0,0,0,0,1,0,0,35.63,-21.39,-35.56,21.39,0,0,0,0,Line,Texas
7175,7227,103410,0.0055,0.03759,0.0064,221,0,0,0,0,1,0,0,17.91,-10.17,-17.88,9.71,0,0,0,0,Line,Texas
7047,7227,103418,0.00289,0.02016,0.0033,221,0,0,0,0,1,0,0,-112.38,5.84,112.75,-3.58,0,0,0,0,Line,Texas
7047,7227,103419,0.00289,0.02016,0.0033,221,0,0,0,0,1,0,0,-112.38,5.84,112.75,-3.58,0,0,0,0,Line,Texas
7047,7037,103417,0.00645,0.03687,0.00554,98,0,0,0,0,1,0,0,-18.37,-2.2,18.39,1.78,0,0,0,0,Line,Texas
7095,7406,103284,0.0119,0.02858,0.00388,221,0,0,0,0,1,0,0,23.35,-12.62,-23.27,12.43,0,0,0,0,Line,Texas
7125,7331,103426,5.7e-4,0.00696,0.46259,2020,0,0,0,0,1,0,0,356.53,-40.37,-355.85,-0.21,0,0,0,0,Line,Texas
7125,7331,103433,0.00592,0.04228,0.07708,443,0,0,0,0,1,0,0,-86.33,5.09,86.76,-9.98,0,0,0,0,Line,Texas
7125,7037,103196,8.9e-4,0.00924,0.03147,750,0,0,0,0,1,0,0,182.19,6.58,-181.91,-6.84,0,0,0,0,Line,Texas
7125,7304,103432,0.00691,0.04934,0.08995,443,0,0,0,0,1,0,0,-112.05,2.32,112.9,-5.63,0,0,0,0,Line,Texas
7125,7422,103434,0.00612,0.04375,0.07976,443,0,0,0,0,1,0,0,-63.61,-11.44,63.86,4.89,0,0,0,0,Line,Texas
7125,7037,103195,8.9e-4,0.00924,0.03147,750,0,0,0,0,1,0,0,182.19,6.58,-181.91,-6.84,0,0,0,0,Line,Texas
7130,7104,103394,5e-5,0.00102,0.07092,2768,0,0,0,0,1,0,0,486.49,-311.8,-486.33,307.45,0,0,0,0,Line,Texas
7130,7159,103452,0.00484,0.04731,0.09103,548,0,0,0,0,1,0,0,164,-12.9,-162.74,15.78,0,0,0,0,Line,Texas
7130,7400,103454,0.00248,0.01771,0.03228,443,0,0,0,0,1,0,0,-9.54,-12.13,9.55,8.81,0,0,0,0,Line,Texas
7130,7366,103453,0.0023,0.01644,0.02997,443,0,0,0,0,1,0,0,74.32,-5.57,-74.2,3.35,0,0,0,0,Line,Texas
7130,7366,103455,0.00306,0.0198,0.00378,221,0,0,0,0,1,0,0,-1.98,11.62,1.98,-11.97,0,0,0,0,Line,Texas
7076,7002,103459,0.00756,0.0432,0.00649,98,0,0,0,0,1,0,0,-17.38,40.86,17.53,-40.64,0,0,0,0,Line,Texas
7331,7346,103464,0.00479,0.03337,0.00546,221,0,0,0,0,1,0,0,52.86,-2.81,-52.73,3.19,0,0,0,0,Line,Texas
7331,7002,103411,0.00176,0.01229,0.00201,221,0,0,0,0,1,0,0,77.31,1.61,-77.2,-1.08,0,0,0,0,Line,Texas
7331,7346,103463,0.00479,0.03337,0.00546,221,0,0,0,0,1,0,0,52.86,-2.81,-52.73,3.19,0,0,0,0,Line,Texas
7331,7002,103412,0.00176,0.01229,0.00201,221,0,0,0,0,1,0,0,77.31,1.61,-77.2,-1.08,0,0,0,0,Line,Texas
7227,7002,103473,0.01348,0.05591,0.00949,221,0,0,0,0,1,0,0,-81.17,72.94,82.69,-67.6,0,0,0,0,Line,Texas
7227,7076,103472,0.0104,0.06243,0.00847,98,0,0,0,0,1,0,0,2.99,47.18,-2.76,-46.71,0,0,0,0,Line,Texas
7037,7186,103169,0.0011,0.00768,0.00126,300,0,0,0,0,1,0,0,113.08,-198.33,-112.53,202.07,0,0,0,0,Line,Texas
7037,7186,103170,0.0011,0.00768,0.00126,300,0,0,0,0,1,0,0,113.08,-198.33,-112.53,202.07,0,0,0,0,Line,Texas
7400,7159,103484,0.00801,0.04577,0.00688,98,0,0,0,0,1,0,0,33.22,-20.69,-33.1,20.71,0,0,0,0,Line,Texas
7400,7186,103485,0.00778,0.03402,0.00518,149,0,0,0,0,1,0,0,-21.79,-6.96,21.83,6.62,0,0,0,0,Line,Texas
7406,7058,103091,0.02671,0.0653,0.00855,98,0,0,0,0,1,0,0,22.99,-10.73,-22.82,10.28,0,0,0,0,Line,Texas
7389,7199,103492,0.0052,0.03715,0.06773,443,0,0,0,0,1,0,0,-76.56,63.14,77.07,-66.57,0,0,0,0,Line,Texas
7159,7366,103499,0.00654,0.04553,0.0074400000000000004,221,0,0,0,0,1,0,0,-79.39,24.17,79.84,-21.81,0,0,0,0,Line,Texas
7159,7366,103500,0.00654,0.04553,0.0074400000000000004,221,0,0,0,0,1,0,0,-79.39,24.17,79.84,-21.81,0,0,0,0,Line,Texas
7186,7346,103504,0.00716,0.03193,0.00468,149,0,0,0,0,1,0,0,-39.98,7.17,40.1,-7.1,0,0,0,0,Line,Texas
7076,7366,103514,0.00974,0.0426,0.00649,149,0,0,0,0,1,0,0,52.21,-0.77,-51.94,1.34,0,0,0,0,Line,Texas
7159,7227,103529,1.3e-4,0.00271,0.18901,3146,0,0,0,0,1,0,0,-986.23,44.19,987.43,-39.16,0,0,0,0,Line,Texas
7159,7175,103527,8e-5,0.00168,0.11713,3146,0,0,0,0,1,0,0,1292.32,59.51,-1291.05,-45.25,0,0,0,0,Line,Texas
7204,7346,103539,0.00752,0.05372,0.09795,443,0,0,0,0,1,0,0,-57.53,-0.85,57.77,-7.6,0,0,0,0,Line,Texas
7002,7076,103513,0.00459,0.01903,0.00323,149,0,0,0,0,1,0,0,-66.91,19.48,67.14,-18.84,0,0,0,0,Line,Texas
7175,7389,103549,5.6e-4,0.00684,0.45463,2020,0,0,0,0,1,0,0,605.94,-176.55,-603.86,153.66,0,0,0,0,Line,Texas
7175,7199,103553,0.0019,0.01359,0.02477,443,0,0,0,0,1,0,0,83.44,-26.72,-83.3,25.18,0,0,0,0,Line,Texas
7175,7366,103508,9.4e-4,0.00975,0.03322,750,0,0,0,0,1,0,0,112.93,58.57,-112.78,-60.4,0,0,0,0,Line,Texas
7175,7227,103554,0.00513,0.03666,0.06684,443,0,0,0,0,1,0,0,-71.02,12.97,71.28,-17.92,0,0,0,0,Line,Texas
7366,7400,103482,0.00225,0.01565,0.00256,221,0,0,0,0,1,0,0,-49.17,-15.28,49.23,15.45,0,0,0,0,Line,Texas
7366,7227,103558,0.00777,0.01898,0.00249,98,0,0,0,0,1,0,0,15.88,-7.72,-15.85,7.53,0,0,0,0,Line,Texas
7366,7400,103483,0.00225,0.01565,0.00256,221,0,0,0,0,1,0,0,-49.17,-15.28,49.23,15.45,0,0,0,0,Line,Texas
7186,7346,103559,0.00945,0.04213,0.00618,149,0,0,0,0,1,0,0,-26.78,5.29,26.85,-5.59,0,0,0,0,Line,Texas
7186,7002,103560,0.01429,0.0593,0.01006,149,0,0,0,0,1,0,0,-17.25,8.65,17.3,-9.43,0,0,0,0,Line,Texas
6062,7304,103571,0.01327,0.07579,0.01139,98,0,0,0,0,1,0,0,-37.17,5.7,37.36,-5.73,0,0,0,0,Line,Texas
7037,7186,103572,0.00881,0.02153,0.00282,250,0,0,0,0,1,0,0,-50.99,114.07,52.29,-111.19,0,0,0,0,Line,Texas
7186,7341,103592,3.1e-4,0.00639,0.44587,2768,0,0,0,0,1,0,0,178.94,41.04,-178.84,-85.47,0,0,0,0,Line,Texas
7186,7159,103533,0.00262,0.02562,0.04929,548,0,0,0,0,1,0,0,164.11,-27.18,-163.41,28.96,0,0,0,0,Line,Texas
7186,7400,103598,0.00192,0.01878,0.03613,647,0,0,0,0,1,0,0,-195.68,-10.9,196.39,14.17,0,0,0,0,Line,Texas
7199,7159,103528,1.9e-4,0.0023,0.15283,2020,0,0,0,0,1,0,0,-38.64,-135.18,38.67,119.46,0,0,0,0,Line,Texas
7199,7047,103218,2.4e-4,0.00294,0.19535,2020,0,0,0,0,1,0,0,195.07,47.43,-194.98,-66.76,0,0,0,0,Line,Texas
7199,7331,103611,4e-4,0.00819,0.57112,3146,0,0,0,0,1,0,0,-1007.8,19.28,1011.67,-0.16,0,0,0,0,Line,Texas
7199,6062,102688,9.7e-4,0.01173,0.77933,2020,0,0,0,0,1,0,0,318.96,-17.49,-318.01,-52.6,0,0,0,0,Line,Texas
7428,7346,103616,0.00676,0.03864,0.00581,98,0,0,0,0,1,0,0,18.97,-3.86,-18.95,3.42,0,0,0,0,Line,Texas
7204,7428,103628,0.00115,0.01399,0.92975,2020,0,0,0,0,1,0,0,397.66,-112.75,-395.92,33.91,0,0,0,0,Line,Texas
7204,7076,103301,1.4e-4,0.00172,0.1143,2020,0,0,0,0,1,0,0,860.36,-52.59,-859.39,52.29,0,0,0,0,Line,Texas
7204,7076,103305,0.00828,0.03692,0.00541,149,0,0,0,0,1,0,0,24.65,14.78,-24.59,-15.05,0,0,0,0,Line,Texas
7204,7320,103634,0.00686,0.03916,0.00588,98,0,0,0,0,1,0,0,-4.18,10.21,4.19,-10.76,0,0,0,0,Line,Texas
7002,7037,103636,0.00755,0.03365,0.00493,149,0,0,0,0,1,0,0,38.66,0.83,-38.55,-0.82,0,0,0,0,Line,Texas
7159,8030,103640,0.00465,0.02075,0.00304,149,0,0,0,0,1,0,0,-68.13,-9.94,68.35,10.64,0,0,0,0,Line,Texas
7037,7002,103641,0.00725,0.03234,0.00474,149,0,0,0,0,1,0,0,-37.27,12.79,37.38,-12.75,0,0,0,0,Line,Texas
7037,7186,103562,0.00437,0.01069,0.0014,98,0,0,0,0,1,0,0,-12.36,-23.48,12.39,23.42,0,0,0,0,Line,Texas
7186,7227,103651,0.00146,0.00997,0.0017,221,0,0,0,0,1,0,0,52.82,-28.94,-52.77,29.13,0,0,0,0,Line,Texas
7186,7047,103654,0.00652,0.02849,0.00434,250,0,0,0,0,1,0,0,106.69,2.16,-105.95,0.65,0,0,0,0,Line,Texas
7186,7227,103652,0.00146,0.00997,0.0017,221,0,0,0,0,1,0,0,52.82,-28.94,-52.77,29.13,0,0,0,0,Line,Texas
7002,7186,103656,0.01114,0.04873,0.00742,149,0,0,0,0,1,0,0,63.61,-10.95,-63.15,12.24,0,0,0,0,Line,Texas
7159,7227,103659,0.0068,0.02978,0.00454,221,0,0,0,0,1,0,0,102.72,8.24,-102,-5.53,0,0,0,0,Line,Texas
7159,7227,103660,0.00566,0.03229,0.00485,221,0,0,0,0,1,0,0,104.11,11.07,-103.49,-8.01,0,0,0,0,Line,Texas
7186,7037,103661,0.00705,0.04027,0.00605,98,0,0,0,0,1,0,0,29.67,-0.14,-29.61,-0.11,0,0,0,0,Line,Texas
7199,7186,103665,0.00809,0.04618,0.00694,98,0,0,0,0,1,0,0,-43.62,-15.17,43.79,15.47,0,0,0,0,Line,Texas
7186,7002,103669,0.01145,0.02798,0.00366,98,0,0,0,0,1,0,0,-28,39.06,28.26,-38.78,0,0,0,0,Line,Texas
7186,7346,103668,0.00504,0.02244,0.00329,149,0,0,0,0,1,0,0,-66.38,48.35,66.72,-47.19,0,0,0,0,Line,Texas
7227,7422,103671,4.8e-4,0.00974,0.67927,2768,0,0,0,0,1,0,0,-452.83,-128.23,453.8,75.26,0,0,0,0,Line,Texas
7227,7047,103221,6.8e-4,0.00665,0.01279,548,0,0,0,0,1,0,0,6.94,-16.3,-6.94,15,0,0,0,0,Line,Texas
6062,7047,103684,0.01464,0.0358,0.00469,98,0,0,0,0,1,0,0,-18.55,-10.6,18.62,10.3,0,0,0,0,Line,Texas
7304,7346,103691,0.03475,0.15202,0.02315,149,0,0,0,0,1,0,0,-47.13,7.63,47.94,-6.39,0,0,0,0,Line,Texas
7304,7037,103341,0.01249,0.05466,0.00832,149,0,0,0,0,1,0,0,43.08,2.46,-42.84,-2.24,0,0,0,0,Line,Texas
7076,7366,103692,0.0068,0.039,0.005,221,0,0,0,0,1,0,0,-66.26,53.51,66.72,-51.36,0,0,0,0,Line,Texas
7175,7227,103569,0.00194,0.01355,0.00221,221,0,0,0,0,1,0,0,73.86,7.54,-73.76,-7.01,0,0,0,0,Line,Texas
7175,7366,103696,0.01417,0.03406,0.00462,98,0,0,0,0,1,0,0,6.31,3.8,-6.31,-4.23,0,0,0,0,Line,Texas
7175,7159,103403,0.00214,0.01492,0.00244,221,0,0,0,0,1,0,0,-76.15,-23.39,76.28,24.1,0,0,0,0,Line,Texas
7175,7159,103402,0.00214,0.01492,0.00244,221,0,0,0,0,1,0,0,-76.15,-23.39,76.28,24.1,0,0,0,0,Line,Texas
7227,7199,103664,0.00662,0.02747,0.00466,149,0,0,0,0,1,0,0,-22.06,-19.16,22.12,18.94,0,0,0,0,Line,Texas
7227,7047,103702,0.01351,0.07719,0.0116,98,0,0,0,0,1,0,0,26.67,-20.36,-26.51,20.09,0,0,0,0,Line,Texas
7002,7186,103643,0.00192,0.01152,0.00156,98,0,0,0,0,1,0,0,17.7,-41.43,-17.66,41.51,0,0,0,0,Line,Texas
7002,7186,103710,0.00406,0.02776,0.00472,221,0,0,0,0,1,0,0,-125.78,-8.69,126.43,12.65,0,0,0,0,Line,Texas
7002,7186,103711,0.00406,0.02776,0.00472,221,0,0,0,0,1,0,0,-125.78,-8.69,126.43,12.65,0,0,0,0,Line,Texas
7002,7422,103732,0.00452,0.03088,0.00525,221,0,0,0,0,1,0,0,-65.56,-4.49,65.76,5.32,0,0,0,0,Line,Texas
7002,7422,103731,0.00452,0.03088,0.00525,221,0,0,0,0,1,0,0,-65.56,-4.49,65.76,5.32,0,0,0,0,Line,Texas
7428,7095,103367,0.0027,0.01928,0.03515,523,0,0,0,0,1,0,0,-246.3,67.22,247.99,-58.77,0,0,0,0,Line,Texas
7263,7130,103449,1.5e-4,0.00182,0.1209,2020,0,0,0,0,1,0,0,-352.43,-21.18,352.6,10.51,0,0,0,0,Line,Texas
7263,7204,103627,1.8e-4,0.00218,0.14491,2020,0,0,0,0,1,0,0,-230.02,-248.97,230.21,235.83,0,0,0,0,Line,Texas
7263,7331,103750,0.00258,0.01841,0.03356,523,0,0,0,0,1,0,0,194.15,1.66,-193.22,1.48,0,0,0,0,Line,Texas
7263,7002,103677,0.00327,0.02233,0.0038,221,0,0,0,0,1,0,0,132.04,8.55,-131.48,-5.09,0,0,0,0,Line,Texas
7263,7002,103679,0.00327,0.02233,0.0038,221,0,0,0,0,1,0,0,132.04,8.55,-131.48,-5.09,0,0,0,0,Line,Texas
7263,7002,103680,0.00327,0.02233,0.0038,221,0,0,0,0,1,0,0,132.04,8.55,-131.48,-5.09,0,0,0,0,Line,Texas
7263,7002,103678,0.00327,0.02233,0.0038,221,0,0,0,0,1,0,0,132.04,8.55,-131.48,-5.09,0,0,0,0,Line,Texas
7406,7042,101477,0.00321,0.01407,0.00214,149,0,0,0,0,1,0,0,-17.27,-11.35,17.28,11.18,0,0,0,0,Line,Texas
7186,7400,103232,0.00383,0.01676,0.00255,221,0,0,0,0,1,0,0,-8.86,160.49,9.8,-156.67,0,0,0,0,Line,Texas
7366,7331,103770,0.00276,0.01973,0.03596,443,0,0,0,0,1,0,0,117.64,7.75,-117.27,-8.86,0,0,0,0,Line,Texas
7366,7204,103630,7.9e-4,0.00822,0.02799,750,0,0,0,0,1,0,0,-180.48,-34.29,180.74,33.99,0,0,0,0,Line,Texas
7204,7366,103693,0.05931,0.14497,0.01898,98,0,0,0,0,1,0,0,32.34,4.38,-31.74,-4.88,0,0,0,0,Line,Texas
7037,7186,103778,0.00423,0.0185,0.00282,149,0,0,0,0,1,0,0,51.28,-26.55,-51.14,26.89,0,0,0,0,Line,Texas
7159,7076,103462,0.00916,0.05231,0.00786,245,0,0,0,0,1,0,0,-21.29,58.19,21.62,-57.08,0,0,0,0,Line,Texas
7304,7095,103365,7.1e-4,0.00855,0.56788,2020,0,0,0,0,1,0,0,-705.59,219.94,709.38,-232.96,0,0,0,0,Line,Texas
7304,7346,103794,0.0022,0.01568,0.02859,443,0,0,0,0,1,0,0,64.63,-23.21,-64.53,20.92,0,0,0,0,Line,Texas
7428,7320,103798,0.00143,0.014,0.02693,548,0,0,0,0,1,0,0,-56.61,-20.35,56.66,17.99,0,0,0,0,Line,Texas
7428,7346,103718,0.00133,0.01297,0.02495,647,0,0,0,0,1,0,0,107.24,26.06,-107.08,-27.16,0,0,0,0,Line,Texas
7428,7346,103721,0.01056,0.04704,0.0069,149,0,0,0,0,1,0,0,13.75,-2.86,-13.73,2.25,0,0,0,0,Line,Texas
7047,6075,103751,0.01055,0.04377,0.00743,149,0,0,0,0,1,0,0,30.6,28.86,-30.42,-28.85,0,0,0,0,Line,Texas
7346,7037,103777,0.00394,0.01758,0.00258,149,0,0,0,0,1,0,0,72.56,-8.14,-72.35,8.83,0,0,0,0,Line,Texas
7320,7422,103814,6.6e-4,0.00806,0.53536,2020,0,0,0,0,1,0,0,14.92,-94.99,-14.89,37.72,0,0,0,0,Line,Texas
7186,7037,103477,0.00171,0.01165,0.00198,221,0,0,0,0,1,0,0,141.12,-54.68,-140.74,57.08,0,0,0,0,Line,Texas
7186,7037,103478,0.00171,0.01165,0.00198,221,0,0,0,0,1,0,0,141.12,-54.68,-140.74,57.08,0,0,0,0,Line,Texas
7186,7037,103476,0.00171,0.01165,0.00198,221,0,0,0,0,1,0,0,141.12,-54.68,-140.74,57.08,0,0,0,0,Line,Texas
7186,7037,103479,0.00171,0.01165,0.00198,221,0,0,0,0,1,0,0,141.12,-54.68,-140.74,57.08,0,0,0,0,Line,Texas
7058,7304,102793,0.02322,0.13264,0.01993,98,0,0,0,0,1,0,0,28.13,-6.06,-27.94,5.08,0,0,0,0,Line,Texas
7341,7304,103792,7.1e-4,0.00864,0.57375,2020,0,0,0,0,1,0,0,-583.31,-8.26,585.64,-23.41,0,0,0,0,Line,Texas
7341,7047,103222,0.00134,0.01309,0.02519,548,0,0,0,0,1,0,0,149.12,-38.63,-148.81,39.06,0,0,0,0,Line,Texas
7341,7227,103836,5.6e-4,0.00583,0.01986,750,0,0,0,0,1,0,0,196.56,-3.18,-196.35,3.35,0,0,0,0,Line,Texas
7341,7227,103837,5.6e-4,0.00583,0.01986,750,0,0,0,0,1,0,0,196.56,-3.18,-196.35,3.35,0,0,0,0,Line,Texas
7002,7227,103838,0.00903,0.03745,0.00635,149,0,0,0,0,1,0,0,18.88,-6.14,-18.85,5.67,0,0,0,0,Line,Texas
7346,7125,103427,6e-5,0.00128,0.11073,4352,0,0,0,0,1,0,0,2088.07,283.21,-2085.57,-241.73,0,0,0,0,Line,Texas
7346,7186,103593,2.6e-4,0.00532,0.37115,2768,0,0,0,0,1,0,0,944.96,122.03,-942.73,-115.86,0,0,0,0,Line,Texas
7186,7037,103707,0.00406,0.01777,0.00271,149,0,0,0,0,1,0,0,38.93,-7.19,-38.87,7.2,0,0,0,0,Line,Texas
7366,7400,103873,1.4e-4,0.00168,0.11182,2295,0,0,0,0,1,0,0,672.59,145.47,-671.96,-149.82,0,0,0,0,Line,Texas
7366,7002,103101,1.6e-4,0.00189,0.12566,2020,0,0,0,0,1,0,0,-311.9,-37.43,312.05,25.8,0,0,0,0,Line,Texas
7366,7002,103736,0.00263,0.01833,0.003,221,0,0,0,0,1,0,0,117.32,8.38,-116.96,-6.19,0,0,0,0,Line,Texas
7366,7400,103136,0.002,0.01369,0.00233,221,0,0,0,0,1,0,0,106.43,2.19,-106.2,-0.9,0,0,0,0,Line,Texas
7366,7400,103137,0.002,0.01369,0.00233,221,0,0,0,0,1,0,0,106.43,2.19,-106.2,-0.9,0,0,0,0,Line,Texas
7366,7002,103737,0.00263,0.01833,0.003,221,0,0,0,0,1,0,0,117.32,8.38,-116.96,-6.19,0,0,0,0,Line,Texas
7366,7400,103135,0.002,0.01369,0.00233,221,0,0,0,0,1,0,0,106.43,2.19,-106.2,-0.9,0,0,0,0,Line,Texas
7366,7002,103735,0.00263,0.01833,0.003,221,0,0,0,0,1,0,0,117.32,8.38,-116.96,-6.19,0,0,0,0,Line,Texas
7400,7227,103474,0.00645,0.03876,0.00526,221,0,0,0,0,1,0,0,58.26,-81.46,-57.62,84.77,0,0,0,0,Line,Texas
7047,7186,103565,0.00328,0.02121,0.00405,221,0,0,0,0,1,0,0,-67.91,43.89,68.12,-42.93,0,0,0,0,Line,Texas
7047,7186,103566,0.00328,0.02121,0.00405,221,0,0,0,0,1,0,0,-67.91,43.89,68.12,-42.93,0,0,0,0,Line,Texas
7389,8030,103435,0.00567,0.03872,0.00659,221,0,0,0,0,1,0,0,34.57,20.56,-34.48,-20.61,0,0,0,0,Line,Texas
7058,7428,103618,0.03637,0.08891,0.01164,98,0,0,0,0,1,0,0,-2.14,4.68,2.15,-5.82,0,0,0,0,Line,Texas
7037,7304,103676,0.01033,0.04606,0.00675,149,0,0,0,0,1,0,0,-55.78,40.77,56.24,-39.39,0,0,0,0,Line,Texas
7400,7331,103824,8e-5,0.00168,0.11713,2768,0,0,0,0,1,0,0,825.87,-60.32,-825.35,58.82,0,0,0,0,Line,Texas
7400,7331,103828,0.00104,0.01017,0.01957,548,0,0,0,0,1,0,0,97.51,11.94,-97.42,-13.02,0,0,0,0,Line,Texas
7400,7227,103890,0.00483,0.04717,0.09075,548,0,0,0,0,1,0,0,158.26,4.39,-157.1,-2.36,0,0,0,0,Line,Texas
7002,7130,103892,0.00504,0.03445,0.00586,221,0,0,0,0,1,0,0,-92.93,16.55,93.38,-14.09,0,0,0,0,Line,Texas
7002,7130,103891,0.00504,0.03445,0.00586,221,0,0,0,0,1,0,0,-92.93,16.55,93.38,-14.09,0,0,0,0,Line,Texas
7406,7058,103270,6e-5,7.3e-4,0.04856,2020,0,0,0,0,1,0,0,-1103.88,314.26,1104.64,-310.14,0,0,0,0,Line,Texas
7227,7199,103899,0.00502,0.04904,0.09435,548,0,0,0,0,1,0,0,126.07,-12.24,-125.29,10.26,0,0,0,0,Line,Texas
7227,7037,103199,6e-4,0.00622,0.02121,750,0,0,0,0,1,0,0,-175.55,-27.56,175.73,27.3,0,0,0,0,Line,Texas
7227,7037,103198,6e-4,0.00622,0.02121,750,0,0,0,0,1,0,0,-175.55,-27.56,175.73,27.3,0,0,0,0,Line,Texas
7159,7175,103772,0.00285,0.01709,0.00232,98,0,0,0,0,1,0,0,13.61,36.39,-13.57,-36.35,0,0,0,0,Line,Texas
7414,7406,103894,3.4e-4,0.0041,0.275,2295,0,0,0,0,1,0,0,-1335.59,179.34,1341.49,-137.06,0,0,0,0,Line,Texas
7414,7406,103181,0.00221,0.01579,0.02879,443,0,0,0,0,1,0,0,-22.83,5.28,22.84,-8.18,0,0,0,0,Line,Texas
7422,7263,103314,0.00173,0.01235,0.02252,443,0,0,0,0,1,0,0,7.78,42.14,-7.75,-44.25,0,0,0,0,Line,Texas
7422,7204,103774,0.0065,0.02894,0.00424,149,0,0,0,0,1,0,0,43.29,-6.8,-43.16,6.91,0,0,0,0,Line,Texas
8158,8067,103912,0.02966,0.07251,0.00949,98,0,0,0,0,1,0,0,-25.64,-15.55,25.89,15.19,0,0,0,0,Line,Texas
8158,7389,103913,0.0136,0.05948,0.00906,149,0,0,0,0,1,0,0,63.3,-1.78,-62.77,3.19,0,0,0,0,Line,Texas
7199,8030,103930,0.01187,0.06777,0.01018,98,0,0,0,0,1,0,0,3.09,-20.03,-3.04,19.27,0,0,0,0,Line,Texas
7389,8074,103944,0.00949,0.05422,0.00815,98,0,0,0,0,1,0,0,7.82,-9.54,-7.81,8.77,0,0,0,0,Line,Texas
8112,8043,103947,0.01458,0.08752,0.01188,98,0,0,0,0,1,0,0,-7.5,12.65,7.54,-13.64,0,0,0,0,Line,Texas
8126,8112,103951,0.00093000000000000005,0.00905,0.01742,548,0,0,0,0,1,0,0,-214.27,17.02,214.68,-14.84,0,0,0,0,Line,Texas
8126,8043,103957,0.02253,0.09344,0.01586,149,0,0,0,0,1,0,0,-44.28,13.11,44.77,-12.67,0,0,0,0,Line,Texas
8112,7389,103969,0.02868,0.1722,0.02337,98,0,0,0,0,1,0,0,5.31,-2.1,-5.3,-0.33,0,0,0,0,Line,Texas
8030,7389,103879,5.4e-4,0.00651,0.43275,2020,0,0,0,0,1,0,0,-706.74,-73.28,709.31,58.41,0,0,0,0,Line,Texas
8074,7389,103988,0.02127,0.051090000000000003,0.00693,98,0,0,0,0,1,0,0,27.95,16.38,-27.74,-16.59,0,0,0,0,Line,Texas
8043,8067,103998,4e-4,0.00819,0.57108,2768,0,0,0,0,1,0,0,-576.96,58.46,578.27,-90.9,0,0,0,0,Line,Texas
8043,8057,104002,0.01434,0.08609,0.01168,98,0,0,0,0,1,0,0,31.11,1.88,-30.97,-2.26,0,0,0,0,Line,Texas
8126,8043,104004,0.0229,0.10022,0.01526,149,0,0,0,0,1,0,0,-63.37,6.25,64.3,-3.67,0,0,0,0,Line,Texas
8057,7389,104006,0.00962,0.05775,0.00784,98,0,0,0,0,1,0,0,18.84,-13.2,-18.79,12.72,0,0,0,0,Line,Texas
8057,8112,104015,0.0013,0.01581,1.05006,2020,0,0,0,0,1,0,0,105.14,-93.13,-104.99,-16.73,0,0,0,0,Line,Texas
8057,8067,104017,0.00454,0.04438,0.0854,548,0,0,0,0,1,0,0,-194.14,23.18,195.81,-15.75,0,0,0,0,Line,Texas
8057,8043,104018,0.00321,0.03142,0.06046,548,0,0,0,0,1,0,0,115.8,7.15,-115.39,-9.36,0,0,0,0,Line,Texas
8067,8082,104033,0.00329,0.03216,0.06187,548,0,0,0,0,1,0,0,-199.14,2.33,200.39,3.39,0,0,0,0,Line,Texas
8074,8112,104044,0.00445,0.03181,0.05799,740,0,0,0,0,1,0,0,212.04,-21.49,-210.14,28.91,0,0,0,0,Line,Texas
8082,8067,103931,0.0146,0.0834,0.01253,98,0,0,0,0,1,0,0,16.38,-8.26,-16.33,7.22,0,0,0,0,Line,Texas
5049,8126,104060,0.01795,0.07854,0.01196,149,0,0,0,0,1,0,0,-58.31,-7.06,58.91,8.42,0,0,0,0,Line,Texas
8158,6062,102691,0.00384,0.03753,0.07222,800,0,0,0,0,1,0,0,-308.46,24.36,312.07,3.6,0,0,0,0,Line,Texas
8126,5049,104065,0.0448,0.10762,0.0146,98,0,0,0,0,1,0,0,-44.06,-3.96,44.92,4.52,0,0,0,0,Line,Texas
8112,7389,103921,0.0073,0.05215,0.09507,443,0,0,0,0,1,0,0,20,-1.32,-19.98,-8.51,0,0,0,0,Line,Texas
8126,8112,103971,0.00732,0.03203,0.00488,149,0,0,0,0,1,0,0,-77.79,23.29,78.25,-21.77,0,0,0,0,Line,Texas
8030,6062,102863,0.00916,0.05232,0.00786,98,0,0,0,0,1,0,0,-16.45,-33.48,16.57,33.36,0,0,0,0,Line,Texas
8126,5049,104059,0.018,0.078,0.012,150,0,0,0,0,1,0,0,-21.6,-7.46,21.69,6.63,0,0,0,0,Line,Texas
8074,8112,104021,0.01516,0.06756,0.00991,149,0,0,0,0,1,0,0,27.83,-4.06,-27.72,3.52,0,0,0,0,Line,Texas
8126,5049,101866,0.006,0.01,0.83,3146,0,0,0,0,1,0,0,946.19,-365.37,-889.95,372.23,0,0,0,0,Line,Texas
8112,8043,104105,0.00702,0.06865,0.13208,548,0,0,0,0,1,0,0,-95.38,17.37,96.02,-24.75,0,0,0,0,Line,Texas
8158,6107,103071,0.02706,0.06615,0.00866,98,0,0,0,0,1,0,0,-9.73,4.44,9.76,-5.23,0,0,0,0,Line,Texas
8126,5049,104028,0.01064,0.0474,0.00695,149,0,0,0,0,1,0,0,17.99,-9.01,-17.95,8.5,0,0,0,0,Line,Texas
8030,8158,104094,0.01659,0.07254,0.01105,221,0,0,0,0,1,0,0,67.97,-30.75,-67.09,33.46,0,0,0,0,Line,Texas
8043,5380,101884,0.00396,0.03012,0.01581,310,0,0,0,0,1,0,0,119.15,3.34,-118.6,-0.77,0,0,0,0,Line,Texas
8155,8082,104050,1.6e-4,0.00337,0.23512,2768,0,0,0,0,1,0,0,-403.07,-105.09,403.33,85.46,0,0,0,0,Line,Texas
8155,5358,102429,3.7e-4,0.0075,0.52342,2768,0,0,0,0,1,0,0,612.11,73.64,-610.77,-101.55,0,0,0,0,Line,Texas
8155,8158,104117,0.00621,0.04434,0.08084,600,0,0,0,0,1,0,0,-142.17,11.02,143.37,-10.96,0,0,0,0,Line,Texas
8158,8030,103980,6.9e-4,0.0084,0.55816,2020,0,0,0,0,1,0,0,-428.69,18.57,429.91,-62.52,0,0,0,0,Line,Texas
