bus_id,sub_id,interconnect
1001,39762,Texas
1002,39763,Texas
1003,39764,Texas
1004,39764,Texas
1005,39765,Texas
1006,39765,Texas
1007,39766,Texas
1008,39767,Texas
1009,39767,Texas
1010,39768,Texas
1011,39768,Texas
1012,39769,Texas
1013,39770,Texas
1014,39771,Texas
1015,39772,Texas
1016,39773,Texas
1017,39774,Texas
1018,39775,Texas
1019,39776,Texas
1020,39777,Texas
1021,39777,Texas
1022,39778,Texas
1023,39778,Texas
1024,39779,Texas
1025,39780,Texas
1026,39780,Texas
1027,39781,Texas
1028,39782,Texas
1029,39783,Texas
1030,39784,Texas
1031,39785,Texas
1032,39786,Texas
1033,39786,Texas
1034,39787,Texas
1035,39787,Texas
1036,39788,Texas
1037,39789,Texas
1038,39790,Texas
1039,39790,Texas
1040,39791,Texas
1041,39792,Texas
1042,39792,Texas
1043,39792,Texas
1044,39793,Texas
1045,39794,Texas
1046,39795,Texas
1047,39796,Texas
1048,39796,Texas
1049,39796,Texas
1050,39796,Texas
1051,39796,Texas
1052,39796,Texas
1053,39796,Texas
1054,39797,Texas
1055,39798,Texas
1056,39799,Texas
1057,39799,Texas
1058,39800,Texas
1059,39800,Texas
1060,39800,Texas
1061,39801,Texas
1062,39801,Texas
1063,39801,Texas
1064,39802,Texas
1065,39803,Texas
1066,39803,Texas
1067,39804,Texas
1068,39805,Texas
1069,39806,Texas
1070,39806,Texas
1071,39807,Texas
1072,39807,Texas
1073,39807,Texas
1074,39807,Texas
1075,39807,Texas
1076,39807,Texas
1077,39807,Texas
1078,39807,Texas
1079,39807,Texas
1080,39807,Texas
1081,39807,Texas
1082,39808,Texas
1083,39809,Texas
1084,39810,Texas
1085,39811,Texas
1086,39812,Texas
1087,39813,Texas
1088,39814,Texas
1089,39815,Texas
1090,39816,Texas
1091,39817,Texas
2001,39818,Texas
2002,39819,Texas
2003,39819,Texas
2004,39819,Texas
2005,39819,Texas
2006,39819,Texas
2007,39820,Texas
2008,39821,Texas
2009,39822,Texas
2010,39823,Texas
2011,39824,Texas
2012,39824,Texas
2013,39824,Texas
2014,39825,Texas
2015,39826,Texas
2016,39827,Texas
2017,39828,Texas
2018,39828,Texas
2019,39828,Texas
2020,39829,Texas
2021,39830,Texas
2022,39830,Texas
2023,39830,Texas
2024,39830,Texas
2025,39831,Texas
2026,39832,Texas
2027,39833,Texas
2028,39834,Texas
2029,39835,Texas
2030,39836,Texas
2031,39837,Texas
2032,39838,Texas
2033,39839,Texas
2034,39840,Texas
2035,39841,Texas
2036,39842,Texas
2037,39843,Texas
2038,39844,Texas
2039,39845,Texas
2040,39846,Texas
2041,39847,Texas
2042,39847,Texas
2043,39848,Texas
2044,39849,Texas
2045,39850,Texas
2046,39851,Texas
2047,39852,Texas
2048,39853,Texas
2049,39854,Texas
2050,39855,Texas
2051,39856,Texas
2052,39857,Texas
2053,39858,Texas
2054,39859,Texas
2055,39859,Texas
2056,39859,Texas
2057,39859,Texas
2058,39860,Texas
2059,39860,Texas
2060,39861,Texas
2061,39862,Texas
2062,39862,Texas
2063,39863,Texas
2064,39864,Texas
2065,39865,Texas
2066,39866,Texas
2067,39867,Texas
2068,39868,Texas
2069,39869,Texas
2070,39870,Texas
2071,39870,Texas
2072,39871,Texas
2073,39872,Texas
2074,39872,Texas
2075,39872,Texas
2076,39872,Texas
2077,39873,Texas
2078,39873,Texas
2079,39874,Texas
2080,39875,Texas
2081,39876,Texas
2082,39877,Texas
2083,39877,Texas
2084,39877,Texas
2085,39877,Texas
2086,39878,Texas
2087,39879,Texas
2088,39880,Texas
2089,39880,Texas
2090,39881,Texas
2091,39882,Texas
2092,39883,Texas
2093,39884,Texas
2094,39884,Texas
2095,39884,Texas
2096,39885,Texas
2097,39885,Texas
2098,39885,Texas
2099,39885,Texas
2100,39885,Texas
2101,39886,Texas
2102,39886,Texas
2103,39886,Texas
2104,39886,Texas
2105,39886,Texas
2106,39887,Texas
2107,39888,Texas
2108,39889,Texas
2109,39890,Texas
2110,39891,Texas
2111,39892,Texas
2112,39893,Texas
2113,39894,Texas
2114,39894,Texas
2115,39894,Texas
2116,39894,Texas
2117,39894,Texas
2118,39894,Texas
2119,39894,Texas
2120,39894,Texas
2121,39895,Texas
2122,39896,Texas
2123,39897,Texas
2124,39898,Texas
2125,39899,Texas
2126,39900,Texas
2127,39901,Texas
2128,39901,Texas
2129,39902,Texas
2130,39903,Texas
2131,39903,Texas
2132,39903,Texas
2133,39904,Texas
3001,39905,Texas
3002,39905,Texas
3003,39906,Texas
3004,39906,Texas
3005,39907,Texas
3006,39908,Texas
3007,39909,Texas
3008,39910,Texas
3009,39911,Texas
3010,39912,Texas
3011,39913,Texas
3012,39914,Texas
3013,39915,Texas
3014,39916,Texas
3015,39917,Texas
3016,39918,Texas
3017,39918,Texas
3018,39919,Texas
3019,39919,Texas
3020,39919,Texas
3021,39920,Texas
3022,39921,Texas
3023,39922,Texas
3024,39923,Texas
3025,39924,Texas
3026,39925,Texas
3027,39925,Texas
3028,39925,Texas
3029,39926,Texas
3030,39927,Texas
3031,39928,Texas
3032,39929,Texas
3033,39930,Texas
3034,39930,Texas
3035,39931,Texas
3036,39932,Texas
3037,39933,Texas
3038,39933,Texas
3039,39933,Texas
3040,39934,Texas
3041,39935,Texas
3042,39935,Texas
3043,39935,Texas
3044,39935,Texas
3045,39935,Texas
3046,39936,Texas
3047,39936,Texas
3048,39936,Texas
3049,39937,Texas
3050,39938,Texas
3051,39938,Texas
3052,39939,Texas
3053,39940,Texas
3054,39940,Texas
3055,39940,Texas
3056,39940,Texas
3057,39940,Texas
3058,39941,Texas
3059,39941,Texas
3060,39941,Texas
3061,39941,Texas
3062,39941,Texas
3063,39941,Texas
3064,39942,Texas
3065,39942,Texas
3066,39943,Texas
3067,39944,Texas
3068,39944,Texas
3069,39945,Texas
3070,39946,Texas
3071,39946,Texas
3072,39947,Texas
3073,39948,Texas
3074,39948,Texas
3075,39949,Texas
3076,39950,Texas
3077,39951,Texas
3078,39952,Texas
3079,39952,Texas
3080,39952,Texas
3081,39952,Texas
3082,39953,Texas
3083,39953,Texas
3084,39953,Texas
3085,39954,Texas
3086,39954,Texas
3087,39954,Texas
3088,39955,Texas
3089,39955,Texas
3090,39955,Texas
3091,39955,Texas
3092,39955,Texas
3093,39956,Texas
3094,39957,Texas
3095,39957,Texas
3096,39958,Texas
3097,39958,Texas
3098,39958,Texas
3099,39959,Texas
3100,39960,Texas
3101,39961,Texas
3102,39962,Texas
3103,39963,Texas
3104,39964,Texas
3105,39964,Texas
3106,39964,Texas
3107,39965,Texas
3108,39966,Texas
3109,39967,Texas
3110,39967,Texas
3111,39968,Texas
3112,39968,Texas
3113,39968,Texas
3114,39969,Texas
3115,39970,Texas
3116,39971,Texas
3117,39971,Texas
3118,39971,Texas
3119,39972,Texas
3120,39972,Texas
3121,39973,Texas
3122,39973,Texas
3123,39974,Texas
3124,39975,Texas
3125,39976,Texas
3126,39977,Texas
3127,39978,Texas
3128,39979,Texas
3129,39980,Texas
3130,39981,Texas
3131,39982,Texas
3132,39983,Texas
3133,39984,Texas
3134,39984,Texas
3135,39984,Texas
3136,39984,Texas
3137,39985,Texas
3138,39986,Texas
3139,39987,Texas
3140,39988,Texas
3141,39989,Texas
3142,39990,Texas
3143,39991,Texas
3144,39992,Texas
3145,39993,Texas
3146,39994,Texas
3147,39995,Texas
4002,39996,Texas
4003,39997,Texas
4004,39998,Texas
4005,39998,Texas
4006,39999,Texas
4007,40000,Texas
4008,40001,Texas
4009,40002,Texas
4010,40002,Texas
4011,40003,Texas
4012,40004,Texas
4013,40005,Texas
4014,40006,Texas
4015,40006,Texas
4016,40007,Texas
4017,40008,Texas
4018,40009,Texas
4019,40010,Texas
4020,40011,Texas
4021,40012,Texas
4022,40013,Texas
4023,40014,Texas
4024,40015,Texas
4025,40015,Texas
4026,40015,Texas
4027,40016,Texas
4028,40017,Texas
4029,40017,Texas
4030,40017,Texas
4031,40018,Texas
4032,40019,Texas
4033,40020,Texas
4034,40021,Texas
4035,40022,Texas
4036,40023,Texas
4037,40024,Texas
4038,40025,Texas
4039,40026,Texas
4040,40026,Texas
4041,40027,Texas
4042,40027,Texas
4043,40028,Texas
4044,40029,Texas
4045,40029,Texas
4046,40029,Texas
4047,40029,Texas
4048,40030,Texas
4049,40031,Texas
4050,40031,Texas
4051,40032,Texas
4052,40032,Texas
4053,40033,Texas
4054,40034,Texas
4055,40035,Texas
4056,40036,Texas
4057,40036,Texas
4058,40036,Texas
4059,40036,Texas
4060,40036,Texas
4061,40036,Texas
4062,40036,Texas
4063,40036,Texas
4064,40037,Texas
4065,40037,Texas
4066,40038,Texas
4067,40039,Texas
4068,40040,Texas
4069,40041,Texas
4070,40042,Texas
4071,40042,Texas
4072,40043,Texas
4073,40044,Texas
4074,40044,Texas
4075,40044,Texas
4076,40044,Texas
4077,40044,Texas
4078,40045,Texas
4079,40046,Texas
4080,40047,Texas
4081,40047,Texas
4082,40047,Texas
4083,40047,Texas
4084,40047,Texas
4085,40047,Texas
4086,40048,Texas
4087,40049,Texas
4088,40050,Texas
4089,40051,Texas
4090,40051,Texas
4091,40051,Texas
4092,40051,Texas
4093,40051,Texas
4094,40051,Texas
4095,40051,Texas
4096,40051,Texas
4097,40051,Texas
4098,40051,Texas
4099,40052,Texas
4100,40053,Texas
4101,40054,Texas
4102,40055,Texas
4103,40056,Texas
4104,40057,Texas
4105,40057,Texas
4106,40058,Texas
4107,40059,Texas
4108,40060,Texas
4109,40061,Texas
4110,40062,Texas
4111,40063,Texas
4112,40064,Texas
4113,40065,Texas
4114,40065,Texas
4115,40065,Texas
4116,40065,Texas
4117,40066,Texas
4118,40067,Texas
4119,40068,Texas
4120,40069,Texas
4121,40070,Texas
4122,40071,Texas
4123,40072,Texas
4124,40073,Texas
4125,40074,Texas
4126,40075,Texas
4127,40076,Texas
4128,40077,Texas
4129,40078,Texas
4130,40079,Texas
4131,40080,Texas
4132,40080,Texas
4133,40080,Texas
4134,40080,Texas
4135,40080,Texas
4136,40080,Texas
4137,40080,Texas
4138,40080,Texas
4139,40081,Texas
4140,40082,Texas
4141,40082,Texas
4142,40082,Texas
4143,40083,Texas
4144,40084,Texas
4145,40085,Texas
4146,40086,Texas
4147,40086,Texas
4148,40087,Texas
4149,40088,Texas
4150,40089,Texas
4151,40090,Texas
4152,40090,Texas
4153,40090,Texas
4154,40091,Texas
4155,40092,Texas
4156,40093,Texas
4157,40094,Texas
4158,40095,Texas
4159,40095,Texas
4160,40095,Texas
4161,40095,Texas
4162,40095,Texas
4163,40095,Texas
4164,40096,Texas
4165,40097,Texas
4166,40097,Texas
4167,40098,Texas
4168,40099,Texas
4169,40100,Texas
4170,40101,Texas
4171,40102,Texas
4172,40103,Texas
4173,40104,Texas
4174,40105,Texas
4175,40106,Texas
4176,40107,Texas
4177,40107,Texas
4178,40108,Texas
4179,40109,Texas
4180,40110,Texas
4181,40111,Texas
4182,40111,Texas
4183,40112,Texas
4184,40112,Texas
4185,40113,Texas
4186,40114,Texas
4187,40115,Texas
4188,40116,Texas
4189,40117,Texas
4190,40118,Texas
4191,40119,Texas
4192,40120,Texas
4193,40120,Texas
4194,40122,Texas
4195,40674,Texas
4196,40674,Texas
4197,40674,Texas
5003,40123,Texas
5004,40124,Texas
5005,40125,Texas
5006,40126,Texas
5007,40127,Texas
5008,40128,Texas
5009,40129,Texas
5010,40130,Texas
5011,40131,Texas
5012,40132,Texas
5013,40133,Texas
5014,40134,Texas
5015,40135,Texas
5016,40135,Texas
5017,40136,Texas
5018,40137,Texas
5019,40137,Texas
5020,40137,Texas
5021,40138,Texas
5022,40138,Texas
5023,40138,Texas
5024,40139,Texas
5025,40140,Texas
5026,40141,Texas
5027,40142,Texas
5028,40143,Texas
5029,40144,Texas
5030,40145,Texas
5031,40146,Texas
5032,40147,Texas
5033,40148,Texas
5034,40148,Texas
5035,40148,Texas
5036,40148,Texas
5037,40148,Texas
5038,40148,Texas
5039,40148,Texas
5040,40148,Texas
5041,40148,Texas
5042,40148,Texas
5043,40149,Texas
5044,40150,Texas
5045,40151,Texas
5046,40151,Texas
5047,40152,Texas
5048,40152,Texas
5049,40153,Texas
5050,40153,Texas
5051,40153,Texas
5052,40153,Texas
5053,40154,Texas
5054,40155,Texas
5055,40156,Texas
5056,40156,Texas
5057,40156,Texas
5058,40156,Texas
5059,40157,Texas
5060,40157,Texas
5061,40157,Texas
5062,40157,Texas
5063,40158,Texas
5064,40158,Texas
5065,40158,Texas
5066,40158,Texas
5067,40158,Texas
5068,40158,Texas
5069,40158,Texas
5070,40159,Texas
5071,40160,Texas
5072,40161,Texas
5073,40162,Texas
5074,40163,Texas
5075,40164,Texas
5076,40165,Texas
5077,40165,Texas
5078,40166,Texas
5079,40167,Texas
5080,40168,Texas
5081,40169,Texas
5082,40170,Texas
5083,40171,Texas
5084,40171,Texas
5085,40172,Texas
5086,40173,Texas
5087,40174,Texas
5088,40175,Texas
5089,40175,Texas
5090,40176,Texas
5091,40177,Texas
5092,40178,Texas
5093,40179,Texas
5094,40180,Texas
5095,40181,Texas
5096,40182,Texas
5097,40183,Texas
5098,40184,Texas
5099,40185,Texas
5100,40186,Texas
5101,40187,Texas
5102,40188,Texas
5103,40188,Texas
5104,40189,Texas
5105,40190,Texas
5106,40190,Texas
5107,40190,Texas
5108,40191,Texas
5109,40192,Texas
5110,40193,Texas
5111,40194,Texas
5112,40195,Texas
5113,40196,Texas
5114,40197,Texas
5115,40198,Texas
5116,40199,Texas
5117,40200,Texas
5118,40201,Texas
5119,40202,Texas
5120,40203,Texas
5121,40203,Texas
5122,40204,Texas
5123,40205,Texas
5124,40205,Texas
5125,40206,Texas
5126,40207,Texas
5127,40208,Texas
5128,40209,Texas
5129,40210,Texas
5130,40211,Texas
5131,40212,Texas
5132,40212,Texas
5133,40213,Texas
5134,40214,Texas
5135,40215,Texas
5136,40216,Texas
5137,40217,Texas
5138,40217,Texas
5139,40218,Texas
5140,40219,Texas
5141,40220,Texas
5142,40221,Texas
5143,40222,Texas
5144,40223,Texas
5145,40224,Texas
5146,40225,Texas
5147,40226,Texas
5148,40227,Texas
5149,40228,Texas
5150,40229,Texas
5151,40230,Texas
5152,40231,Texas
5153,40232,Texas
5154,40233,Texas
5155,40234,Texas
5156,40235,Texas
5157,40236,Texas
5158,40237,Texas
5159,40238,Texas
5160,40239,Texas
5161,40240,Texas
5162,40241,Texas
5163,40242,Texas
5164,40243,Texas
5165,40243,Texas
5166,40243,Texas
5167,40243,Texas
5168,40244,Texas
5169,40245,Texas
5170,40245,Texas
5171,40246,Texas
5172,40247,Texas
5173,40248,Texas
5174,40249,Texas
5175,40250,Texas
5176,40251,Texas
5177,40252,Texas
5178,40253,Texas
5179,40254,Texas
5180,40254,Texas
5181,40255,Texas
5182,40256,Texas
5183,40257,Texas
5184,40258,Texas
5185,40259,Texas
5186,40260,Texas
5187,40261,Texas
5188,40262,Texas
5189,40263,Texas
5190,40264,Texas
5191,40265,Texas
5192,40266,Texas
5193,40266,Texas
5194,40267,Texas
5195,40268,Texas
5196,40269,Texas
5197,40269,Texas
5198,40269,Texas
5199,40270,Texas
5200,40271,Texas
5201,40272,Texas
5202,40273,Texas
5203,40274,Texas
5204,40275,Texas
5205,40275,Texas
5206,40275,Texas
5207,40275,Texas
5208,40275,Texas
5209,40276,Texas
5210,40277,Texas
5211,40278,Texas
5212,40279,Texas
5213,40280,Texas
5214,40281,Texas
5215,40282,Texas
5216,40283,Texas
5217,40284,Texas
5218,40285,Texas
5219,40286,Texas
5220,40287,Texas
5221,40288,Texas
5222,40289,Texas
5223,40290,Texas
5224,40291,Texas
5225,40292,Texas
5226,40293,Texas
5227,40294,Texas
5228,40295,Texas
5229,40296,Texas
5230,40297,Texas
5231,40298,Texas
5232,40299,Texas
5233,40300,Texas
5234,40301,Texas
5235,40302,Texas
5236,40303,Texas
5237,40303,Texas
5238,40303,Texas
5239,40304,Texas
5240,40304,Texas
5241,40304,Texas
5242,40304,Texas
5243,40304,Texas
5244,40305,Texas
5245,40306,Texas
5246,40307,Texas
5247,40308,Texas
5248,40309,Texas
5249,40310,Texas
5250,40311,Texas
5251,40312,Texas
5252,40313,Texas
5253,40314,Texas
5254,40315,Texas
5255,40316,Texas
5256,40317,Texas
5257,40318,Texas
5258,40319,Texas
5259,40320,Texas
5260,40321,Texas
5261,40321,Texas
5262,40321,Texas
5263,40321,Texas
5264,40322,Texas
5265,40323,Texas
5266,40324,Texas
5267,40325,Texas
5268,40326,Texas
5269,40327,Texas
5270,40328,Texas
5271,40329,Texas
5272,40330,Texas
5273,40331,Texas
5274,40332,Texas
5275,40333,Texas
5276,40334,Texas
5277,40335,Texas
5278,40336,Texas
5279,40337,Texas
5280,40337,Texas
5281,40337,Texas
5282,40337,Texas
5283,40337,Texas
5284,40338,Texas
5285,40339,Texas
5286,40340,Texas
5287,40341,Texas
5288,40342,Texas
5289,40343,Texas
5290,40344,Texas
5291,40345,Texas
5292,40346,Texas
5293,40347,Texas
5294,40348,Texas
5295,40349,Texas
5296,40349,Texas
5297,40349,Texas
5298,40349,Texas
5299,40349,Texas
5300,40349,Texas
5301,40349,Texas
5302,40349,Texas
5303,40349,Texas
5304,40350,Texas
5305,40350,Texas
5306,40351,Texas
5307,40352,Texas
5308,40353,Texas
5309,40354,Texas
5310,40355,Texas
5311,40356,Texas
5312,40357,Texas
5313,40358,Texas
5314,40359,Texas
5315,40360,Texas
5316,40361,Texas
5317,40362,Texas
5318,40362,Texas
5319,40362,Texas
5320,40362,Texas
5321,40362,Texas
5322,40363,Texas
5323,40363,Texas
5324,40363,Texas
5325,40363,Texas
5326,40363,Texas
5327,40364,Texas
5328,40365,Texas
5329,40366,Texas
5330,40367,Texas
5331,40368,Texas
5332,40369,Texas
5333,40370,Texas
5334,40371,Texas
5335,40372,Texas
5336,40373,Texas
5337,40374,Texas
5338,40375,Texas
5339,40376,Texas
5340,40377,Texas
5341,40378,Texas
5342,40378,Texas
5343,40378,Texas
5344,40379,Texas
5345,40380,Texas
5346,40381,Texas
5347,40382,Texas
5348,40383,Texas
5349,40384,Texas
5350,40385,Texas
5351,40385,Texas
5352,40386,Texas
5353,40387,Texas
5354,40388,Texas
5355,40389,Texas
5356,40390,Texas
5357,40391,Texas
5358,40392,Texas
5359,40392,Texas
5360,40392,Texas
5361,40393,Texas
5362,40393,Texas
5363,40393,Texas
5364,40393,Texas
5365,40393,Texas
5366,40393,Texas
5367,40393,Texas
5368,40393,Texas
5369,40393,Texas
5370,40394,Texas
5371,40395,Texas
5372,40396,Texas
5373,40397,Texas
5374,40398,Texas
5375,40399,Texas
5376,40400,Texas
5377,40401,Texas
5378,40402,Texas
5379,40403,Texas
5380,40404,Texas
5381,40404,Texas
5382,40404,Texas
5383,40404,Texas
5384,40405,Texas
5385,40405,Texas
5386,40406,Texas
5387,40407,Texas
5388,40408,Texas
5389,40408,Texas
5390,40409,Texas
5391,40409,Texas
5392,40409,Texas
5393,40410,Texas
5394,40411,Texas
5395,40411,Texas
5396,40411,Texas
5397,40411,Texas
5398,40411,Texas
5399,40411,Texas
5400,40412,Texas
5401,40413,Texas
5402,40413,Texas
5403,40413,Texas
5404,40413,Texas
5405,40413,Texas
5406,40413,Texas
5407,40414,Texas
5408,40415,Texas
5409,40416,Texas
5410,40417,Texas
5411,40417,Texas
5412,40418,Texas
5413,40419,Texas
5414,40419,Texas
5415,40419,Texas
5416,40419,Texas
5417,40419,Texas
5418,40419,Texas
5419,40419,Texas
5420,40420,Texas
5421,40421,Texas
5422,40422,Texas
5423,40422,Texas
5424,40422,Texas
5425,40423,Texas
5426,40424,Texas
5427,40425,Texas
5428,40426,Texas
5429,40427,Texas
5430,40428,Texas
5431,40429,Texas
5432,40430,Texas
5433,40431,Texas
5434,40432,Texas
5435,40433,Texas
5436,40434,Texas
5437,40435,Texas
5438,40436,Texas
5439,40437,Texas
5440,40438,Texas
5441,40439,Texas
5442,40440,Texas
5443,40441,Texas
5444,40442,Texas
5445,40442,Texas
5446,40443,Texas
5447,40444,Texas
5448,40445,Texas
5449,40445,Texas
5450,40446,Texas
5451,40447,Texas
5452,40447,Texas
5453,40448,Texas
5454,40449,Texas
5455,40450,Texas
5456,40451,Texas
5457,40452,Texas
5458,40453,Texas
5459,40453,Texas
5460,40453,Texas
5461,40454,Texas
5462,40455,Texas
5463,40456,Texas
5464,40457,Texas
5465,40457,Texas
5466,40458,Texas
5467,40459,Texas
5468,40460,Texas
5469,40461,Texas
5470,40462,Texas
5471,40463,Texas
5472,40464,Texas
5473,40465,Texas
5474,40466,Texas
5475,40467,Texas
5476,40468,Texas
5477,40469,Texas
5478,40470,Texas
5479,40471,Texas
5480,40471,Texas
5481,40472,Texas
5482,40473,Texas
5483,40474,Texas
5484,40475,Texas
5485,40476,Texas
6001,40477,Texas
6002,40478,Texas
6003,40479,Texas
6004,40479,Texas
6005,40479,Texas
6006,40479,Texas
6007,40479,Texas
6008,40479,Texas
6009,40479,Texas
6010,40479,Texas
6011,40480,Texas
6012,40481,Texas
6013,40482,Texas
6014,40483,Texas
6015,40484,Texas
6016,40485,Texas
6017,40486,Texas
6018,40487,Texas
6019,40488,Texas
6020,40489,Texas
6021,40490,Texas
6022,40490,Texas
6023,40490,Texas
6024,40491,Texas
6025,40492,Texas
6026,40493,Texas
6027,40494,Texas
6028,40495,Texas
6029,40496,Texas
6030,40497,Texas
6031,40497,Texas
6032,40498,Texas
6033,40499,Texas
6034,40499,Texas
6035,40499,Texas
6036,40500,Texas
6037,40500,Texas
6038,40501,Texas
6039,40501,Texas
6040,40501,Texas
6041,40501,Texas
6042,40501,Texas
6043,40502,Texas
6044,40503,Texas
6045,40504,Texas
6046,40504,Texas
6047,40504,Texas
6048,40504,Texas
6049,40504,Texas
6050,40504,Texas
6051,40504,Texas
6052,40504,Texas
6053,40504,Texas
6054,40504,Texas
6055,40505,Texas
6056,40506,Texas
6057,40506,Texas
6058,40506,Texas
6059,40507,Texas
6060,40508,Texas
6061,40509,Texas
6062,40510,Texas
6063,40510,Texas
6064,40510,Texas
6065,40511,Texas
6066,40512,Texas
6067,40512,Texas
6068,40512,Texas
6069,40512,Texas
6070,40512,Texas
6071,40512,Texas
6072,40512,Texas
6073,40512,Texas
6074,40512,Texas
6075,40513,Texas
6076,40513,Texas
6077,40513,Texas
6078,40513,Texas
6079,40513,Texas
6080,40513,Texas
6081,40514,Texas
6082,40514,Texas
6083,40514,Texas
6084,40515,Texas
6085,40515,Texas
6086,40515,Texas
6087,40515,Texas
6088,40515,Texas
6089,40515,Texas
6090,40515,Texas
6091,40516,Texas
6092,40517,Texas
6093,40518,Texas
6094,40519,Texas
6095,40520,Texas
6096,40521,Texas
6097,40522,Texas
6098,40523,Texas
6099,40524,Texas
6100,40525,Texas
6101,40526,Texas
6102,40526,Texas
6103,40526,Texas
6104,40526,Texas
6105,40526,Texas
6106,40526,Texas
6107,40527,Texas
6108,40527,Texas
6109,40527,Texas
6110,40527,Texas
6111,40527,Texas
6112,40528,Texas
6113,40529,Texas
6114,40530,Texas
6115,40531,Texas
6116,40532,Texas
6117,40533,Texas
6118,40534,Texas
6119,40534,Texas
6120,40534,Texas
6121,40535,Texas
6122,40536,Texas
6123,40537,Texas
6124,40538,Texas
6125,40539,Texas
6126,40540,Texas
6127,40541,Texas
6128,40542,Texas
6129,40543,Texas
6130,40544,Texas
6131,40545,Texas
6132,40546,Texas
6133,40547,Texas
6134,40548,Texas
6135,40549,Texas
6136,40550,Texas
6137,40551,Texas
6138,40552,Texas
6139,40553,Texas
6140,40554,Texas
6141,40555,Texas
6142,40555,Texas
6143,40555,Texas
6144,40555,Texas
6145,40555,Texas
6146,40555,Texas
6147,40555,Texas
6148,40555,Texas
6149,40555,Texas
6150,40556,Texas
6151,40557,Texas
6152,40558,Texas
6153,40558,Texas
6154,40559,Texas
6155,40560,Texas
6156,40561,Texas
6157,40562,Texas
6158,40563,Texas
6159,40564,Texas
6160,40565,Texas
6161,40566,Texas
6162,40566,Texas
6163,40566,Texas
6164,40566,Texas
6165,40566,Texas
6166,40566,Texas
6167,40566,Texas
6168,40567,Texas
6169,40568,Texas
6170,40568,Texas
6171,40568,Texas
6172,40569,Texas
6173,40569,Texas
6174,40570,Texas
6175,40571,Texas
6176,40572,Texas
6177,40573,Texas
6178,40573,Texas
6179,40574,Texas
6180,40575,Texas
6181,40576,Texas
6182,40577,Texas
6183,40578,Texas
6184,40579,Texas
6185,40580,Texas
6186,40581,Texas
6187,40582,Texas
6188,40583,Texas
6189,40583,Texas
6190,40584,Texas
6191,40585,Texas
6192,40586,Texas
6193,40586,Texas
6194,40587,Texas
6195,40588,Texas
6196,40589,Texas
6197,40590,Texas
6198,40590,Texas
6199,40590,Texas
6200,40591,Texas
6201,40592,Texas
6202,40593,Texas
6203,40594,Texas
6204,40595,Texas
6205,40596,Texas
6206,40597,Texas
6207,40598,Texas
6208,40599,Texas
6209,40600,Texas
6210,40601,Texas
6211,40601,Texas
6212,40601,Texas
6213,40601,Texas
6214,40601,Texas
6215,40601,Texas
6216,40601,Texas
6217,40602,Texas
6218,40603,Texas
6219,40604,Texas
6220,40605,Texas
6221,40606,Texas
6222,40607,Texas
6223,40607,Texas
6224,40608,Texas
6225,40609,Texas
6226,40610,Texas
6227,40611,Texas
6228,40612,Texas
6229,40612,Texas
6230,40612,Texas
6231,40613,Texas
6232,40614,Texas
6233,40615,Texas
6234,40616,Texas
6235,40616,Texas
6236,40616,Texas
6237,40617,Texas
6238,40618,Texas
6239,40619,Texas
6240,40619,Texas
6241,40619,Texas
6242,40619,Texas
6243,40619,Texas
6244,40619,Texas
6245,40619,Texas
6246,40619,Texas
6247,40619,Texas
6248,40619,Texas
6249,40619,Texas
6250,40620,Texas
6251,40621,Texas
6252,40622,Texas
6253,40623,Texas
6254,40624,Texas
6255,40624,Texas
6256,40624,Texas
6257,40624,Texas
6258,40624,Texas
6259,40624,Texas
6260,40624,Texas
6261,40625,Texas
6262,40626,Texas
6263,40627,Texas
6264,40627,Texas
6265,40628,Texas
6266,40628,Texas
6267,40628,Texas
6268,40628,Texas
6269,40628,Texas
6270,40628,Texas
6271,40628,Texas
6272,40628,Texas
6273,40628,Texas
6274,40628,Texas
6275,40629,Texas
6276,40630,Texas
6277,40631,Texas
6278,40631,Texas
6279,40632,Texas
6280,40632,Texas
6281,40633,Texas
6282,40634,Texas
6283,40635,Texas
6284,40636,Texas
6285,40637,Texas
6286,40637,Texas
6287,40638,Texas
6288,40638,Texas
6289,40639,Texas
6290,40640,Texas
6291,40641,Texas
6292,40642,Texas
6293,40642,Texas
6294,40642,Texas
6295,40642,Texas
6296,40642,Texas
6297,40642,Texas
6298,40643,Texas
6299,40643,Texas
6300,40643,Texas
6301,40643,Texas
6302,40643,Texas
6303,40643,Texas
6304,40643,Texas
6305,40643,Texas
6306,40644,Texas
6307,40645,Texas
6308,40646,Texas
6309,40646,Texas
6310,40647,Texas
6311,40648,Texas
6312,40649,Texas
6313,40650,Texas
6314,40651,Texas
6315,40652,Texas
6316,40652,Texas
6317,40652,Texas
6318,40652,Texas
6319,40652,Texas
6320,40653,Texas
6321,40654,Texas
6322,40654,Texas
6323,40655,Texas
6324,40656,Texas
6325,40657,Texas
6326,40658,Texas
6327,40659,Texas
6328,40660,Texas
6329,40661,Texas
6330,40662,Texas
6331,40663,Texas
6332,40664,Texas
6333,40665,Texas
6334,40665,Texas
6335,40665,Texas
6336,40666,Texas
6337,40667,Texas
6338,40668,Texas
6339,40669,Texas
6340,40670,Texas
6341,40671,Texas
6342,40672,Texas
6343,40672,Texas
6344,40672,Texas
6345,40673,Texas
6346,40121,Texas
6349,40675,Texas
6350,40675,Texas
6351,40675,Texas
6352,40676,Texas
6353,40677,Texas
6354,40678,Texas
6355,40678,Texas
6356,40679,Texas
6357,40680,Texas
6358,40681,Texas
6359,40682,Texas
6360,40682,Texas
7001,40683,Texas
7002,40684,Texas
7003,40684,Texas
7004,40684,Texas
7005,40684,Texas
7006,40684,Texas
7007,40684,Texas
7008,40684,Texas
7009,40684,Texas
7010,40685,Texas
7011,40686,Texas
7012,40687,Texas
7013,40688,Texas
7014,40689,Texas
7015,40689,Texas
7016,40690,Texas
7017,40691,Texas
7018,40692,Texas
7019,40692,Texas
7020,40692,Texas
7021,40692,Texas
7022,40692,Texas
7023,40692,Texas
7024,40692,Texas
7025,40692,Texas
7026,40693,Texas
7027,40694,Texas
7028,40695,Texas
7029,40696,Texas
7030,40696,Texas
7031,40696,Texas
7032,40696,Texas
7033,40696,Texas
7034,40696,Texas
7035,40697,Texas
7036,40697,Texas
7037,40698,Texas
7038,40698,Texas
7039,40698,Texas
7040,40699,Texas
7041,40699,Texas
7042,40700,Texas
7043,40700,Texas
7044,40700,Texas
7045,40700,Texas
7046,40700,Texas
7047,40701,Texas
7048,40701,Texas
7049,40701,Texas
7050,40702,Texas
7051,40703,Texas
7052,40704,Texas
7053,40705,Texas
7054,40706,Texas
7055,40707,Texas
7056,40708,Texas
7057,40708,Texas
7058,40709,Texas
7059,40709,Texas
7060,40709,Texas
7061,40709,Texas
7062,40709,Texas
7063,40709,Texas
7064,40709,Texas
7065,40709,Texas
7066,40709,Texas
7067,40710,Texas
7068,40711,Texas
7069,40711,Texas
7070,40712,Texas
7071,40713,Texas
7072,40714,Texas
7073,40715,Texas
7074,40715,Texas
7075,40716,Texas
7076,40717,Texas
7077,40717,Texas
7078,40717,Texas
7079,40717,Texas
7080,40717,Texas
7081,40717,Texas
7082,40717,Texas
7083,40718,Texas
7084,40718,Texas
7085,40719,Texas
7086,40720,Texas
7087,40721,Texas
7088,40722,Texas
7089,40723,Texas
7090,40724,Texas
7091,40725,Texas
7092,40726,Texas
7093,40727,Texas
7094,40728,Texas
7095,40729,Texas
7096,40729,Texas
7097,40729,Texas
7098,40729,Texas
7099,40729,Texas
7100,40730,Texas
7101,40731,Texas
7102,40732,Texas
7103,40733,Texas
7104,40734,Texas
7105,40734,Texas
7106,40734,Texas
7107,40734,Texas
7108,40734,Texas
7109,40734,Texas
7110,40734,Texas
7111,40734,Texas
7112,40734,Texas
7113,40734,Texas
7114,40734,Texas
7115,40734,Texas
7116,40735,Texas
7117,40736,Texas
7118,40737,Texas
7119,40738,Texas
7120,40739,Texas
7121,40739,Texas
7122,40739,Texas
7123,40740,Texas
7124,40741,Texas
7125,40742,Texas
7126,40742,Texas
7127,40742,Texas
7128,40743,Texas
7129,40744,Texas
7130,40745,Texas
7131,40745,Texas
7132,40745,Texas
7133,40745,Texas
7134,40745,Texas
7135,40745,Texas
7136,40745,Texas
7137,40745,Texas
7138,40745,Texas
7139,40745,Texas
7140,40745,Texas
7141,40745,Texas
7142,40745,Texas
7143,40746,Texas
7144,40747,Texas
7145,40748,Texas
7146,40748,Texas
7147,40749,Texas
7148,40750,Texas
7149,40751,Texas
7150,40752,Texas
7151,40752,Texas
7152,40753,Texas
7153,40754,Texas
7154,40755,Texas
7155,40756,Texas
7156,40757,Texas
7157,40757,Texas
7158,40758,Texas
7159,40759,Texas
7160,40759,Texas
7161,40759,Texas
7162,40759,Texas
7163,40759,Texas
7164,40759,Texas
7165,40759,Texas
7166,40759,Texas
7167,40759,Texas
7168,40759,Texas
7169,40759,Texas
7170,40759,Texas
7171,40760,Texas
7172,40760,Texas
7173,40761,Texas
7174,40762,Texas
7175,40763,Texas
7176,40763,Texas
7177,40763,Texas
7178,40764,Texas
7179,40765,Texas
7180,40766,Texas
7181,40767,Texas
7182,40768,Texas
7183,40769,Texas
7184,40770,Texas
7185,40770,Texas
7186,40771,Texas
7187,40771,Texas
7188,40771,Texas
7189,40771,Texas
7190,40771,Texas
7191,40771,Texas
7192,40771,Texas
7193,40771,Texas
7194,40771,Texas
7195,40771,Texas
7196,40771,Texas
7197,40771,Texas
7198,40772,Texas
7199,40773,Texas
7200,40773,Texas
7201,40773,Texas
7202,40774,Texas
7203,40775,Texas
7204,40776,Texas
7205,40776,Texas
7206,40776,Texas
7207,40776,Texas
7208,40776,Texas
7209,40776,Texas
7210,40776,Texas
7211,40776,Texas
7212,40776,Texas
7213,40777,Texas
7214,40778,Texas
7215,40779,Texas
7216,40780,Texas
7217,40781,Texas
7218,40782,Texas
7219,40783,Texas
7220,40784,Texas
7221,40785,Texas
7222,40786,Texas
7223,40787,Texas
7224,40788,Texas
7225,40789,Texas
7226,40790,Texas
7227,40791,Texas
7228,40791,Texas
7229,40791,Texas
7230,40792,Texas
7231,40793,Texas
7232,40794,Texas
7233,40795,Texas
7234,40796,Texas
7235,40797,Texas
7236,40798,Texas
7237,40799,Texas
7238,40800,Texas
7239,40801,Texas
7240,40802,Texas
7241,40803,Texas
7242,40804,Texas
7243,40805,Texas
7244,40806,Texas
7245,40807,Texas
7246,40808,Texas
7247,40809,Texas
7248,40810,Texas
7249,40811,Texas
7250,40812,Texas
7251,40813,Texas
7252,40814,Texas
7253,40814,Texas
7254,40815,Texas
7255,40816,Texas
7256,40817,Texas
7257,40818,Texas
7258,40819,Texas
7259,40820,Texas
7260,40821,Texas
7261,40822,Texas
7262,40822,Texas
7263,40823,Texas
7264,40823,Texas
7265,40823,Texas
7266,40823,Texas
7267,40823,Texas
7268,40823,Texas
7269,40823,Texas
7270,40823,Texas
7271,40824,Texas
7272,40825,Texas
7273,40826,Texas
7274,40827,Texas
7275,40827,Texas
7276,40828,Texas
7277,40829,Texas
7278,40830,Texas
7279,40830,Texas
7280,40830,Texas
7281,40830,Texas
7282,40831,Texas
7283,40831,Texas
7284,40831,Texas
7285,40831,Texas
7286,40831,Texas
7287,40831,Texas
7288,40831,Texas
7289,40831,Texas
7290,40832,Texas
7291,40833,Texas
7292,40834,Texas
7293,40835,Texas
7294,40836,Texas
7295,40837,Texas
7296,40838,Texas
7297,40839,Texas
7298,40840,Texas
7299,40841,Texas
7300,40842,Texas
7301,40843,Texas
7302,40844,Texas
7303,40845,Texas
7304,40846,Texas
7305,40846,Texas
7306,40846,Texas
7307,40846,Texas
7308,40846,Texas
7309,40846,Texas
7310,40846,Texas
7311,40846,Texas
7312,40847,Texas
7313,40847,Texas
7314,40848,Texas
7315,40849,Texas
7316,40850,Texas
7317,40851,Texas
7318,40852,Texas
7319,40853,Texas
7320,40854,Texas
7321,40854,Texas
7322,40854,Texas
7323,40854,Texas
7324,40854,Texas
7325,40854,Texas
7326,40854,Texas
7327,40855,Texas
7328,40855,Texas
7329,40855,Texas
7330,40856,Texas
7331,40857,Texas
7332,40857,Texas
7333,40857,Texas
7334,40857,Texas
7335,40857,Texas
7336,40858,Texas
7337,40859,Texas
7338,40860,Texas
7339,40861,Texas
7340,40862,Texas
7341,40863,Texas
7342,40863,Texas
7343,40863,Texas
7344,40864,Texas
7345,40865,Texas
7346,40866,Texas
7347,40866,Texas
7348,40866,Texas
7349,40866,Texas
7350,40866,Texas
7351,40866,Texas
7352,40866,Texas
7353,40866,Texas
7354,40866,Texas
7355,40866,Texas
7356,40866,Texas
7357,40866,Texas
7358,40866,Texas
7359,40866,Texas
7360,40866,Texas
7361,40866,Texas
7362,40867,Texas
7363,40868,Texas
7364,40869,Texas
7365,40870,Texas
7366,40871,Texas
7367,40871,Texas
7368,40871,Texas
7369,40871,Texas
7370,40871,Texas
7371,40871,Texas
7372,40871,Texas
7373,40871,Texas
7374,40871,Texas
7375,40871,Texas
7376,40871,Texas
7377,40871,Texas
7378,40871,Texas
7379,40871,Texas
7380,40872,Texas
7381,40873,Texas
7382,40874,Texas
7383,40875,Texas
7384,40876,Texas
7385,40877,Texas
7386,40878,Texas
7387,40879,Texas
7388,40880,Texas
7389,40881,Texas
7390,40881,Texas
7391,40881,Texas
7392,40882,Texas
7393,40883,Texas
7394,40884,Texas
7395,40885,Texas
7396,40886,Texas
7397,40887,Texas
7398,40888,Texas
7399,40889,Texas
7400,40890,Texas
7401,40890,Texas
7402,40890,Texas
7403,40891,Texas
7404,40892,Texas
7405,40893,Texas
7406,40894,Texas
7407,40894,Texas
7408,40894,Texas
7409,40895,Texas
7410,40895,Texas
7411,40896,Texas
7412,40897,Texas
7413,40898,Texas
7414,40899,Texas
7415,40899,Texas
7416,40899,Texas
7417,40900,Texas
7418,40901,Texas
7419,40902,Texas
7420,40903,Texas
7421,40903,Texas
7422,40904,Texas
7423,40904,Texas
7424,40904,Texas
7425,40905,Texas
7426,40906,Texas
7427,40907,Texas
7428,40908,Texas
7429,40908,Texas
7430,40908,Texas
7431,40909,Texas
7432,40910,Texas
8001,40911,Texas
8002,40912,Texas
8003,40913,Texas
8004,40914,Texas
8005,40914,Texas
8006,40915,Texas
8007,40916,Texas
8008,40917,Texas
8009,40918,Texas
8010,40919,Texas
8011,40920,Texas
8012,40921,Texas
8013,40922,Texas
8014,40923,Texas
8015,40924,Texas
8016,40925,Texas
8017,40926,Texas
8018,40927,Texas
8019,40927,Texas
8020,40928,Texas
8021,40929,Texas
8022,40930,Texas
8023,40931,Texas
8024,40931,Texas
8025,40932,Texas
8026,40933,Texas
8027,40934,Texas
8028,40935,Texas
8029,40936,Texas
8030,40937,Texas
8031,40937,Texas
8032,40937,Texas
8033,40937,Texas
8034,40937,Texas
8035,40937,Texas
8036,40937,Texas
8037,40938,Texas
8038,40939,Texas
8039,40940,Texas
8040,40941,Texas
8041,40942,Texas
8042,40943,Texas
8043,40944,Texas
8044,40944,Texas
8045,40944,Texas
8046,40944,Texas
8047,40944,Texas
8048,40944,Texas
8049,40944,Texas
8050,40944,Texas
8051,40944,Texas
8052,40945,Texas
8053,40946,Texas
8054,40947,Texas
8055,40948,Texas
8056,40949,Texas
8057,40950,Texas
8058,40950,Texas
8059,40950,Texas
8060,40950,Texas
8061,40950,Texas
8062,40951,Texas
8063,40952,Texas
8064,40953,Texas
8065,40954,Texas
8066,40955,Texas
8067,40956,Texas
8068,40956,Texas
8069,40956,Texas
8070,40956,Texas
8071,40956,Texas
8072,40957,Texas
8073,40958,Texas
8074,40959,Texas
8075,40959,Texas
8076,40959,Texas
8077,40959,Texas
8078,40959,Texas
8079,40959,Texas
8080,40959,Texas
8081,40960,Texas
8082,40961,Texas
8083,40961,Texas
8084,40961,Texas
8085,40961,Texas
8086,40961,Texas
8087,40961,Texas
8088,40961,Texas
8089,40962,Texas
8090,40963,Texas
8091,40964,Texas
8092,40965,Texas
8093,40966,Texas
8094,40967,Texas
8095,40967,Texas
8096,40968,Texas
8097,40969,Texas
8098,40969,Texas
8099,40969,Texas
8100,40970,Texas
8101,40971,Texas
8102,40972,Texas
8103,40973,Texas
8104,40974,Texas
8105,40975,Texas
8106,40975,Texas
8107,40976,Texas
8108,40977,Texas
8109,40978,Texas
8110,40979,Texas
8111,40980,Texas
8112,40981,Texas
8113,40981,Texas
8114,40981,Texas
8115,40981,Texas
8116,40981,Texas
8117,40981,Texas
8118,40982,Texas
8119,40983,Texas
8120,40984,Texas
8121,40985,Texas
8122,40986,Texas
8123,40987,Texas
8124,40988,Texas
8125,40989,Texas
8126,40990,Texas
8127,40990,Texas
8128,40990,Texas
8129,40990,Texas
8130,40990,Texas
8131,40990,Texas
8132,40991,Texas
8133,40992,Texas
8134,40992,Texas
8135,40993,Texas
8136,40994,Texas
8137,40995,Texas
8138,40996,Texas
8139,40997,Texas
8140,40997,Texas
8141,40998,Texas
8142,40999,Texas
8143,41000,Texas
8144,41001,Texas
8145,41002,Texas
8146,41003,Texas
8147,41004,Texas
8148,41004,Texas
8149,41004,Texas
8150,41005,Texas
8151,41006,Texas
8152,41007,Texas
8153,41008,Texas
8154,41009,Texas
8155,41010,Texas
8156,41010,Texas
8157,41010,Texas
8158,41011,Texas
8159,41011,Texas
8160,41011,Texas
