plant_id,bus_agg,Pg,Qg,Qmax,Qmin,Vg,mBase,status,Pmax,Pmin,Pc1,Pc2,Qc1min,Qc1max,Qc2min,Qc2max,ramp_agc,ramp_10,ramp_30,ramp_q,apf,mu_Pmax,mu_Pmin,mu_Qmax,mu_Qmin,type,interconnect,GenFuelCost,GenIOB,GenIOC,GenIOD
12875,2096,158.25,-30.38,44.94,-30.38,1.01,253.2,1,211,0,0,0,0,0,0,0,0,0,0,0,211,0,0,0,0,wind,Texas,0,0,0,0
12876,3048,25.73,-4.94,7.31,-4.94,1,41.16,1,34.3,0,0,0,0,0,0,0,0,0,0,0,34.3,0,0,0,0,wind,Texas,0,0,0,0
12877,1079,61.87,-11.88,17.57,-11.88,1,99,1,82.5,0,0,0,0,0,0,0,0,0,0,0,82.5,0,0,0,0,wind,Texas,0,0,0,0
12878,1079,9.99,0,0,0,1,12,1,10,0,0,0,0,0,0,0,0,0,0,0,10,0,0,0,0,solar,Texas,0,0,0,0
12879,1079,149.63,-28.73,42.49,-28.73,1,239.4,1,199.5,0,0,0,0,0,0,0,0,0,0,0,199.5,0,0,0,0,wind,Texas,0,0,0,0
12880,2096,135,-1.36,38.34,-25.92,1.01,216,1,180,0,0,0,0,0,0,0,0,0,0,0,180,0,0,0,0,wind,Texas,0,0,0,0
12881,1079,93.15,-7.89,26.45,-17.88,1,149.04,1,124.2,0,0,0,0,0,0,0,0,0,0,0,124.2,0,0,0,0,wind,Texas,0,0,0,0
12882,1079,208.5,-40.03,59.21,-40.03,1,333.6,1,278,0,0,0,0,0,0,0,0,0,0,0,278,0,0,0,0,wind,Texas,0,0,0,0
12883,3048,67.5,-12.96,19.17,-12.96,1,108,1,90,0,0,0,0,0,0,0,0,0,0,0,90,0,0,0,0,wind,Texas,0,0,0,0
12884,1079,110.63,-21.24,31.42,-21.24,1,177,1,147.5,0,0,0,0,0,0,0,0,0,0,0,147.5,0,0,0,0,wind,Texas,0,0,0,0
12885,1079,0,0,25.96,-17.55,1,146.28,0,121.9,0,0,0,0,0,0,0,0,0,0,0,121.9,0,0,0,0,wind,Texas,0,0,0,0
12886,1079,44.1,-4.93,12.52,-8.47,1,70.56,1,58.8,0,0,0,0,0,0,0,0,0,0,0,58.8,0,0,0,0,wind,Texas,0,0,0,0
12887,1079,0,0,165.53,-36.1,1,390.24,0,325.2,97.56,0,0,0,0,0,0,0,0,132.06,0,325.2,0,0,0,0,ng,Texas,3.723,5.0069,4e-4,0
12888,1079,0,0,165.53,-36.1,1,390.24,0,325.2,97.56,0,0,0,0,0,0,0,0,132.06,0,325.2,0,0,0,0,ng,Texas,3.723,5.0069,4e-4,0
12889,1079,89.27,-9.92,45.5,-9.92,1,107.28,1,89.4,26.82,0,0,0,0,0,0,0,0,44.7,0,89.4,0,0,0,0,ng,Texas,3.723,4.6909,4e-4,0
12890,1079,89.27,-7.94,45.5,-9.92,1,107.28,1,89.4,26.82,0,0,0,0,0,0,0,0,44.7,0,89.4,0,0,0,0,ng,Texas,3.723,4.6909,4e-4,0
12891,1079,89.27,-9.92,45.5,-9.92,1,107.28,1,89.4,26.82,0,0,0,0,0,0,0,0,44.7,0,89.4,0,0,0,0,ng,Texas,3.723,4.6909,4e-4,0
12892,1079,0,0,91.01,-19.85,1,214.56,0,178.8,53.64,0,0,0,0,0,0,0,0,89.4,0,178.8,0,0,0,0,ng,Texas,3.723,4.8107,4e-4,0
12893,1079,0,0,25.56,-17.28,1,144,0,120,0,0,0,0,0,0,0,0,0,0,0,120,0,0,0,0,wind,Texas,0,0,0,0
12894,3048,0,0,2.85,-0.62,1.04,6.72,0,5.6,1.68,0,0,0,0,0,0,0,0,2.8,0,5.6,0,0,0,0,ng,Texas,3.723,4.5786,4e-4,0
12895,3048,0,0,1.02,-0.22,1.04,2.4,0,2,0.6,0,0,0,0,0,0,0,0,1,0,2,0,0,0,0,ng,Texas,3.723,4.5738,4e-4,0
12896,3048,0,0,0,0,1.01,1.8,0,1.5,0,0,0,0,0,0,0,0,0,0,0,1.5,0,0,0,0,solar,Texas,0,0,0,0
12897,3048,0,0,0,0,1.01,276,0,230,0,0,0,0,0,0,0,0,0,0,0,230,0,0,0,0,solar,Texas,0,0,0,0
12898,1079,106.88,-4.79,30.35,-20.52,1,171,1,142.5,0,0,0,0,0,0,0,0,0,0,0,142.5,0,0,0,0,wind,Texas,0,0,0,0
12899,3048,120.38,16.42,34.19,-23.11,1.04,192.6,1,160.5,0,0,0,0,0,0,0,0,0,0,0,160.5,0,0,0,0,wind,Texas,0,0,0,0
12900,1079,191.85,10.71,97.8,-21.33,1.01,230.56,1,192.13,57.64,0,0,0,0,0,0,0,0,96.06,0,192.13,0,0,0,0,ng,Texas,3.723,4.8286,4e-4,0
12901,1079,191.85,23.64,97.8,-21.33,1.01,230.56,1,192.13,57.64,0,0,0,0,0,0,0,0,96.06,0,192.13,0,0,0,0,ng,Texas,3.723,4.8286,4e-4,0
12902,1079,191.85,18.7,97.8,-21.33,1.01,230.56,1,192.13,57.64,0,0,0,0,0,0,0,0,96.06,0,192.13,0,0,0,0,ng,Texas,3.723,4.8286,4e-4,0
12903,1079,191.85,17.01,97.8,-21.33,1.01,230.56,1,192.13,57.64,0,0,0,0,0,0,0,0,96.06,0,192.13,0,0,0,0,ng,Texas,3.723,4.8286,4e-4,0
12904,1079,0,0,97.8,-21.33,1.01,230.56,0,192.13,57.64,0,0,0,0,0,0,0,0,96.06,0,192.13,0,0,0,0,ng,Texas,3.723,4.8286,4e-4,0
12905,1079,0,0,97.8,-21.33,1.01,230.56,0,192.13,57.64,0,0,0,0,0,0,0,0,96.06,0,192.13,0,0,0,0,ng,Texas,3.723,4.8286,4e-4,0
12906,1079,95.36,9.08,48.61,-10.6,1.01,114.6,1,95.5,28.65,0,0,0,0,0,0,0,0,47.75,0,95.5,0,0,0,0,ng,Texas,3.723,4.6991,4e-4,0
12907,1079,95.36,-10.6,48.61,-10.6,1.01,114.6,1,95.5,28.65,0,0,0,0,0,0,0,0,47.75,0,95.5,0,0,0,0,ng,Texas,3.723,4.6991,4e-4,0
12908,1079,95.36,6.37,48.61,-10.6,1.01,114.6,1,95.5,28.65,0,0,0,0,0,0,0,0,47.75,0,95.5,0,0,0,0,ng,Texas,3.723,4.6991,4e-4,0
12909,1079,0,0,145.83,-31.8,1.01,343.8,0,286.5,85.95,0,0,0,0,0,0,0,0,124.66,0,286.5,0,0,0,0,ng,Texas,3.723,4.955,4e-4,0
12910,1079,112.5,-21.6,31.95,-21.6,1,180,1,150,0,0,0,0,0,0,0,0,0,0,0,150,0,0,0,0,wind,Texas,0,0,0,0
12911,1079,86.62,24.6,24.6,-16.63,1.04,138.6,1,115.5,0,0,0,0,0,0,0,0,0,0,0,115.5,0,0,0,0,wind,Texas,0,0,0,0
12912,1079,56.25,-8.13,15.97,-10.8,1,90,1,75,0,0,0,0,0,0,0,0,0,0,0,75,0,0,0,0,wind,Texas,0,0,0,0
12913,1079,114.37,9.6,32.48,-21.96,1.02,183,1,152.5,0,0,0,0,0,0,0,0,0,0,0,152.5,0,0,0,0,wind,Texas,0,0,0,0
12914,1079,27,7.67,7.67,-5.18,1.02,43.2,1,36,0,0,0,0,0,0,0,0,0,0,0,36,0,0,0,0,wind,Texas,0,0,0,0
12915,2002,0,0,199.43,-43.49,1.02,470.16,0,391.8,117.54,0,0,0,0,0,0,0,0,139.54,0,391.8,0,0,0,0,ng,Texas,5.395,5.0961,4e-4,0
12916,2002,0,0,199.43,-43.49,1.02,470.16,0,391.8,117.54,0,0,0,0,0,0,0,0,139.54,0,391.8,0,0,0,0,ng,Texas,5.395,5.0961,4e-4,0
12917,2002,0,0,199.43,-43.49,1.02,470.16,0,391.8,117.54,0,0,0,0,0,0,0,0,139.54,0,391.8,0,0,0,0,ng,Texas,5.395,5.0961,4e-4,0
12918,2011,150.45,-28.89,42.73,-28.89,1,240.72,1,200.6,0,0,0,0,0,0,0,0,0,0,0,200.6,0,0,0,0,wind,Texas,0,0,0,0
12919,2017,0,0,46.43,-31.39,1.04,261.6,0,218,0,0,0,0,0,0,0,0,0,0,0,218,0,0,0,0,wind,Texas,0,0,0,0
12920,2021,83.21,3.63,42.42,-9.25,1.02,100,1,83.33,25,0,0,0,0,0,0,0,0,41.66,0,83.33,0,0,0,0,ng,Texas,3.628,4.6828,4e-4,0
12921,2021,166.42,6.12,84.83,-18.5,1.02,200,1,166.67,50,0,0,0,0,0,0,0,0,83.33,0,166.67,0,0,0,0,ng,Texas,3.628,4.7945,4e-4,0
12922,2011,59.7,-11.46,16.95,-11.46,1.01,95.52,1,79.6,0,0,0,0,0,0,0,0,0,0,0,79.6,0,0,0,0,wind,Texas,0,0,0,0
12923,2054,0,0,2.8,-0.73,0.99,7.2,0,6,1.8,0,0,0,0,0,0,0,0,2.4,0,6,0,0,0,0,coal,Texas,2.154,8.0169,8e-4,0
12924,2054,579.67,-79.15,335.52,-87.84,0.99,864,1,720,216,0,0,0,0,0,0,0,0,210,0,720,0,0,0,0,coal,Texas,2.154,8.0169,8e-4,0
12925,2127,60,-11.52,17.04,-11.52,1,96,1,80,0,0,0,0,0,0,0,0,0,0,0,80,0,0,0,0,wind,Texas,0,0,0,0
12926,2054,101.55,-15.32,28.84,-19.5,1.02,162.48,1,135.4,0,0,0,0,0,0,0,0,0,0,0,135.4,0,0,0,0,wind,Texas,0,0,0,0
13461,2002,0,0,0,0,1,100,1,80,0,0,0,0,0,0,0,0,0,0,0,0,0,0,0,0,hydro,Texas,3.975,4.7027,4e-4,0
12927,5236,112.5,-5.4,31.95,-21.6,1,180,1,150,0,0,0,0,0,0,0,0,0,0,0,150,0,0,0,0,wind,Texas,0,0,0,0
12928,3048,22.5,6.39,6.39,-4.32,1.04,36,1,30,0,0,0,0,0,0,0,0,0,0,0,30,0,0,0,0,wind,Texas,0,0,0,0
12929,2101,84.38,-8.99,23.96,-16.2,1.02,135,1,112.5,0,0,0,0,0,0,0,0,0,0,0,112.5,0,0,0,0,wind,Texas,0,0,0,0
12930,2054,19.97,7.32,10.18,-2.22,1.02,24,1,20,6,0,0,0,0,0,0,0,0,10,0,20,0,0,0,0,ng,Texas,3.487,4.5979,4e-4,0
12931,2054,0,0,10.18,-2.22,1.02,24,0,20,6,0,0,0,0,0,0,0,0,10,0,20,0,0,0,0,ng,Texas,3.487,4.5979,4e-4,0
12932,2054,0,0,20.36,-4.44,1.02,48,0,40,12,0,0,0,0,0,0,0,0,20,0,40,0,0,0,0,ng,Texas,3.487,4.6247,4e-4,0
12933,5236,50.7,-1.65,14.4,-9.73,1,81.12,1,67.6,0,0,0,0,0,0,0,0,0,0,0,67.6,0,0,0,0,wind,Texas,0,0,0,0
12934,2011,0,0,2.13,-1.44,1,12,0,10,0,0,0,0,0,0,0,0,0,0,0,10,0,0,0,0,wind,Texas,0,0,0,0
12935,2011,0,0,16.93,-11.45,1,95.4,0,79.5,0,0,0,0,0,0,0,0,0,0,0,79.5,0,0,0,0,wind,Texas,0,0,0,0
12936,2096,7.5,-1.44,2.13,-1.44,1.02,12,1,10,0,0,0,0,0,0,0,0,0,0,0,10,0,0,0,0,wind,Texas,0,0,0,0
12937,2096,112.5,-21.6,31.95,-21.6,1.02,180,1,150,0,0,0,0,0,0,0,0,0,0,0,150,0,0,0,0,wind,Texas,0,0,0,0
12938,2101,0,0,136.28,-29.72,1,321.28,0,267.73,80.32,0,0,0,0,0,0,0,0,120.26,0,267.73,0,0,0,0,ng,Texas,5.395,4.9299,4e-4,0
12939,2101,0,0,136.28,-29.72,1,321.28,0,267.73,80.32,0,0,0,0,0,0,0,0,120.26,0,267.73,0,0,0,0,ng,Texas,5.395,4.9299,4e-4,0
12940,2101,0,0,136.28,-29.72,1,321.28,0,267.73,80.32,0,0,0,0,0,0,0,0,120.26,0,267.73,0,0,0,0,ng,Texas,5.395,4.9299,4e-4,0
12941,2113,184.45,-20.5,94.02,-20.5,1,221.66,1,184.72,55.41,0,0,0,0,0,0,0,0,92.36,0,184.72,0,0,0,0,ng,Texas,3.628,4.8187,4e-4,0
12942,2113,184.45,-20.5,94.02,-20.5,1,221.66,1,184.72,55.41,0,0,0,0,0,0,0,0,92.36,0,184.72,0,0,0,0,ng,Texas,3.628,4.8187,4e-4,0
12943,2113,184.45,-20.5,94.02,-20.5,1,221.66,1,184.72,55.41,0,0,0,0,0,0,0,0,92.36,0,184.72,0,0,0,0,ng,Texas,3.628,4.8187,4e-4,0
12944,2113,184.45,-20.5,94.02,-20.5,1,221.66,1,184.72,55.41,0,0,0,0,0,0,0,0,92.36,0,184.72,0,0,0,0,ng,Texas,3.628,4.8187,4e-4,0
12945,2113,184.45,-20.5,94.02,-20.5,1,221.66,1,184.72,55.41,0,0,0,0,0,0,0,0,92.36,0,184.72,0,0,0,0,ng,Texas,3.628,4.8187,4e-4,0
12946,2113,184.45,-13.02,94.02,-20.5,1.01,221.66,1,184.72,55.41,0,0,0,0,0,0,0,0,92.36,0,184.72,0,0,0,0,ng,Texas,3.628,4.8187,4e-4,0
12947,2127,136.28,-26.16,38.7,-26.16,1,218.04,1,181.7,0,0,0,0,0,0,0,0,0,0,0,181.7,0,0,0,0,wind,Texas,0,0,0,0
12948,2127,216.45,61.47,61.47,-41.56,1.04,346.32,1,288.6,0,0,0,0,0,0,0,0,0,0,0,288.6,0,0,0,0,wind,Texas,0,0,0,0
12949,3048,28.13,-5.4,7.99,-5.4,1,45,1,37.5,0,0,0,0,0,0,0,0,0,0,0,37.5,0,0,0,0,wind,Texas,0,0,0,0
12950,3048,127.13,-3.11,36.1,-24.41,1.01,203.4,1,169.5,0,0,0,0,0,0,0,0,0,0,0,169.5,0,0,0,0,wind,Texas,0,0,0,0
12951,3048,112.5,-0.04,31.95,-21.6,1.03,180,1,150,0,0,0,0,0,0,0,0,0,0,0,150,0,0,0,0,wind,Texas,0,0,0,0
12952,5394,150,30.9,42.6,-28.8,1.04,240,1,200,0,0,0,0,0,0,0,0,0,0,0,200,0,0,0,0,wind,Texas,0,0,0,0
12953,2096,97.87,16.69,27.8,-18.79,1.03,156.6,1,130.5,0,0,0,0,0,0,0,0,0,0,0,130.5,0,0,0,0,wind,Texas,0,0,0,0
12954,5394,156.75,32.46,44.52,-30.1,1.04,250.8,1,209,0,0,0,0,0,0,0,0,0,0,0,209,0,0,0,0,wind,Texas,0,0,0,0
12955,3048,0,0,0.66,-0.14,1.04,1.56,0,1.3,0.39,0,0,0,0,0,0,0,0,0.65,0,1.3,0,0,0,0,ng,Texas,4.198,4.5729,4e-4,0
12956,3048,0,0,45.5,-9.92,1.04,107.28,0,89.4,26.82,0,0,0,0,0,0,0,0,44.7,0,89.4,0,0,0,0,ng,Texas,4.198,4.6909,4e-4,0
12957,3048,0,0,227.52,-49.62,1.04,536.4,0,447,134.1,0,0,0,0,0,0,0,0,140.69,0,447,0,0,0,0,ng,Texas,4.198,5.1701,4e-4,0
12958,3048,180.75,51.33,51.33,-34.7,1.04,289.2,1,241,0,0,0,0,0,0,0,0,0,0,0,241,0,0,0,0,wind,Texas,0,0,0,0
13462,3048,0,0,0,0,1,100,1,75.8,0,0,0,0,0,0,0,0,0,0,0,0,0,0,0,0,hydro,Texas,3.975,4.7027,4e-4,0
12959,5394,183.88,29.03,52.22,-35.3,1.04,294.2,1,245.17,0,0,0,0,0,0,0,0,0,0,0,245.17,0,0,0,0,wind,Texas,0,0,0,0
12960,5394,183.88,20.55,52.22,-35.3,1.04,294.2,1,245.17,0,0,0,0,0,0,0,0,0,0,0,245.17,0,0,0,0,wind,Texas,0,0,0,0
12961,5394,183.88,18.83,52.22,-35.3,1.04,294.2,1,245.17,0,0,0,0,0,0,0,0,0,0,0,245.17,0,0,0,0,wind,Texas,0,0,0,0
12962,3048,124.22,10.79,35.28,-23.85,1.04,198.75,1,165.63,0,0,0,0,0,0,0,0,0,0,0,165.63,0,0,0,0,wind,Texas,0,0,0,0
12963,3048,124.22,10.59,35.28,-23.85,1.04,198.75,1,165.63,0,0,0,0,0,0,0,0,0,0,0,165.63,0,0,0,0,wind,Texas,0,0,0,0
12964,3048,124.22,12.87,35.28,-23.85,1.04,198.75,1,165.63,0,0,0,0,0,0,0,0,0,0,0,165.63,0,0,0,0,wind,Texas,0,0,0,0
12965,3048,124.22,10.23,35.28,-23.85,1.04,198.75,1,165.63,0,0,0,0,0,0,0,0,0,0,0,165.63,0,0,0,0,wind,Texas,0,0,0,0
12966,3048,60.37,-11.59,17.15,-11.59,1,96.6,1,80.5,0,0,0,0,0,0,0,0,0,0,0,80.5,0,0,0,0,wind,Texas,0,0,0,0
12967,3048,112.5,22.42,31.95,-21.6,1.04,180,1,150,0,0,0,0,0,0,0,0,0,0,0,150,0,0,0,0,wind,Texas,0,0,0,0
12968,3048,127.65,-24.51,36.25,-24.51,1,204.24,1,170.2,0,0,0,0,0,0,0,0,0,0,0,170.2,0,0,0,0,wind,Texas,0,0,0,0
12969,3048,74.85,-7.15,21.26,-14.37,1,119.76,1,99.8,0,0,0,0,0,0,0,0,0,0,0,99.8,0,0,0,0,wind,Texas,0,0,0,0
12970,3048,186.75,25.43,53.04,-35.86,1.04,298.8,1,249,0,0,0,0,0,0,0,0,0,0,0,249,0,0,0,0,wind,Texas,0,0,0,0
12971,3048,174.37,-14.09,49.52,-33.48,1,279,1,232.5,0,0,0,0,0,0,0,0,0,0,0,232.5,0,0,0,0,wind,Texas,0,0,0,0
12972,3048,56.25,-2.4,15.97,-10.8,1,90,1,75,0,0,0,0,0,0,0,0,0,0,0,75,0,0,0,0,wind,Texas,0,0,0,0
12973,3048,0,0,15.97,-10.8,1,90,0,75,0,0,0,0,0,0,0,0,0,0,0,75,0,0,0,0,wind,Texas,0,0,0,0
12974,5394,150,18.47,42.6,-28.8,1.04,240,1,200,0,0,0,0,0,0,0,0,0,0,0,200,0,0,0,0,wind,Texas,0,0,0,0
12975,3048,90.45,17.28,25.69,-17.37,1.04,144.72,1,120.6,0,0,0,0,0,0,0,0,0,0,0,120.6,0,0,0,0,wind,Texas,0,0,0,0
12976,2096,120,16.96,34.08,-23.04,1.04,192,1,160,0,0,0,0,0,0,0,0,0,0,0,160,0,0,0,0,wind,Texas,0,0,0,0
12977,6349,44.5,-0.74,17.07,-0.74,1,18,1,44.5,0,0,0,0,0,0,0,0,0,0,0,15,0,0,0,0,hydro,Texas,0,0,0,0
12978,6349,53.02,-2.69,62.48,-2.69,1,65.88,1,18.5,0,0,0,0,0,0,0,0,0,0,0,54.9,0,0,0,0,hydro,Texas,0,0,0,0
12979,2096,63,11.52,17.89,-12.1,1.04,100.8,1,84,0,0,0,0,0,0,0,0,0,0,0,84,0,0,0,0,wind,Texas,0,0,0,0
12980,3048,56.1,-4,15.93,-10.77,1,89.76,1,74.8,0,0,0,0,0,0,0,0,0,0,0,74.8,0,0,0,0,wind,Texas,0,0,0,0
12981,3048,56.1,-3.31,15.93,-10.77,1,89.76,1,74.8,0,0,0,0,0,0,0,0,0,0,0,74.8,0,0,0,0,wind,Texas,0,0,0,0
12982,2096,47.25,-5.59,13.42,-9.07,1,75.6,1,63,0,0,0,0,0,0,0,0,0,0,0,63,0,0,0,0,wind,Texas,0,0,0,0
12983,2096,90,-9.26,25.56,-17.28,1,144,1,120,0,0,0,0,0,0,0,0,0,0,0,120,0,0,0,0,wind,Texas,0,0,0,0
12984,3048,29.7,0,0,0,1,47.52,1,39.6,0,0,0,0,0,0,0,0,0,0,0,39.6,0,0,0,0,solar,Texas,0,0,0,0
12985,3048,147.75,-14.42,41.96,-28.37,1,236.4,1,197,0,0,0,0,0,0,0,0,0,0,0,197,0,0,0,0,wind,Texas,0,0,0,0
12986,3048,101.25,-19.44,28.76,-19.44,1,162,1,135,0,0,0,0,0,0,0,0,0,0,0,135,0,0,0,0,wind,Texas,0,0,0,0
12987,3048,94.88,-18.22,26.94,-18.22,1,151.8,1,126.5,0,0,0,0,0,0,0,0,0,0,0,126.5,0,0,0,0,wind,Texas,0,0,0,0
12988,3048,85.5,6.75,24.28,-16.42,1.02,136.8,1,114,0,0,0,0,0,0,0,0,0,0,0,114,0,0,0,0,wind,Texas,0,0,0,0
12989,2096,0,0,26.11,-5.69,1.04,61.56,0,51.3,15.39,0,0,0,0,0,0,0,0,25.65,0,51.3,0,0,0,0,ng,Texas,4.198,4.6399,4e-4,0
12990,2096,0,0,26.11,-5.69,1.04,61.56,0,51.3,15.39,0,0,0,0,0,0,0,0,25.65,0,51.3,0,0,0,0,ng,Texas,4.198,4.6399,4e-4,0
12991,2096,0,0,26.11,-5.69,1.04,61.56,0,51.3,15.39,0,0,0,0,0,0,0,0,25.65,0,51.3,0,0,0,0,ng,Texas,4.198,4.6399,4e-4,0
12992,3048,75.9,21.56,21.56,-14.57,1.03,121.44,1,101.2,0,0,0,0,0,0,0,0,0,0,0,101.2,0,0,0,0,wind,Texas,0,0,0,0
12993,3048,68.62,-13.18,19.49,-13.18,1,109.8,1,91.5,0,0,0,0,0,0,0,0,0,0,0,91.5,0,0,0,0,wind,Texas,0,0,0,0
12994,4195,151.2,9.12,42.94,-29.03,1.03,241.92,1,201.6,0,0,0,0,0,0,0,0,0,0,0,201.6,0,0,0,0,wind,Texas,0,0,0,0
12995,7406,409.4,42.35,191.06,-50.02,1.03,492,1,410,123,0,0,0,0,0,0,0,0,146.06,0,410,0,0,0,0,coal,Texas,2.142,8.0169,8e-4,0
12996,7042,465.83,-41.42,290.04,-75.93,1.01,746.88,1,622.4,186.72,0,0,0,0,0,0,0,0,194.19,0,622.4,0,0,0,0,coal,Texas,2.142,8.0169,8e-4,0
12997,4195,93.4,5.86,35.86,-1.54,1.02,37.8,1,36,0,0,0,0,0,0,0,0,0,0,0,31.5,0,0,0,0,hydro,Texas,0,0,0,0
12998,4195,28.5,0.91,10.94,-0.47,1.02,11.52,1,9.6,0,0,0,0,0,0,0,0,0,0,0,9.6,0,0,0,0,hydro,Texas,0,0,0,0
12999,4195,27.48,0.6,75.1,-3.23,1.02,79.2,1,195.7,0,0,0,0,0,0,0,0,0,97.85,0,66,0,0,0,0,ng,Texas,0,0,0,0
13000,4195,150,-28.8,42.6,-28.8,1,240,1,200,0,0,0,0,0,0,0,0,0,0,0,200,0,0,0,0,wind,Texas,0,0,0,0
13001,4195,44.13,22.5,22.5,-4.91,1.04,53.04,1,44.2,13.26,0,0,0,0,0,0,0,0,22.1,0,44.2,0,0,0,0,ng,Texas,3.613,4.6304,4e-4,0
13002,4195,100.82,14.7,73.3,-15.98,1.03,172.8,1,144,43.2,0,0,0,0,0,0,0,0,72,0,144,0,0,0,0,ng,Texas,3.613,4.7641,4e-4,0
13003,4195,85.3,15.12,73.3,-15.98,1.03,172.8,1,144,43.2,0,0,0,0,0,0,0,0,72,0,144,0,0,0,0,ng,Texas,3.613,4.7641,4e-4,0
13004,4195,125.62,12.99,73.3,-15.98,1.03,172.8,1,144,43.2,0,0,0,0,0,0,0,0,72,0,144,0,0,0,0,ng,Texas,3.613,4.7641,4e-4,0
13005,4195,150.33,16.74,87.72,-19.13,1.03,206.8,1,172.33,51.7,0,0,0,0,0,0,0,0,86.17,0,172.33,0,0,0,0,ng,Texas,3.613,4.8021,4e-4,0
13006,4195,172.08,14.76,87.72,-19.13,1.03,206.8,1,172.33,51.7,0,0,0,0,0,0,0,0,86.17,0,172.33,0,0,0,0,ng,Texas,3.613,4.8021,4e-4,0
13007,4195,126.2,16.97,87.72,-19.13,1.03,206.8,1,172.33,51.7,0,0,0,0,0,0,0,0,86.17,0,172.33,0,0,0,0,ng,Texas,3.613,4.8021,4e-4,0
13008,4195,46.93,9.84,23.92,-5.22,1.02,56.4,1,47,14.1,0,0,0,0,0,0,0,0,23.5,0,47,0,0,0,0,ng,Texas,3.613,4.6341,4e-4,0
13009,4195,0,0,89.75,-19.57,1.03,211.6,0,176.33,52.9,0,0,0,0,0,0,0,0,88.17,0,176.33,0,0,0,0,ng,Texas,6.05,4.8074,4e-4,0
13010,4195,176.07,22.29,89.75,-19.57,1.03,211.6,1,176.33,52.9,0,0,0,0,0,0,0,0,88.17,0,176.33,0,0,0,0,ng,Texas,6.05,4.8074,4e-4,0
13011,4195,98.55,16.9,89.75,-19.57,1.03,211.6,1,176.33,52.9,0,0,0,0,0,0,0,0,88.17,0,176.33,0,0,0,0,ng,Texas,6.05,4.8074,4e-4,0
13012,4195,243.04,26.69,123.89,-27.02,1.04,292.08,1,243.4,73.02,0,0,0,0,0,0,0,0,113.78,0,243.4,0,0,0,0,ng,Texas,3.613,4.8973,4e-4,0
13013,4195,243.04,27.21,123.89,-27.02,1.04,292.08,1,243.4,73.02,0,0,0,0,0,0,0,0,113.78,0,243.4,0,0,0,0,ng,Texas,3.613,4.8973,4e-4,0
13014,4195,243.04,40.3,123.89,-27.02,1.04,292.08,1,243.4,73.02,0,0,0,0,0,0,0,0,113.78,0,243.4,0,0,0,0,ng,Texas,3.613,4.8973,4e-4,0
13015,4195,171.03,41.93,179.17,-39.07,1.04,422.4,1,352,105.6,0,0,0,0,0,0,0,0,135.87,0,352,0,0,0,0,ng,Texas,3.613,5.0428,4e-4,0
13016,4195,0,0,0.65,-0.17,1.01,1.68,0,1.4,0.42,0,0,0,0,0,0,0,0,0.56,0,1.4,0,0,0,0,coal,Texas,2.142,8.0169,8e-4,0
13017,4195,23.47,-1.01,10.95,-2.87,1.01,28.2,1,23.5,7.05,0,0,0,0,0,0,0,0,9.4,0,23.5,0,0,0,0,coal,Texas,2.142,8.0169,8e-4,0
13018,4195,0,0,3.54,-0.93,1.01,9.12,0,7.6,2.28,0,0,0,0,0,0,0,0,3.04,0,7.6,0,0,0,0,coal,Texas,2.142,8.0169,8e-4,0
13019,4195,27.96,-1.55,13.05,-3.42,1.01,33.6,1,28,8.4,0,0,0,0,0,0,0,0,11.2,0,28,0,0,0,0,coal,Texas,2.142,8.0169,8e-4,0
13020,4195,27.96,-2.66,13.05,-3.42,1.01,33.6,1,28,8.4,0,0,0,0,0,0,0,0,11.2,0,28,0,0,0,0,coal,Texas,2.142,8.0169,8e-4,0
13021,4195,27.96,-1.57,13.05,-3.42,1.01,33.6,1,28,8.4,0,0,0,0,0,0,0,0,11.2,0,28,0,0,0,0,coal,Texas,2.142,8.0169,8e-4,0
13022,4195,0,0,13.05,-3.42,1.01,33.6,0,28,8.4,0,0,0,0,0,0,0,0,11.2,0,28,0,0,0,0,coal,Texas,2.142,8.0169,8e-4,0
13023,4195,27.96,-1.41,13.05,-3.42,1.01,33.6,1,28,8.4,0,0,0,0,0,0,0,0,11.2,0,28,0,0,0,0,coal,Texas,2.142,8.0169,8e-4,0
13024,4195,0,0,13.05,-3.42,1.01,33.6,0,28,8.4,0,0,0,0,0,0,0,0,11.2,0,28,0,0,0,0,coal,Texas,2.142,8.0169,8e-4,0
13025,4195,135,13.1,38.34,-25.92,1.01,216,1,180,0,0,0,0,0,0,0,0,0,0,0,180,0,0,0,0,wind,Texas,0,0,0,0
13026,4195,131.61,25.73,67.09,-14.63,1.04,158.16,1,131.8,39.54,0,0,0,0,0,0,0,0,65.9,0,131.8,0,0,0,0,ng,Texas,6.05,4.7477,4e-4,0
13027,4195,124.88,23.21,67.09,-14.63,1.04,158.16,1,131.8,39.54,0,0,0,0,0,0,0,0,65.9,0,131.8,0,0,0,0,ng,Texas,6.05,4.7477,4e-4,0
13028,6169,0,0,17.1,-3.73,1,40.32,0,33.6,10.08,0,0,0,0,0,0,0,0,16.8,0,33.6,0,0,0,0,ng,Texas,6.05,4.6162,4e-4,0
13029,6169,10.49,-3.73,17.1,-3.73,1,40.32,1,33.6,10.08,0,0,0,0,0,0,0,0,16.8,0,33.6,0,0,0,0,ng,Texas,6.05,4.6162,4e-4,0
13030,6169,10.49,-3.73,17.1,-3.73,1,40.32,1,33.6,10.08,0,0,0,0,0,0,0,0,16.8,0,33.6,0,0,0,0,ng,Texas,6.05,4.6162,4e-4,0
13031,6169,10.49,-3.73,17.1,-3.73,1,40.32,1,33.6,10.08,0,0,0,0,0,0,0,0,16.8,0,33.6,0,0,0,0,ng,Texas,6.05,4.6162,4e-4,0
13032,6169,0,0,34.2,-7.46,1,80.64,0,67.2,20.16,0,0,0,0,0,0,0,0,33.6,0,67.2,0,0,0,0,ng,Texas,6.05,4.6612,4e-4,0
13033,6169,0,0,33.59,-7.33,1,79.2,0,66,19.8,0,0,0,0,0,0,0,0,33,0,66,0,0,0,0,ng,Texas,6.05,4.6596,4e-4,0
13034,4195,141,26.2,40.04,-27.07,1.04,225.6,1,188,0,0,0,0,0,0,0,0,0,0,0,188,0,0,0,0,wind,Texas,0,0,0,0
13035,4195,212.4,60.32,60.32,-40.78,1.04,339.84,1,283.2,0,0,0,0,0,0,0,0,0,0,0,283.2,0,0,0,0,wind,Texas,0,0,0,0
13036,4195,197.48,55.67,100.66,-21.95,1.03,237.32,1,197.77,59.33,0,0,0,0,0,0,0,0,98.89,0,197.77,0,0,0,0,ng,Texas,3.613,4.8361,4e-4,0
13037,4195,89.46,23.49,100.66,-21.95,1.03,237.32,1,197.77,59.33,0,0,0,0,0,0,0,0,98.89,0,197.77,0,0,0,0,ng,Texas,3.613,4.8361,4e-4,0
13038,4195,114.14,22.39,100.66,-21.95,1.03,237.32,1,197.77,59.33,0,0,0,0,0,0,0,0,98.89,0,197.77,0,0,0,0,ng,Texas,3.613,4.8361,4e-4,0
13039,4195,0,0,4.58,-1,1.03,10.8,0,9,2.7,0,0,0,0,0,0,0,0,4.5,0,9,0,0,0,0,ng,Texas,3.613,4.5832,4e-4,0
13040,4195,150.75,-28.94,42.81,-28.94,1,241.2,1,201,0,0,0,0,0,0,0,0,0,0,0,201,0,0,0,0,wind,Texas,0,0,0,0
13041,4195,112.5,-0.15,31.95,-21.6,1.04,180,1,150,0,0,0,0,0,0,0,0,0,0,0,150,0,0,0,0,wind,Texas,0,0,0,0
13042,7406,150.07,42.62,42.62,-28.81,1.04,240.12,1,200.1,0,0,0,0,0,0,0,0,0,0,0,200.1,0,0,0,0,wind,Texas,0,0,0,0
13043,4195,152.25,43.24,43.24,-29.23,1.03,243.6,1,203,0,0,0,0,0,0,0,0,0,0,0,203,0,0,0,0,wind,Texas,0,0,0,0
13044,4195,74.89,12.56,38.17,-8.33,1.02,90,1,75,22.5,0,0,0,0,0,0,0,0,37.5,0,75,0,0,0,0,ng,Texas,3.613,4.6716,4e-4,0
13045,4195,183.5,12.56,93.54,-20.4,1.02,220.52,1,183.77,55.13,0,0,0,0,0,0,0,0,91.89,0,183.77,0,0,0,0,ng,Texas,3.613,4.8174,4e-4,0
13046,4195,0,0,12.22,-2.66,1.02,28.8,0,24,7.2,0,0,0,0,0,0,0,0,12,0,24,0,0,0,0,ng,Texas,3.613,4.6033,4e-4,0
13047,4195,60.91,12.56,31.05,-6.77,1.02,73.2,1,61,18.3,0,0,0,0,0,0,0,0,30.5,0,61,0,0,0,0,ng,Texas,3.613,4.6529,4e-4,0
13048,4195,10.38,5.29,5.29,-1.15,1.02,12.48,1,10.4,3.12,0,0,0,0,0,0,0,0,5.2,0,10.4,0,0,0,0,ng,Texas,3.613,4.5851,4e-4,0
13049,4195,138.74,12.56,135.9,-29.64,1.02,320.4,1,267,80.1,0,0,0,0,0,0,0,0,120.08,0,267,0,0,0,0,ng,Texas,3.613,4.9289,4e-4,0
13050,4195,158.16,12.56,135.9,-29.64,1.02,320.4,1,267,80.1,0,0,0,0,0,0,0,0,120.08,0,267,0,0,0,0,ng,Texas,3.613,4.9289,4e-4,0
13051,4195,158.16,12.56,135.9,-29.64,1.02,320.4,1,267,80.1,0,0,0,0,0,0,0,0,120.08,0,267,0,0,0,0,ng,Texas,3.613,4.9289,4e-4,0
13052,4195,183.5,12.56,93.54,-20.4,1.02,220.52,1,183.77,55.13,0,0,0,0,0,0,0,0,91.89,0,183.77,0,0,0,0,ng,Texas,3.613,4.8174,4e-4,0
13053,4195,183.5,12.56,93.54,-20.4,1.02,220.52,1,183.77,55.13,0,0,0,0,0,0,0,0,91.89,0,183.77,0,0,0,0,ng,Texas,3.613,4.8174,4e-4,0
13054,4195,151.2,42.94,42.94,-29.03,1.02,241.92,1,201.6,0,0,0,0,0,0,0,0,0,0,0,201.6,0,0,0,0,wind,Texas,0,0,0,0
13055,4195,69,-13.25,19.6,-13.25,1,110.4,1,92,0,0,0,0,0,0,0,0,0,0,0,92,0,0,0,0,wind,Texas,0,0,0,0
13056,5018,90,-17.28,25.56,-17.28,1,144,1,120,0,0,0,0,0,0,0,0,0,0,0,120,0,0,0,0,wind,Texas,0,0,0,0
13057,5021,0,0,2.44,-0.53,1.04,5.76,0,4.8,1.44,0,0,0,0,0,0,0,0,2.4,0,4.8,0,0,0,0,ng,Texas,3.487,4.5776,4e-4,0
13058,5033,0,0,2.14,-0.47,1.02,5.04,0,4.2,1.26,0,0,0,0,0,0,0,0,2.1,0,4.2,0,0,0,0,ng,Texas,3.316,4.5768,4e-4,0
13059,5033,0,0,3.26,-0.71,1.02,7.68,0,6.4,1.92,0,0,0,0,0,0,0,0,3.2,0,6.4,0,0,0,0,ng,Texas,3.316,4.5797,4e-4,0
13060,5033,96.35,16.88,157.01,-34.24,1.02,370.16,1,308.47,92.54,0,0,0,0,0,0,0,0,129.14,0,308.47,0,0,0,0,ng,Texas,3.316,4.9845,4e-4,0
13061,5033,96.35,16.55,157.01,-34.24,1.02,370.16,1,308.47,92.54,0,0,0,0,0,0,0,0,129.14,0,308.47,0,0,0,0,ng,Texas,3.316,4.9845,4e-4,0
13062,5033,96.35,37.47,157.01,-34.24,1.02,370.16,1,308.47,92.54,0,0,0,0,0,0,0,0,129.14,0,308.47,0,0,0,0,ng,Texas,3.316,4.9845,4e-4,0
13063,5033,96.35,11.89,157.01,-34.24,1.02,370.16,1,308.47,92.54,0,0,0,0,0,0,0,0,129.14,0,308.47,0,0,0,0,ng,Texas,3.316,4.9845,4e-4,0
13064,5033,96.35,17.4,157.01,-34.24,1.02,370.16,1,308.47,92.54,0,0,0,0,0,0,0,0,129.14,0,308.47,0,0,0,0,ng,Texas,3.316,4.9845,4e-4,0
13065,5033,96.35,15.52,157.01,-34.24,1.02,370.16,1,308.47,92.54,0,0,0,0,0,0,0,0,129.14,0,308.47,0,0,0,0,ng,Texas,3.316,4.9845,4e-4,0
13066,5049,84.58,35.75,43.11,-9.4,1.02,101.64,1,84.7,25.41,0,0,0,0,0,0,0,0,42.35,0,84.7,0,0,0,0,ng,Texas,3.628,4.6846,4e-4,0
13067,5055,0,0,161.53,-35.23,1,380.82,0,317.35,95.2,0,0,0,0,0,0,0,0,130.74,0,317.35,0,0,0,0,ng,Texas,3.487,5,4e-4,0
13068,5055,253.85,-35.23,161.53,-35.23,1,380.82,1,317.35,95.2,0,0,0,0,0,0,0,0,130.74,0,317.35,0,0,0,0,ng,Texas,3.487,4.9964,4e-4,0
13069,5063,10.58,5.4,5.4,-1.18,1.03,12.72,1,10.6,3.18,0,0,0,0,0,0,0,0,5.3,0,10.6,0,0,0,0,ng,Texas,3.487,4.5853,4e-4,0
13070,5063,0,0,0.92,-0.2,1.03,2.16,0,1.8,0.54,0,0,0,0,0,0,0,0,0.9,0,1.8,0,0,0,0,ng,Texas,3.487,4.5736,4e-4,0
13071,5063,437.62,106.81,223.08,-48.65,1.03,525.92,1,438.27,131.48,0,0,0,0,0,0,0,0,140.82,0,438.27,0,0,0,0,ng,Texas,3.487,5.1584,4e-4,0
13072,5063,437.62,100.32,223.08,-48.65,1.03,525.92,1,438.27,131.48,0,0,0,0,0,0,0,0,140.82,0,438.27,0,0,0,0,ng,Texas,3.487,5.1584,4e-4,0
13073,5063,437.62,94.11,223.08,-48.65,1.03,525.92,1,438.27,131.48,0,0,0,0,0,0,0,0,140.82,0,438.27,0,0,0,0,ng,Texas,3.487,5.1584,4e-4,0
13464,5388,0,0,0,0,1,50,1,48,0,0,0,0,0,0,0,0,0,0,0,0,0,0,0,0,hydro,Texas,3.975,4.7027,4e-4,0
13074,5388,0,0,47.57,-2.05,1.01,50.16,0,123.9,0,0,0,0,0,0,0,0,0,61.95,0,41.8,0,0,0,0,ng,Texas,0,0,0,0
13075,5464,0,0,5.03,-1.32,1.04,12.96,0,10.8,3.24,0,0,0,0,0,0,0,0,4.32,0,10.8,0,0,0,0,coal,Texas,2.241,8.0169,8e-4,0
13076,5464,0,0,2.66,-0.7,1.04,6.84,0,5.7,1.71,0,0,0,0,0,0,0,0,2.28,0,5.7,0,0,0,0,coal,Texas,2.241,8.0169,8e-4,0
13077,5164,126.31,64.39,64.39,-14.04,1.04,151.8,1,126.5,37.95,0,0,0,0,0,0,0,0,63.25,0,126.5,0,0,0,0,ng,Texas,3.487,4.7406,4e-4,0
13078,5164,1.6,0.81,0.81,-0.18,1.04,1.92,1,1.6,0.48,0,0,0,0,0,0,0,0,0.8,0,1.6,0,0,0,0,ng,Texas,3.487,4.5733,4e-4,0
13079,5413,45,-8.64,12.78,-8.64,1,72,1,60,0,0,0,0,0,0,0,0,0,0,0,60,0,0,0,0,wind,Texas,0,0,0,0
13080,5196,112.5,-21.6,31.95,-21.6,1,180,1,150,0,0,0,0,0,0,0,0,0,0,0,150,0,0,0,0,wind,Texas,0,0,0,0
13081,5204,209.21,9.89,126.57,-27.6,1.01,298.4,1,248.67,74.6,0,0,0,0,0,0,0,0,115.26,0,248.67,0,0,0,0,ng,Texas,3.487,4.9043,4e-4,0
13082,5204,182.11,15.95,126.57,-27.6,1.01,298.4,1,248.67,74.6,0,0,0,0,0,0,0,0,115.26,0,248.67,0,0,0,0,ng,Texas,3.487,4.9043,4e-4,0
13083,5204,182.11,13.07,126.57,-27.6,1.01,298.4,1,248.67,74.6,0,0,0,0,0,0,0,0,115.26,0,248.67,0,0,0,0,ng,Texas,3.487,4.9043,4e-4,0
13084,5236,168.75,-32.4,47.93,-32.4,1,270,1,225,0,0,0,0,0,0,0,0,0,0,0,225,0,0,0,0,wind,Texas,0,0,0,0
13085,5239,112.5,-21.6,31.95,-21.6,1,180,1,150,0,0,0,0,0,0,0,0,0,0,0,150,0,0,0,0,wind,Texas,0,0,0,0
13086,5260,1213.21,-13,447.12,-99.63,1.01,1458,1,1215,1154.25,0,0,0,0,0,0,0,0,0,0,1215,0,0,0,0,nuclear,Texas,1,6.9751,2e-4,0
13087,5260,1034.26,-45.3,447.12,-99.63,1.01,1458,1,1215,1154.25,0,0,0,0,0,0,0,0,0,0,1215,0,0,0,0,nuclear,Texas,1,8.11,2e-4,0
13088,5279,267.34,-29.72,136.28,-29.72,1,321.28,1,267.73,80.32,0,0,0,0,0,0,0,0,120.26,0,267.73,0,0,0,0,ng,Texas,3.975,4.9299,4e-4,0
13089,5279,267.34,-29.72,136.28,-29.72,1,321.28,1,267.73,80.32,0,0,0,0,0,0,0,0,120.26,0,267.73,0,0,0,0,ng,Texas,3.975,4.9299,4e-4,0
13090,5279,0,0,136.28,-29.72,1,321.28,0,267.73,80.32,0,0,0,0,0,0,0,0,120.26,0,267.73,0,0,0,0,ng,Texas,3.975,4.9299,4e-4,0
13091,5295,0,0,1.63,-0.36,1.04,3.84,0,3.2,0.96,0,0,0,0,0,0,0,0,1.6,0,3.2,0,0,0,0,ng,Texas,3.628,4.5754,4e-4,0
13092,5295,114.83,58.53,58.53,-12.76,1.04,138,1,115,34.5,0,0,0,0,0,0,0,0,57.5,0,115,0,0,0,0,ng,Texas,3.628,4.7252,4e-4,0
13093,5295,114.83,58.53,58.53,-12.76,1.04,138,1,115,34.5,0,0,0,0,0,0,0,0,57.5,0,115,0,0,0,0,ng,Texas,3.628,4.7252,4e-4,0
13094,5295,114.83,58.53,58.53,-12.76,1.04,138,1,115,34.5,0,0,0,0,0,0,0,0,57.5,0,115,0,0,0,0,ng,Texas,3.628,4.7252,4e-4,0
13095,5295,82.58,42.09,42.09,-9.18,1.04,99.24,1,82.7,24.81,0,0,0,0,0,0,0,0,41.35,0,82.7,0,0,0,0,ng,Texas,3.628,4.682,4e-4,0
13096,5295,463.07,116.59,236.05,-51.48,1.04,556.5,1,463.75,139.13,0,0,0,0,0,0,0,0,140.14,0,463.75,0,0,0,0,ng,Texas,3.628,5.1925,4e-4,0
13097,5295,463.07,150.38,236.05,-51.48,1.04,556.5,1,463.75,139.13,0,0,0,0,0,0,0,0,140.14,0,463.75,0,0,0,0,ng,Texas,3.628,5.1925,4e-4,0
13098,5317,82.08,-18.34,133.77,-29.17,1.01,315.36,1,262.8,78.84,0,0,0,0,0,0,0,0,119.02,0,262.8,0,0,0,0,ng,Texas,3.975,4.9233,4e-4,0
13099,5317,0,0,133.77,-29.17,1.01,315.36,0,262.8,78.84,0,0,0,0,0,0,0,0,119.02,0,262.8,0,0,0,0,ng,Texas,3.975,4.9233,4e-4,0
13100,5317,82.08,-19.32,133.77,-29.17,1.01,315.36,1,262.8,78.84,0,0,0,0,0,0,0,0,119.02,0,262.8,0,0,0,0,ng,Texas,3.975,4.9233,4e-4,0
13101,5322,283.65,98.39,144.59,-31.53,1.04,340.88,1,284.07,85.22,0,0,0,0,0,0,0,0,124.12,0,284.07,0,0,0,0,ng,Texas,3.316,4.9518,4e-4,0
13102,5322,283.65,100.45,144.59,-31.53,1.04,340.88,1,284.07,85.22,0,0,0,0,0,0,0,0,124.12,0,284.07,0,0,0,0,ng,Texas,3.316,4.9518,4e-4,0
13103,5322,283.65,144.59,144.59,-31.53,1.04,340.88,1,284.07,85.22,0,0,0,0,0,0,0,0,124.12,0,284.07,0,0,0,0,ng,Texas,3.316,4.9518,4e-4,0
13104,5464,8.4,3.2,3.2,-0.14,1.04,3.36,1,3.6,0,0,0,0,0,0,0,0,0,0,0,2.8,0,0,0,0,hydro,Texas,0,0,0,0
13105,5464,207.5,44.35,79.67,-3.43,1.04,84,1,207.5,0,0,0,0,0,0,0,0,0,102.58,0,70,0,0,0,0,ng,Texas,0,0,0,0
13106,5358,1006.51,-64.49,469.73,-122.98,1.01,1209.6,1,1008,302.4,0,0,0,0,0,0,0,0,233.52,0,1008,0,0,0,0,coal,Texas,2.329,8.0169,8e-4,0
13107,5361,10.38,-1.15,5.29,-1.15,1,12.48,1,10.4,3.12,0,0,0,0,0,0,0,0,5.2,0,10.4,0,0,0,0,ng,Texas,3.487,4.5851,4e-4,0
13108,5361,213.02,-23.68,108.59,-23.68,1,256,1,213.33,64,0,0,0,0,0,0,0,0,104.53,0,213.33,0,0,0,0,ng,Texas,3.487,4.857,4e-4,0
13109,5361,213.02,-23.68,108.59,-23.68,1,256,1,213.33,64,0,0,0,0,0,0,0,0,104.53,0,213.33,0,0,0,0,ng,Texas,3.487,4.857,4e-4,0
13110,5361,213.02,-23.68,108.59,-23.68,1,256,1,213.33,64,0,0,0,0,0,0,0,0,104.53,0,213.33,0,0,0,0,ng,Texas,3.487,4.857,4e-4,0
13111,5361,213.02,-23.68,108.59,-23.68,1,256,1,213.33,64,0,0,0,0,0,0,0,0,104.53,0,213.33,0,0,0,0,ng,Texas,3.487,4.857,4e-4,0
13112,5361,213.02,-23.68,108.59,-23.68,1,256,1,213.33,64,0,0,0,0,0,0,0,0,104.53,0,213.33,0,0,0,0,ng,Texas,3.487,4.857,4e-4,0
13113,5361,213.02,-23.68,108.59,-23.68,1,256,1,213.33,64,0,0,0,0,0,0,0,0,104.53,0,213.33,0,0,0,0,ng,Texas,3.487,4.857,4e-4,0
13114,5380,65.28,106.38,106.38,-23.2,1.04,250.8,1,209,62.7,0,0,0,0,0,0,0,0,103.09,0,209,0,0,0,0,ng,Texas,3.316,4.8512,4e-4,0
13115,5380,65.28,106.38,106.38,-23.2,1.04,250.8,1,209,62.7,0,0,0,0,0,0,0,0,103.09,0,209,0,0,0,0,ng,Texas,3.316,4.8512,4e-4,0
13116,5394,124.2,35.27,35.27,-23.85,1.04,198.72,1,165.6,0,0,0,0,0,0,0,0,0,0,0,165.6,0,0,0,0,wind,Texas,0,0,0,0
13117,5401,89.27,45.5,45.5,-9.92,1.03,107.28,1,89.4,26.82,0,0,0,0,0,0,0,0,44.7,0,89.4,0,0,0,0,ng,Texas,3.487,4.6909,4e-4,0
13118,5401,77.99,45.5,45.5,-9.92,1.03,107.28,1,89.4,26.82,0,0,0,0,0,0,0,0,44.7,0,89.4,0,0,0,0,ng,Texas,3.487,4.6909,4e-4,0
13119,5401,85.53,45.5,45.5,-9.92,1.03,107.28,1,89.4,26.82,0,0,0,0,0,0,0,0,44.7,0,89.4,0,0,0,0,ng,Texas,3.487,4.6909,4e-4,0
13120,5401,89.27,45.5,45.5,-9.92,1.03,107.28,1,89.4,26.82,0,0,0,0,0,0,0,0,44.7,0,89.4,0,0,0,0,ng,Texas,3.487,4.6909,4e-4,0
13121,5413,121.82,-13.54,62.1,-13.54,1,146.4,1,122,36.6,0,0,0,0,0,0,0,0,61,0,122,0,0,0,0,ng,Texas,3.487,4.7346,4e-4,0
13122,5413,121.82,-13.54,62.1,-13.54,1,146.4,1,122,36.6,0,0,0,0,0,0,0,0,61,0,122,0,0,0,0,ng,Texas,3.487,4.7346,4e-4,0
13123,5413,121.82,-13.54,62.1,-13.54,1,146.4,1,122,36.6,0,0,0,0,0,0,0,0,61,0,122,0,0,0,0,ng,Texas,3.487,4.7346,4e-4,0
13124,5413,118.62,-13.19,60.47,-13.19,1,142.56,1,118.8,35.64,0,0,0,0,0,0,0,0,59.4,0,118.8,0,0,0,0,ng,Texas,3.487,4.7303,4e-4,0
13125,5413,118.62,-13.19,60.47,-13.19,1,142.56,1,118.8,35.64,0,0,0,0,0,0,0,0,59.4,0,118.8,0,0,0,0,ng,Texas,3.487,4.7303,4e-4,0
13126,5464,12.38,-1.38,6.31,-1.38,1,14.88,1,12.4,3.72,0,0,0,0,0,0,0,0,6.2,0,12.4,0,0,0,0,ng,Texas,3.487,4.5878,4e-4,0
13127,5464,0,0,1.63,-0.36,1,3.84,0,3.2,0.96,0,0,0,0,0,0,0,0,1.6,0,3.2,0,0,0,0,ng,Texas,3.487,4.5754,4e-4,0
13128,5444,0,0,147.1,-32.08,1.01,346.8,0,289,86.7,0,0,0,0,0,0,0,0,125.21,0,289,0,0,0,0,ng,Texas,3.975,4.9584,4e-4,0
13129,5444,0,0,147.1,-32.08,1.01,346.8,0,289,86.7,0,0,0,0,0,0,0,0,125.21,0,289,0,0,0,0,ng,Texas,3.975,4.9584,4e-4,0
13130,5444,0,0,147.1,-32.08,1.01,346.8,0,289,86.7,0,0,0,0,0,0,0,0,125.21,0,289,0,0,0,0,ng,Texas,3.975,4.9584,4e-4,0
13131,5444,288.57,-32.08,147.1,-32.08,1.01,346.8,1,289,86.7,0,0,0,0,0,0,0,0,125.21,0,289,0,0,0,0,ng,Texas,3.975,4.9584,4e-4,0
13132,5444,288.57,-32.08,147.1,-32.08,1.01,346.8,1,289,86.7,0,0,0,0,0,0,0,0,125.21,0,289,0,0,0,0,ng,Texas,3.975,4.9584,4e-4,0
13133,5444,0,0,147.1,-32.08,1.01,346.8,0,289,86.7,0,0,0,0,0,0,0,0,125.21,0,289,0,0,0,0,ng,Texas,3.975,4.9584,4e-4,0
13134,5444,141.09,-15.68,71.92,-15.68,1.01,169.56,1,141.3,42.39,0,0,0,0,0,0,0,0,70.65,0,141.3,0,0,0,0,ng,Texas,3.975,4.7605,4e-4,0
13135,5444,141.09,-15.68,71.92,-15.68,1.01,169.56,1,141.3,42.39,0,0,0,0,0,0,0,0,70.65,0,141.3,0,0,0,0,ng,Texas,3.975,4.7605,4e-4,0
13136,6003,212.69,53.6,108.42,-23.64,1.04,255.6,1,213,63.9,0,0,0,0,0,0,0,0,104.42,0,213,0,0,0,0,ng,Texas,3.623,4.8565,4e-4,0
13137,6003,0,0,216.83,-47.29,1.04,511.2,0,426,127.8,0,0,0,0,0,0,0,0,140.79,0,426,0,0,0,0,ng,Texas,3.623,5.142,4e-4,0
13138,6003,198.04,47.36,100.95,-22.01,1.04,238,1,198.33,59.5,0,0,0,0,0,0,0,0,99.17,0,198.33,0,0,0,0,ng,Texas,3.623,4.8369,4e-4,0
13139,6003,198.04,29.99,100.95,-22.01,1.04,238,1,198.33,59.5,0,0,0,0,0,0,0,0,99.17,0,198.33,0,0,0,0,ng,Texas,3.623,4.8369,4e-4,0
13140,6003,198.04,39.7,100.95,-22.01,1.04,238,1,198.33,59.5,0,0,0,0,0,0,0,0,99.17,0,198.33,0,0,0,0,ng,Texas,3.623,4.8369,4e-4,0
13141,6038,0,20.48,20.48,-0.88,1.04,21.6,1,17,0,0,0,0,0,0,0,0,0,0,0,18,0,0,0,0,hydro,Texas,0,0,0,0
13142,6038,0,34.46,122.91,-5.29,1.04,129.6,1,320.2,0,0,0,0,0,0,0,0,0,131.23,0,108,0,0,0,0,ng,Texas,0,0,0,0
13143,6045,0,0,1.73,-0.38,1.04,4.08,0,3.4,1.02,0,0,0,0,0,0,0,0,1.7,0,3.4,0,0,0,0,ng,Texas,3.363,4.5757,4e-4,0
13144,6045,0,0,4.89,-1.07,1.04,11.52,0,9.6,2.88,0,0,0,0,0,0,0,0,4.8,0,9.6,0,0,0,0,ng,Texas,3.363,4.584,4e-4,0
13145,6045,0,0,2.24,-0.49,1.04,5.28,0,4.4,1.32,0,0,0,0,0,0,0,0,2.2,0,4.4,0,0,0,0,ng,Texas,3.363,4.577,4e-4,0
13146,6045,57.32,29.22,29.22,-6.37,1.04,68.88,1,57.4,17.22,0,0,0,0,0,0,0,0,28.7,0,57.4,0,0,0,0,ng,Texas,3.363,4.6481,4e-4,0
13147,6045,0,0,29.22,-6.37,1.04,68.88,0,57.4,17.22,0,0,0,0,0,0,0,0,28.7,0,57.4,0,0,0,0,ng,Texas,3.363,4.6481,4e-4,0
13148,6045,57.32,29.22,29.22,-6.37,1.04,68.88,1,57.4,17.22,0,0,0,0,0,0,0,0,28.7,0,57.4,0,0,0,0,ng,Texas,3.363,4.6481,4e-4,0
13149,6045,57.32,24.27,29.22,-6.37,1.04,68.88,1,57.4,17.22,0,0,0,0,0,0,0,0,28.7,0,57.4,0,0,0,0,ng,Texas,3.363,4.6481,4e-4,0
13150,6066,125.35,23.91,92.32,-20.13,1.03,217.64,1,181.37,54.41,0,0,0,0,0,0,0,0,90.69,0,181.37,0,0,0,0,ng,Texas,3.623,4.8142,4e-4,0
13151,6066,132.82,10.94,92.32,-20.13,1.03,217.64,1,181.37,54.41,0,0,0,0,0,0,0,0,90.69,0,181.37,0,0,0,0,ng,Texas,3.623,4.8142,4e-4,0
13152,6066,107.43,31.06,92.32,-20.13,1.03,217.64,1,181.37,54.41,0,0,0,0,0,0,0,0,90.69,0,181.37,0,0,0,0,ng,Texas,3.623,4.8142,4e-4,0
13153,6066,0,0,92.32,-20.13,1.03,217.64,0,181.37,54.41,0,0,0,0,0,0,0,0,90.69,0,181.37,0,0,0,0,ng,Texas,3.623,4.8142,4e-4,0
13154,6066,132.82,18.29,92.32,-20.13,1.03,217.64,1,181.37,54.41,0,0,0,0,0,0,0,0,90.69,0,181.37,0,0,0,0,ng,Texas,3.623,4.8142,4e-4,0
13155,6066,132.82,17.59,92.32,-20.13,1.03,217.64,1,181.37,54.41,0,0,0,0,0,0,0,0,90.69,0,181.37,0,0,0,0,ng,Texas,3.623,4.8142,4e-4,0
13156,6075,482.07,-68.73,262.51,-68.73,1,676,1,563.33,169,0,0,0,0,0,0,0,0,182.69,0,563.33,0,0,0,0,coal,Texas,2.195,8.0169,8e-4,0
13157,6075,333.68,-68.73,262.51,-68.73,1,676,1,563.33,169,0,0,0,0,0,0,0,0,182.69,0,563.33,0,0,0,0,coal,Texas,2.195,8.0169,8e-4,0
13158,6075,333.68,-68.73,262.51,-68.73,1,676,1,563.33,169,0,0,0,0,0,0,0,0,182.69,0,563.33,0,0,0,0,coal,Texas,2.195,8.0169,8e-4,0
13159,6210,41.37,12.07,25.04,-1.08,1.04,26.4,1,65.3,0,0,0,0,0,0,0,0,0,0,0,22,0,0,0,0,hydro,Texas,0,0,0,0
13160,6210,65.3,9.55,25.04,-1.08,1.04,26.4,1,65.3,0,0,0,0,0,0,0,0,0,0,0,22,0,0,0,0,hydro,Texas,0,0,0,0
13161,6342,1.05,0,0,0,1.04,1.68,1,1.4,0,0,0,0,0,0,0,0,0,0,0,1.4,0,0,0,0,solar,Texas,0,0,0,0
13162,6342,22.5,0,0,0,1.04,36,1,30,0,0,0,0,0,0,0,0,0,0,0,30,0,0,0,0,solar,Texas,0,0,0,0
13163,6342,0,0,0,0,1.04,6.6,0,5.5,0,0,0,0,0,0,0,0,0,0,0,5.5,0,0,0,0,solar,Texas,0,0,0,0
13164,6342,7.95,0,0,0,1.04,12.72,1,10.6,0,0,0,0,0,0,0,0,0,0,0,10.6,0,0,0,0,solar,Texas,0,0,0,0
13165,6342,10.42,0,0,0,1.04,16.68,1,13.9,0,0,0,0,0,0,0,0,0,0,0,13.9,0,0,0,0,solar,Texas,0,0,0,0
13166,6342,30.52,0,0,0,1.04,48.84,1,40.7,0,0,0,0,0,0,0,0,0,0,0,40.7,0,0,0,0,solar,Texas,0,0,0,0
13167,6101,60.41,30.79,30.79,-6.72,1.04,72.6,1,60.5,18.15,0,0,0,0,0,0,0,0,30.25,0,60.5,0,0,0,0,ng,Texas,3.623,4.6522,4e-4,0
13168,6101,60.41,30.79,30.79,-6.72,1.04,72.6,1,60.5,18.15,0,0,0,0,0,0,0,0,30.25,0,60.5,0,0,0,0,ng,Texas,3.623,4.6522,4e-4,0
13169,6101,120.82,61.59,61.59,-13.43,1.04,145.2,1,121,36.3,0,0,0,0,0,0,0,0,60.5,0,121,0,0,0,0,ng,Texas,3.623,4.7333,4e-4,0
13170,6107,306.17,64.21,275.22,-72.05,1.04,708.72,1,590.6,177.18,0,0,0,0,0,0,0,0,188.18,0,590.6,0,0,0,0,coal,Texas,2.195,8.0169,8e-4,0
13171,6107,299.22,64.9,308.26,-80.7,1.04,793.8,1,661.5,198.45,0,0,0,0,0,0,0,0,201,0,661.5,0,0,0,0,coal,Texas,2.195,8.0169,8e-4,0
13172,6141,0,0,4.28,-0.93,1.03,10.08,0,8.4,2.52,0,0,0,0,0,0,0,0,4.2,0,8.4,0,0,0,0,ng,Texas,3.363,4.5824,4e-4,0
13173,6141,326.62,22.12,227.01,-49.51,1.03,535.2,1,446,133.8,0,0,0,0,0,0,0,0,140.71,0,446,0,0,0,0,ng,Texas,3.363,5.1688,4e-4,0
13174,6141,326.62,22.86,227.01,-49.51,1.03,535.2,1,446,133.8,0,0,0,0,0,0,0,0,140.71,0,446,0,0,0,0,ng,Texas,3.363,5.1688,4e-4,0
13175,6141,291.1,23.68,474.39,-103.45,1.03,1118.4,1,932,279.6,0,0,0,0,0,0,0,0,186.4,0,932,0,0,0,0,ng,Texas,3.363,5.82,4e-4,0
13176,6141,0,0,367.5,-80.14,1.03,866.4,0,722,216.6,0,0,0,0,0,0,0,0,144.4,0,722,0,0,0,0,ng,Texas,3.363,5.5386,4e-4,0
13177,6141,225.51,67.31,367.5,-80.14,1.03,866.4,1,722,216.6,0,0,0,0,0,0,0,0,144.4,0,722,0,0,0,0,ng,Texas,3.363,5.5386,4e-4,0
13463,6161,0,0,0,0,1,30,1,22.1,0,0,0,0,0,0,0,0,0,0,0,0,0,0,0,0,hydro,Texas,3.975,4.7027,4e-4,0
13178,6161,73.42,23.32,119.64,-26.09,1.03,282.06,1,235.05,70.52,0,0,0,0,0,0,0,0,111.35,0,235.05,0,0,0,0,ng,Texas,3.623,4.8861,4e-4,0
13179,6161,73.42,20.54,119.64,-26.09,1.03,282.06,1,235.05,70.52,0,0,0,0,0,0,0,0,111.35,0,235.05,0,0,0,0,ng,Texas,3.623,4.8861,4e-4,0
13180,6161,73.42,50.05,119.64,-26.09,1.03,282.06,1,235.05,70.52,0,0,0,0,0,0,0,0,111.35,0,235.05,0,0,0,0,ng,Texas,3.623,4.8861,4e-4,0
13181,6161,73.42,26.61,119.64,-26.09,1.03,282.06,1,235.05,70.52,0,0,0,0,0,0,0,0,111.35,0,235.05,0,0,0,0,ng,Texas,3.623,4.8861,4e-4,0
13182,6210,177.9,11.11,68.29,-2.94,1.04,72,1,69.4,0,0,0,0,0,0,0,0,0,0,0,60,0,0,0,0,hydro,Texas,0,0,0,0
13183,6210,552.3,41.91,212.06,-9.13,1.04,223.6,1,552.3,0,0,0,0,0,0,0,0,0,130.22,0,186.33,0,0,0,0,ng,Texas,0,0,0,0
13184,6210,552.3,47.41,212.06,-9.13,1.04,223.6,1,552.3,0,0,0,0,0,0,0,0,0,130.22,0,186.33,0,0,0,0,ng,Texas,0,0,0,0
13185,6210,552.3,35.4,212.06,-9.13,1.04,223.6,1,552.3,0,0,0,0,0,0,0,0,0,130.22,0,186.33,0,0,0,0,ng,Texas,0,0,0,0
13186,6239,60.91,14.87,31.05,-6.77,1.04,73.2,1,61,18.3,0,0,0,0,0,0,0,0,30.5,0,61,0,0,0,0,ng,Texas,3.363,4.6529,4e-4,0
13187,6239,182.73,36.25,93.15,-20.31,1.04,219.6,1,183,54.9,0,0,0,0,0,0,0,0,91.5,0,183,0,0,0,0,ng,Texas,3.363,4.8164,4e-4,0
13188,6239,297.56,44.33,151.68,-33.08,1.04,357.6,1,298,89.4,0,0,0,0,0,0,0,0,127.1,0,298,0,0,0,0,ng,Texas,3.363,4.9704,4e-4,0
13189,6239,297.56,50.83,151.68,-33.08,1.04,357.6,1,298,89.4,0,0,0,0,0,0,0,0,127.1,0,298,0,0,0,0,ng,Texas,3.363,4.9704,4e-4,0
13190,6239,297.56,94.93,151.68,-33.08,1.04,357.6,1,298,89.4,0,0,0,0,0,0,0,0,127.1,0,298,0,0,0,0,ng,Texas,3.363,4.9704,4e-4,0
13191,6239,183.06,77.62,93.32,-20.35,1.04,220,1,183.33,55,0,0,0,0,0,0,0,0,91.67,0,183.33,0,0,0,0,ng,Texas,3.363,4.8168,4e-4,0
13192,6239,183.06,40.11,93.32,-20.35,1.04,220,1,183.33,55,0,0,0,0,0,0,0,0,91.67,0,183.33,0,0,0,0,ng,Texas,3.363,4.8168,4e-4,0
13193,6239,183.06,27.74,93.32,-20.35,1.04,220,1,183.33,55,0,0,0,0,0,0,0,0,91.67,0,183.33,0,0,0,0,ng,Texas,3.363,4.8168,4e-4,0
13194,6254,60.59,-21.53,98.75,-21.53,1.02,232.8,1,194,58.2,0,0,0,0,0,0,0,0,97,0,194,0,0,0,0,ng,Texas,3.623,4.8311,4e-4,0
13195,6254,108.6,-21.53,98.75,-21.53,1.02,232.8,1,194,58.2,0,0,0,0,0,0,0,0,97,0,194,0,0,0,0,ng,Texas,3.623,4.8311,4e-4,0
13196,6254,0,0,26.16,-5.71,1.02,61.68,0,51.4,15.42,0,0,0,0,0,0,0,0,25.7,0,51.4,0,0,0,0,ng,Texas,3.623,4.64,4e-4,0
13197,6254,80.27,-28.53,130.81,-28.53,1.02,308.4,1,257,77.1,0,0,0,0,0,0,0,0,117.51,0,257,0,0,0,0,ng,Texas,3.623,4.9155,4e-4,0
13198,7406,4.5,1.72,1.72,-0.07,1.04,1.8,1,0,0,0,0,0,0,0,0,0,0,0,0,1.5,0,0,0,0,hydro,Texas,0,0,0,0
13199,7406,7.2,2.73,2.73,-0.12,1.04,2.88,1,0,0,0,0,0,0,0,0,0,0,0,0,2.4,0,0,0,0,hydro,Texas,0,0,0,0
13200,7406,4.5,1.72,1.72,-0.07,1.04,1.8,1,0,0,0,0,0,0,0,0,0,0,0,0,1.5,0,0,0,0,hydro,Texas,0,0,0,0
13201,7406,7.2,2.73,2.73,-0.12,1.04,2.88,1,0,0,0,0,0,0,0,0,0,0,0,0,2.4,0,0,0,0,hydro,Texas,0,0,0,0
13202,7406,0,0,6.82,-0.29,1.04,7.2,0,0,0,0,0,0,0,0,0,0,0,0,0,6,0,0,0,0,hydro,Texas,0,0,0,0
13203,7406,0,0,4.09,-0.18,1.04,4.32,0,0,0,0,0,0,0,0,0,0,0,0,0,3.6,0,0,0,0,hydro,Texas,0,0,0,0
13204,7406,0,0,2.73,-0.12,1.04,2.88,0,0,0,0,0,0,0,0,0,0,0,0,0,2.4,0,0,0,0,hydro,Texas,0,0,0,0
13205,7406,0,0,2.73,-0.12,1.04,2.88,0,0,0,0,0,0,0,0,0,0,0,0,0,2.4,0,0,0,0,hydro,Texas,0,0,0,0
13206,7406,8.4,3.2,3.2,-0.14,1.04,3.36,1,0,0,0,0,0,0,0,0,0,0,0,0,2.8,0,0,0,0,hydro,Texas,0,0,0,0
13207,6292,64.42,-22.89,104.97,-22.89,1.02,247.48,1,206.23,61.87,0,0,0,0,0,0,0,0,102.15,0,206.23,0,0,0,0,ng,Texas,3.623,4.8475,4e-4,0
13208,6292,64.42,-22.89,104.97,-22.89,1.02,247.48,1,206.23,61.87,0,0,0,0,0,0,0,0,102.15,0,206.23,0,0,0,0,ng,Texas,3.623,4.8475,4e-4,0
13209,6292,64.45,-22.89,104.97,-22.89,1.02,247.48,1,206.23,61.9,0,0,0,0,0,0,0,0,102.15,0,206.23,0,0,0,0,ng,Texas,3.623,4.8475,4e-4,0
13210,6298,0,0,1.63,-0.36,1,3.84,0,3.2,0.96,0,0,0,0,0,0,0,0,1.6,0,3.2,0,0,0,0,ng,Texas,3.623,4.5754,4e-4,0
13211,6298,246.89,-27.44,125.85,-27.44,1,296.7,1,247.25,74.18,0,0,0,0,0,0,0,0,114.86,0,247.25,0,0,0,0,ng,Texas,3.623,4.9024,4e-4,0
13212,6298,215.92,-27.44,125.85,-27.44,1,296.7,1,247.25,74.18,0,0,0,0,0,0,0,0,114.86,0,247.25,0,0,0,0,ng,Texas,3.623,4.9024,4e-4,0
13213,6298,246.89,-27.44,125.85,-27.44,1,296.7,1,247.25,74.18,0,0,0,0,0,0,0,0,114.86,0,247.25,0,0,0,0,ng,Texas,3.623,4.9024,4e-4,0
13214,6298,246.89,-27.44,125.85,-27.44,1,296.7,1,247.25,74.18,0,0,0,0,0,0,0,0,114.86,0,247.25,0,0,0,0,ng,Texas,3.623,4.9024,4e-4,0
13215,6349,0,0,6.11,-1.33,1.04,14.4,0,12,3.6,0,0,0,0,0,0,0,0,6,0,12,0,0,0,0,ng,Texas,3.623,4.5872,4e-4,0
13216,6349,0,0,26.21,-5.72,1.04,61.8,0,51.5,15.45,0,0,0,0,0,0,0,0,25.75,0,51.5,0,0,0,0,ng,Texas,3.623,4.6402,4e-4,0
13217,6349,32.17,52.43,52.43,-11.43,1.04,123.6,1,103,30.9,0,0,0,0,0,0,0,0,51.5,0,103,0,0,0,0,ng,Texas,3.623,4.7092,4e-4,0
13218,6349,0,0,1.17,-0.26,1.04,2.76,0,2.3,0.69,0,0,0,0,0,0,0,0,1.15,0,2.3,0,0,0,0,ng,Texas,3.623,4.5742,4e-4,0
13219,6349,0,0,2.34,-0.51,1.04,5.52,0,4.6,1.38,0,0,0,0,0,0,0,0,2.3,0,4.6,0,0,0,0,ng,Texas,3.623,4.5773,4e-4,0
13220,6349,0,0,0.76,-0.17,1.04,1.8,0,1.5,0.45,0,0,0,0,0,0,0,0,0.75,0,1.5,0,0,0,0,ng,Texas,3.623,4.5732,4e-4,0
13221,6349,0,0,2.04,-0.44,1.04,4.8,0,4,1.2,0,0,0,0,0,0,0,0,2,0,4,0,0,0,0,ng,Texas,3.623,4.5765,4e-4,0
13222,6349,0,0,3.26,-0.71,1.04,7.68,0,6.4,1.92,0,0,0,0,0,0,0,0,3.2,0,6.4,0,0,0,0,ng,Texas,3.623,4.5797,4e-4,0
13223,6349,113.38,184.77,184.77,-40.29,1.04,435.6,1,363,108.9,0,0,0,0,0,0,0,0,137.12,0,363,0,0,0,0,ng,Texas,3.623,5.0575,4e-4,0
13224,6349,113.38,184.77,184.77,-40.29,1.04,435.6,1,363,108.9,0,0,0,0,0,0,0,0,137.12,0,363,0,0,0,0,ng,Texas,3.623,5.0575,4e-4,0
13225,6349,0,0,26.21,-5.72,1.04,61.8,0,51.5,15.45,0,0,0,0,0,0,0,0,25.75,0,51.5,0,0,0,0,ng,Texas,3.623,4.6402,4e-4,0
13226,7002,162.76,31.99,82.97,-18.09,1.04,195.6,1,163,48.9,0,0,0,0,0,0,0,0,81.5,0,163,0,0,0,0,ng,Texas,3.274,4.7896,4e-4,0
13227,7002,162.76,55.98,82.97,-18.09,1.04,195.6,1,163,48.9,0,0,0,0,0,0,0,0,81.5,0,163,0,0,0,0,ng,Texas,3.274,4.7896,4e-4,0
13228,7002,162.76,36.94,82.97,-18.09,1.04,195.6,1,163,48.9,0,0,0,0,0,0,0,0,81.5,0,163,0,0,0,0,ng,Texas,3.274,4.7896,4e-4,0
13229,7002,162.76,34.59,82.97,-18.09,1.04,195.6,1,163,48.9,0,0,0,0,0,0,0,0,81.5,0,163,0,0,0,0,ng,Texas,3.274,4.7896,4e-4,0
13230,7002,162.76,31.41,82.97,-18.09,1.04,195.6,1,163,48.9,0,0,0,0,0,0,0,0,81.5,0,163,0,0,0,0,ng,Texas,3.274,4.7896,4e-4,0
13231,7186,0,0,2.04,-0.44,1.04,4.8,0,4,1.2,0,0,0,0,0,0,0,0,2,0,4,0,0,0,0,ng,Texas,3.274,4.5765,4e-4,0
13232,7018,22.37,11.4,11.4,-2.49,1.04,26.88,1,22.4,6.72,0,0,0,0,0,0,0,0,11.2,0,22.4,0,0,0,0,ng,Texas,3.613,4.6012,4e-4,0
13233,7018,47.33,24.13,24.13,-5.26,1.04,56.88,1,47.4,14.22,0,0,0,0,0,0,0,0,23.7,0,47.4,0,0,0,0,ng,Texas,3.613,4.6347,4e-4,0
13234,7018,47.33,24.13,24.13,-5.26,1.04,56.88,1,47.4,14.22,0,0,0,0,0,0,0,0,23.7,0,47.4,0,0,0,0,ng,Texas,3.613,4.6347,4e-4,0
13235,7018,94.66,48.25,48.25,-10.52,1.04,113.76,1,94.8,28.44,0,0,0,0,0,0,0,0,47.4,0,94.8,0,0,0,0,ng,Texas,3.613,4.6982,4e-4,0
13236,7018,0,0,1.63,-0.36,1.04,3.84,0,3.2,0.96,0,0,0,0,0,0,0,0,1.6,0,3.2,0,0,0,0,ng,Texas,3.613,4.5754,4e-4,0
13237,7406,29.1,0,0,0,1.04,46.56,1,38.8,0,0,0,0,0,0,0,0,0,0,0,38.8,0,0,0,0,solar,Texas,0,0,0,0
13238,7406,7.5,0,0,0,1.04,12,1,10,0,0,0,0,0,0,0,0,0,0,0,10,0,0,0,0,solar,Texas,0,0,0,0
13239,7406,7.5,0,0,0,1.04,12,1,10,0,0,0,0,0,0,0,0,0,0,0,10,0,0,0,0,solar,Texas,0,0,0,0
13240,7406,0,0,0,0,1.04,5.28,0,4.4,0,0,0,0,0,0,0,0,0,0,0,4.4,0,0,0,0,solar,Texas,0,0,0,0
13241,7042,188.17,25.83,95.92,-20.92,1.03,226.14,1,188.45,56.53,0,0,0,0,0,0,0,0,94.22,0,188.45,0,0,0,0,ng,Texas,3.613,4.8237,4e-4,0
13242,7042,188.17,53.77,95.92,-20.92,1.03,226.14,1,188.45,56.53,0,0,0,0,0,0,0,0,94.22,0,188.45,0,0,0,0,ng,Texas,3.613,4.8237,4e-4,0
13243,7058,68.06,-12.75,58.48,-12.75,1,137.88,1,114.9,34.47,0,0,0,0,0,0,0,0,57.45,0,114.9,0,0,0,0,ng,Texas,3.613,4.7251,4e-4,0
13244,7058,68.06,-12.75,58.48,-12.75,1,137.88,1,114.9,34.47,0,0,0,0,0,0,0,0,57.45,0,114.9,0,0,0,0,ng,Texas,3.613,4.7251,4e-4,0
13245,7058,68.06,-12.75,58.48,-12.75,1,137.88,1,114.9,34.47,0,0,0,0,0,0,0,0,57.45,0,114.9,0,0,0,0,ng,Texas,3.613,4.7251,4e-4,0
13246,7058,84.15,-12.75,58.48,-12.75,1,137.88,1,114.9,34.47,0,0,0,0,0,0,0,0,57.45,0,114.9,0,0,0,0,ng,Texas,3.613,4.7251,4e-4,0
13247,7058,84.15,-12.75,58.48,-12.75,1,137.88,1,114.9,34.47,0,0,0,0,0,0,0,0,57.45,0,114.9,0,0,0,0,ng,Texas,3.613,4.7251,4e-4,0
13248,7058,69.08,-12.75,58.48,-12.75,1,137.88,1,114.9,34.47,0,0,0,0,0,0,0,0,57.45,0,114.9,0,0,0,0,ng,Texas,3.613,4.7251,4e-4,0
13249,7076,161.82,35.84,116.38,-25.38,1.04,274.38,1,228.65,68.59,0,0,0,0,0,0,0,0,109.41,0,228.65,0,0,0,0,ng,Texas,3.274,4.8775,4e-4,0
13250,7076,167.45,28.09,116.38,-25.38,1.04,274.38,1,228.65,68.59,0,0,0,0,0,0,0,0,109.41,0,228.65,0,0,0,0,ng,Texas,3.274,4.8775,4e-4,0
13251,7076,167.45,28.43,116.38,-25.38,1.04,274.38,1,228.65,68.59,0,0,0,0,0,0,0,0,109.41,0,228.65,0,0,0,0,ng,Texas,3.274,4.8775,4e-4,0
13252,7076,167.45,34.7,116.38,-25.38,1.04,274.38,1,228.65,68.59,0,0,0,0,0,0,0,0,109.41,0,228.65,0,0,0,0,ng,Texas,3.274,4.8775,4e-4,0
13253,7095,1236.22,189.29,498.38,-111.05,1,1625.16,1,1354.3,1286.585,0,0,0,0,0,0,0,0,0,0,1354.3,0,0,0,0,nuclear,Texas,1,7.0627,2e-4,0
13254,7095,1352.3,-14.48,498.38,-111.05,1,1625.16,1,1354.3,1286.585,0,0,0,0,0,0,0,0,0,0,1354.3,0,0,0,0,nuclear,Texas,1,7.4446,2e-4,0
13255,7104,149.78,75.03,76.35,-16.65,1.04,180,1,150,45,0,0,0,0,0,0,0,0,75,0,150,0,0,0,0,ng,Texas,3.274,4.7721,4e-4,0
13256,7104,50.92,16.82,25.96,-5.66,1.04,61.2,1,51,15.3,0,0,0,0,0,0,0,0,25.5,0,51,0,0,0,0,ng,Texas,3.274,4.6395,4e-4,0
13257,7104,50.92,20.45,25.96,-5.66,1.04,61.2,1,51,15.3,0,0,0,0,0,0,0,0,25.5,0,51,0,0,0,0,ng,Texas,3.274,4.6395,4e-4,0
13258,7104,195.71,42.29,99.76,-21.76,1.04,235.2,1,196,58.8,0,0,0,0,0,0,0,0,98,0,196,0,0,0,0,ng,Texas,3.274,4.8338,4e-4,0
13259,7104,195.71,41.23,99.76,-21.76,1.04,235.2,1,196,58.8,0,0,0,0,0,0,0,0,98,0,196,0,0,0,0,ng,Texas,3.274,4.8338,4e-4,0
13260,7104,195.71,65.18,99.76,-21.76,1.04,235.2,1,196,58.8,0,0,0,0,0,0,0,0,98,0,196,0,0,0,0,ng,Texas,3.274,4.8338,4e-4,0
13261,7104,195.71,35.4,99.76,-21.76,1.04,235.2,1,196,58.8,0,0,0,0,0,0,0,0,98,0,196,0,0,0,0,ng,Texas,3.274,4.8338,4e-4,0
13262,7104,195.71,69.11,99.76,-21.76,1.04,235.2,1,196,58.8,0,0,0,0,0,0,0,0,98,0,196,0,0,0,0,ng,Texas,3.274,4.8338,4e-4,0
13263,7104,195.71,69.47,99.76,-21.76,1.04,235.2,1,196,58.8,0,0,0,0,0,0,0,0,98,0,196,0,0,0,0,ng,Texas,3.274,4.8338,4e-4,0
13264,7047,0,0,1.88,-0.41,1.04,4.44,0,3.7,1.11,0,0,0,0,0,0,0,0,1.85,0,3.7,0,0,0,0,ng,Texas,3.274,4.5761,4e-4,0
13265,7047,0,0,2.19,-0.48,1.04,5.16,0,4.3,1.29,0,0,0,0,0,0,0,0,2.15,0,4.3,0,0,0,0,ng,Texas,3.274,4.5769,4e-4,0
13266,7130,16.28,-1.81,8.3,-1.81,1,19.56,1,16.3,4.89,0,0,0,0,0,0,0,0,8.15,0,16.3,0,0,0,0,ng,Texas,3.274,4.593,4e-4,0
13267,7130,206.25,-22.93,105.13,-22.93,1,247.86,1,206.55,61.97,0,0,0,0,0,0,0,0,102.26,0,206.55,0,0,0,0,ng,Texas,3.274,4.8479,4e-4,0
13268,7130,206.25,-22.93,105.13,-22.93,1,247.86,1,206.55,61.97,0,0,0,0,0,0,0,0,102.26,0,206.55,0,0,0,0,ng,Texas,3.274,4.8479,4e-4,0
13269,7130,206.25,-22.93,105.13,-22.93,1,247.86,1,206.55,61.97,0,0,0,0,0,0,0,0,102.26,0,206.55,0,0,0,0,ng,Texas,3.274,4.8479,4e-4,0
13270,7130,206.25,-22.93,105.13,-22.93,1,247.86,1,206.55,61.97,0,0,0,0,0,0,0,0,102.26,0,206.55,0,0,0,0,ng,Texas,3.274,4.8479,4e-4,0
13271,7130,380.14,-42.26,193.78,-42.26,1,456.84,1,380.7,114.21,0,0,0,0,0,0,0,0,138.76,0,380.7,0,0,0,0,ng,Texas,3.274,5.0813,4e-4,0
13272,7130,58.91,-6.55,30.03,-6.55,1,70.8,1,59,17.7,0,0,0,0,0,0,0,0,29.5,0,59,0,0,0,0,ng,Texas,3.274,4.6502,4e-4,0
13273,7130,58.91,-6.55,30.03,-6.55,1,70.8,1,59,17.7,0,0,0,0,0,0,0,0,29.5,0,59,0,0,0,0,ng,Texas,3.274,4.6502,4e-4,0
13274,7130,58.91,-6.55,30.03,-6.55,1,70.8,1,59,17.7,0,0,0,0,0,0,0,0,29.5,0,59,0,0,0,0,ng,Texas,3.274,4.6502,4e-4,0
13275,7130,58.91,-6.55,30.03,-6.55,1,70.8,1,59,17.7,0,0,0,0,0,0,0,0,29.5,0,59,0,0,0,0,ng,Texas,3.274,4.6502,4e-4,0
13276,7227,10.18,-1.13,5.19,-1.13,1.01,12.24,1,10.2,3.06,0,0,0,0,0,0,0,0,5.1,0,10.2,0,0,0,0,ng,Texas,3.274,4.5848,4e-4,0
13277,7159,110.44,56.3,56.3,-12.28,1.04,132.72,1,110.6,33.18,0,0,0,0,0,0,0,0,55.3,0,110.6,0,0,0,0,ng,Texas,3.274,4.7193,4e-4,0
13278,7159,110.44,49.51,56.3,-12.28,1.04,132.72,1,110.6,33.18,0,0,0,0,0,0,0,0,55.3,0,110.6,0,0,0,0,ng,Texas,3.274,4.7193,4e-4,0
13279,7159,110.44,56.3,56.3,-12.28,1.04,132.72,1,110.6,33.18,0,0,0,0,0,0,0,0,55.3,0,110.6,0,0,0,0,ng,Texas,3.274,4.7193,4e-4,0
13280,7159,110.44,56.3,56.3,-12.28,1.04,132.72,1,110.6,33.18,0,0,0,0,0,0,0,0,55.3,0,110.6,0,0,0,0,ng,Texas,3.274,4.7193,4e-4,0
13281,7159,110.44,42.45,56.3,-12.28,1.04,132.72,1,110.6,33.18,0,0,0,0,0,0,0,0,55.3,0,110.6,0,0,0,0,ng,Texas,3.274,4.7193,4e-4,0
13282,7159,110.44,35.37,56.3,-12.28,1.04,132.72,1,110.6,33.2,0,0,0,0,0,0,0,0,55.3,0,110.6,0,0,0,0,ng,Texas,3.274,4.7193,4e-4,0
13283,7159,87.59,44.65,44.65,-9.74,1.04,105.26,1,87.72,26.32,0,0,0,0,0,0,0,0,43.86,0,87.72,0,0,0,0,ng,Texas,3.274,4.6887,4e-4,0
13284,7159,87.59,44.65,44.65,-9.74,1.04,105.26,1,87.72,26.3,0,0,0,0,0,0,0,0,43.86,0,87.72,0,0,0,0,ng,Texas,3.274,4.6887,4e-4,0
13285,7159,336.73,101.63,178.59,-38.95,1.04,421.04,1,350.87,105.26,0,0,0,0,0,0,0,0,135.73,0,350.87,0,0,0,0,ng,Texas,3.274,5.0413,4e-4,0
13286,7186,6.89,3.51,3.51,-0.77,1.03,8.28,1,6.9,2.07,0,0,0,0,0,0,0,0,3.45,0,6.9,0,0,0,0,ng,Texas,3.274,4.5804,4e-4,0
13287,7186,47.93,9.97,24.43,-5.33,1.03,57.6,1,48,14.4,0,0,0,0,0,0,0,0,24,0,48,0,0,0,0,ng,Texas,3.274,4.6355,4e-4,0
13288,7186,0,0,2.55,-0.55,1.03,6,0,5,1.5,0,0,0,0,0,0,0,0,2.5,0,5,0,0,0,0,ng,Texas,3.274,4.5778,4e-4,0
13289,7186,34.95,14.05,17.81,-3.88,1.03,42,1,35,10.5,0,0,0,0,0,0,0,0,17.5,0,35,0,0,0,0,ng,Texas,3.274,4.618,4e-4,0
13290,7186,7.49,3.82,3.82,-0.83,1.03,9,1,7.5,2.25,0,0,0,0,0,0,0,0,3.75,0,7.5,0,0,0,0,ng,Texas,3.274,4.5812,4e-4,0
13291,7186,230.61,35.47,117.55,-25.64,1.03,277.14,1,230.95,69.28,0,0,0,0,0,0,0,0,110.11,0,230.95,0,0,0,0,ng,Texas,3.274,4.8806,4e-4,0
13292,7186,230.61,30.53,117.55,-25.64,1.03,277.14,1,230.95,69.28,0,0,0,0,0,0,0,0,110.11,0,230.95,0,0,0,0,ng,Texas,3.274,4.8806,4e-4,0
13293,7186,230.61,54.9,117.55,-25.64,1.03,277.14,1,230.95,69.28,0,0,0,0,0,0,0,0,110.11,0,230.95,0,0,0,0,ng,Texas,3.274,4.8806,4e-4,0
13294,7186,230.61,85.19,117.55,-25.64,1.03,277.14,1,230.95,69.28,0,0,0,0,0,0,0,0,110.11,0,230.95,0,0,0,0,ng,Texas,3.274,4.8806,4e-4,0
13295,7204,0,0,2.04,-0.44,1.04,4.8,0,4,1.2,0,0,0,0,0,0,0,0,2,0,4,0,0,0,0,ng,Texas,3.274,4.5765,4e-4,0
13296,7204,763.87,76.51,389.39,-84.92,1.04,918,1,765,229.5,0,0,0,0,0,0,0,0,153,0,765,0,0,0,0,ng,Texas,3.274,5.5962,4e-4,0
13297,7204,763.87,98.88,389.39,-84.92,1.04,918,1,765,229.5,0,0,0,0,0,0,0,0,153,0,765,0,0,0,0,ng,Texas,3.274,5.5962,4e-4,0
13298,7204,178.24,25.66,90.86,-19.81,1.04,214.2,1,178.5,53.55,0,0,0,0,0,0,0,0,89.25,0,178.5,0,0,0,0,ng,Texas,3.274,4.8103,4e-4,0
13299,7204,178.24,36.02,90.86,-19.81,1.04,214.2,1,178.5,53.55,0,0,0,0,0,0,0,0,89.25,0,178.5,0,0,0,0,ng,Texas,3.274,4.8103,4e-4,0
13300,7204,178.24,23.52,90.86,-19.81,1.04,214.2,1,178.5,53.55,0,0,0,0,0,0,0,0,89.25,0,178.5,0,0,0,0,ng,Texas,3.274,4.8103,4e-4,0
13301,7263,304.15,-33.81,155.04,-33.81,1.01,365.52,1,304.6,91.38,0,0,0,0,0,0,0,0,128.4,0,304.6,0,0,0,0,ng,Texas,3.274,4.9793,4e-4,0
13302,7263,90.51,-10.06,46.14,-10.06,1.01,108.77,1,90.64,27.19,0,0,0,0,0,0,0,0,45.32,0,90.64,0,0,0,0,ng,Texas,3.274,4.6926,4e-4,0
13303,7263,90.51,-10.06,46.14,-10.06,1.01,108.77,1,90.64,27.19,0,0,0,0,0,0,0,0,45.32,0,90.64,0,0,0,0,ng,Texas,3.274,4.6926,4e-4,0
13304,7263,90.51,-10.06,46.14,-10.06,1.01,108.77,1,90.64,27.19,0,0,0,0,0,0,0,0,45.32,0,90.64,0,0,0,0,ng,Texas,3.274,4.6926,4e-4,0
13305,7263,181.01,-20.12,92.27,-20.12,1.01,217.54,1,181.28,54.38,0,0,0,0,0,0,0,0,90.64,0,181.28,0,0,0,0,ng,Texas,3.274,4.814,4e-4,0
13306,7366,0,0,13.08,-2.85,1.04,30.84,0,25.7,7.71,0,0,0,0,0,0,0,0,12.85,0,25.7,0,0,0,0,ng,Texas,3.274,4.6056,4e-4,0
13307,7366,0,0,7.64,-1.67,1.04,18,0,15,4.5,0,0,0,0,0,0,0,0,7.5,0,15,0,0,0,0,ng,Texas,3.274,4.5912,4e-4,0
13308,7366,0,0,0,0,1.04,9,0,7.5,0,0,0,0,0,0,0,0,0,0,0,7.5,0,0,0,0,solar,Texas,0,0,0,0
13309,7366,21.22,0,0,0,1.04,33.96,1,28.3,0,0,0,0,0,0,0,0,0,0,0,28.3,0,0,0,0,solar,Texas,0,0,0,0
13310,7366,21.22,0,0,0,1.04,33.96,1,28.3,0,0,0,0,0,0,0,0,0,0,0,28.3,0,0,0,0,solar,Texas,0,0,0,0
13311,7366,21.22,0,0,0,1.04,33.96,1,28.3,0,0,0,0,0,0,0,0,0,0,0,28.3,0,0,0,0,solar,Texas,0,0,0,0
13312,7366,21.22,0,0,0,1.04,33.96,1,28.3,0,0,0,0,0,0,0,0,0,0,0,28.3,0,0,0,0,solar,Texas,0,0,0,0
13313,7366,42.45,0,0,0,1.04,67.92,1,56.6,0,0,0,0,0,0,0,0,0,0,0,56.6,0,0,0,0,solar,Texas,0,0,0,0
13314,7304,96.54,49.21,49.21,-10.73,1.04,116.02,1,96.68,29,0,0,0,0,0,0,0,0,48.34,0,96.68,0,0,0,0,ng,Texas,3.613,4.7007,4e-4,0
13315,7304,96.54,49.21,49.21,-10.73,1.04,116.02,1,96.68,29,0,0,0,0,0,0,0,0,48.34,0,96.68,0,0,0,0,ng,Texas,3.613,4.7007,4e-4,0
13316,7304,0,0,49.21,-10.73,1.04,116.02,0,96.68,29,0,0,0,0,0,0,0,0,48.34,0,96.68,0,0,0,0,ng,Texas,3.613,4.7007,4e-4,0
13317,7304,96.54,44.3,49.21,-10.73,1.04,116.02,1,96.68,29,0,0,0,0,0,0,0,0,48.34,0,96.68,0,0,0,0,ng,Texas,3.613,4.7007,4e-4,0
13318,7304,193.08,98.42,98.42,-21.46,1.04,232.04,1,193.37,58.01,0,0,0,0,0,0,0,0,96.69,0,193.37,0,0,0,0,ng,Texas,3.613,4.8302,4e-4,0
13319,7320,38.88,-13.82,63.36,-13.82,1.02,149.37,1,124.48,37.34,0,0,0,0,0,0,0,0,62.24,0,124.47,0,0,0,0,ng,Texas,3.274,4.7379,4e-4,0
13320,7320,38.88,-13.82,63.36,-13.82,1.02,149.37,1,124.48,37.34,0,0,0,0,0,0,0,0,62.24,0,124.47,0,0,0,0,ng,Texas,3.274,4.7379,4e-4,0
13321,7320,38.88,-13.82,63.36,-13.82,1.02,149.37,1,124.48,37.34,0,0,0,0,0,0,0,0,62.24,0,124.47,0,0,0,0,ng,Texas,3.274,4.7379,4e-4,0
13322,7320,38.88,-13.82,63.36,-13.82,1.02,149.37,1,124.48,37.34,0,0,0,0,0,0,0,0,62.24,0,124.47,0,0,0,0,ng,Texas,3.274,4.7379,4e-4,0
13323,7346,31.83,34.79,51.87,-11.31,1.04,122.28,1,101.9,30.57,0,0,0,0,0,0,0,0,50.95,0,101.9,0,0,0,0,ng,Texas,3.613,4.7077,4e-4,0
13324,7331,0,0,2.19,-0.57,1.04,5.64,0,4.7,1.41,0,0,0,0,0,0,0,0,1.88,0,4.7,0,0,0,0,coal,Texas,2.329,8.0169,8e-4,0
13325,7331,141.65,128.35,211.33,-55.33,1.04,544.2,1,453.5,136.05,0,0,0,0,0,0,0,0,157.45,0,453.5,0,0,0,0,coal,Texas,2.329,8.0169,8e-4,0
13326,7346,313.37,119,159.74,-34.83,1.04,376.59,1,313.83,94.15,0,0,0,0,0,0,0,0,130.12,0,313.83,0,0,0,0,ng,Texas,3.274,4.9917,4e-4,0
13327,7346,313.37,51.57,159.74,-34.83,1.04,376.59,1,313.83,94.15,0,0,0,0,0,0,0,0,130.12,0,313.83,0,0,0,0,ng,Texas,3.274,4.9917,4e-4,0
13328,7346,313.37,40.83,159.74,-34.83,1.04,376.59,1,313.83,94.15,0,0,0,0,0,0,0,0,130.12,0,313.83,0,0,0,0,ng,Texas,3.274,4.9917,4e-4,0
13329,7346,313.37,42.21,159.74,-34.83,1.04,376.59,1,313.83,94.15,0,0,0,0,0,0,0,0,130.12,0,313.83,0,0,0,0,ng,Texas,3.274,4.9917,4e-4,0
13330,7346,600.63,67.24,348.26,-75.95,1.04,821.04,1,684.2,205.26,0,0,0,0,0,0,0,0,136.84,0,684.2,0,0,0,0,ng,Texas,3.274,5.4879,4e-4,0
13331,7346,596.86,107.2,348.26,-75.95,1.04,821.04,1,684.2,205.26,0,0,0,0,0,0,0,0,136.84,0,684.2,0,0,0,0,ng,Texas,3.274,5.4879,4e-4,0
13332,7346,596.86,106.44,348.26,-75.95,1.04,821.04,1,684.2,205.26,0,0,0,0,0,0,0,0,136.84,0,684.2,0,0,0,0,ng,Texas,3.274,5.4879,4e-4,0
13333,7346,596.8,110.03,348.26,-75.95,1.04,821.04,1,684.2,205,0,0,0,0,0,0,0,0,136.84,0,684.2,0,0,0,0,ng,Texas,3.274,5.4879,4e-4,0
13334,7346,16.28,8.3,8.3,-1.81,1.04,19.56,1,16.3,4.89,0,0,0,0,0,0,0,0,8.15,0,16.3,0,0,0,0,ng,Texas,3.274,4.593,4e-4,0
13335,7346,224.87,33.79,114.63,-25,1.04,270.24,1,225.2,67.56,0,0,0,0,0,0,0,0,108.34,0,225.2,0,0,0,0,ng,Texas,3.274,4.8729,4e-4,0
13336,7346,224.87,74.02,114.63,-25,1.04,270.24,1,225.2,67.56,0,0,0,0,0,0,0,0,108.34,0,225.2,0,0,0,0,ng,Texas,3.274,4.8729,4e-4,0
13337,7346,224.87,45.38,114.63,-25,1.04,270.24,1,225.2,67.56,0,0,0,0,0,0,0,0,108.34,0,225.2,0,0,0,0,ng,Texas,3.274,4.8729,4e-4,0
13338,7346,102.55,27.74,52.27,-11.4,1.04,123.24,1,102.7,30.81,0,0,0,0,0,0,0,0,51.35,0,102.7,0,0,0,0,ng,Texas,3.274,4.7088,4e-4,0
13339,7366,107.11,27.68,54.6,-11.91,1.04,128.72,1,107.27,32.18,0,0,0,0,0,0,0,0,53.63,0,107.27,0,0,0,0,ng,Texas,3.274,4.7149,4e-4,0
13340,7366,107.11,22.32,54.6,-11.91,1.04,128.72,1,107.27,32.18,0,0,0,0,0,0,0,0,53.63,0,107.27,0,0,0,0,ng,Texas,3.274,4.7149,4e-4,0
13341,7366,107.11,26.67,54.6,-11.91,1.04,128.72,1,107.27,32.18,0,0,0,0,0,0,0,0,53.63,0,107.27,0,0,0,0,ng,Texas,3.274,4.7149,4e-4,0
13342,7366,107.11,28.44,54.6,-11.91,1.04,128.72,1,107.27,32.18,0,0,0,0,0,0,0,0,53.63,0,107.27,0,0,0,0,ng,Texas,3.274,4.7149,4e-4,0
13343,7366,107.11,54.6,54.6,-11.91,1.04,128.72,1,107.27,32.18,0,0,0,0,0,0,0,0,53.63,0,107.27,0,0,0,0,ng,Texas,3.274,4.7149,4e-4,0
13344,7366,107.11,34.91,54.6,-11.91,1.04,128.72,1,107.27,32.18,0,0,0,0,0,0,0,0,53.63,0,107.27,0,0,0,0,ng,Texas,3.274,4.7149,4e-4,0
13345,7366,183.39,34.36,93.48,-20.39,1.04,220.39,1,183.66,55.1,0,0,0,0,0,0,0,0,91.83,0,183.66,0,0,0,0,ng,Texas,3.274,4.8172,4e-4,0
13346,7366,183.39,37.3,93.48,-20.39,1.04,220.39,1,183.66,55.1,0,0,0,0,0,0,0,0,91.83,0,183.66,0,0,0,0,ng,Texas,3.274,4.8172,4e-4,0
13347,7366,183.39,47.31,93.48,-20.39,1.04,220.39,1,183.66,55.1,0,0,0,0,0,0,0,0,91.83,0,183.66,0,0,0,0,ng,Texas,3.274,4.8172,4e-4,0
13348,7366,183.39,38.64,93.48,-20.39,1.04,220.39,1,183.66,55.1,0,0,0,0,0,0,0,0,91.83,0,183.66,0,0,0,0,ng,Texas,3.274,4.8172,4e-4,0
13349,7366,183.39,41.66,93.48,-20.39,1.04,220.39,1,183.66,55.1,0,0,0,0,0,0,0,0,91.83,0,183.66,0,0,0,0,ng,Texas,3.274,4.8172,4e-4,0
13350,7389,542,276.29,276.29,-60.25,1.04,651.36,1,542.8,162.84,0,0,0,0,0,0,0,0,131.85,0,542.8,0,0,0,0,ng,Texas,3.274,5.2985,4e-4,0
13351,7400,71.89,-7.99,36.65,-7.99,1,86.4,1,72,21.6,0,0,0,0,0,0,0,0,36,0,72,0,0,0,0,ng,Texas,3.274,4.6676,4e-4,0
13352,7400,71.89,-7.99,36.65,-7.99,1,86.4,1,72,21.6,0,0,0,0,0,0,0,0,36,0,72,0,0,0,0,ng,Texas,3.274,4.6676,4e-4,0
13353,7400,71.89,-7.99,36.65,-7.99,1,86.4,1,72,21.6,0,0,0,0,0,0,0,0,36,0,72,0,0,0,0,ng,Texas,3.274,4.6676,4e-4,0
13354,7400,71.89,-7.99,36.65,-7.99,1,86.4,1,72,21.6,0,0,0,0,0,0,0,0,36,0,72,0,0,0,0,ng,Texas,3.274,4.6676,4e-4,0
13355,7400,143.79,-15.98,73.3,-15.98,1,172.8,1,144,43.2,0,0,0,0,0,0,0,0,72,0,144,0,0,0,0,ng,Texas,3.274,4.7641,4e-4,0
13356,7400,445.74,-49.55,227.22,-49.55,1,535.68,1,446.4,133.92,0,0,0,0,0,0,0,0,140.71,0,446.4,0,0,0,0,ng,Texas,3.274,5.1693,4e-4,0
13357,7406,63.01,32.12,32.12,-7,1.04,75.72,1,63.1,18.93,0,0,0,0,0,0,0,0,31.55,0,63.1,0,0,0,0,ng,Texas,3.613,4.6557,4e-4,0
13358,7406,309.54,157.79,157.79,-34.41,1.04,372,1,310,93,0,0,0,0,0,0,0,0,129.42,0,310,0,0,0,0,ng,Texas,3.613,4.9865,4e-4,0
13359,7414,102.25,52.12,52.12,-11.37,1.03,122.88,1,102.4,30.72,0,0,0,0,0,0,0,0,51.2,0,102.4,0,0,0,0,ng,Texas,3.613,4.7084,4e-4,0
13360,7130,88.07,-9.79,44.89,-9.79,1,105.84,1,88.2,26.46,0,0,0,0,0,0,0,0,44.1,0,88.2,0,0,0,0,ng,Texas,3.274,4.6893,4e-4,0
13361,7130,88.07,-9.79,44.89,-9.79,1,105.84,1,88.2,26.46,0,0,0,0,0,0,0,0,44.1,0,88.2,0,0,0,0,ng,Texas,3.274,4.6893,4e-4,0
13362,7422,2.12,3.46,3.46,-0.75,1.04,8.16,1,6.8,2.04,0,0,0,0,0,0,0,0,3.4,0,6.8,0,0,0,0,ng,Texas,3.274,4.5803,4e-4,0
13363,7422,53.79,41.76,87.65,-19.11,1.04,206.64,1,172.2,51.66,0,0,0,0,0,0,0,0,86.1,0,172.2,0,0,0,0,ng,Texas,3.274,4.8019,4e-4,0
13364,7422,53.79,41.76,87.65,-19.11,1.04,206.64,1,172.2,51.66,0,0,0,0,0,0,0,0,86.1,0,172.2,0,0,0,0,ng,Texas,3.274,4.8019,4e-4,0
13365,7422,35.14,41.76,57.26,-12.49,1.04,135,1,112.5,33.75,0,0,0,0,0,0,0,0,56.25,0,112.5,0,0,0,0,ng,Texas,3.274,4.7219,4e-4,0
13366,7422,35.14,41.76,57.26,-12.49,1.04,135,1,112.5,33.75,0,0,0,0,0,0,0,0,56.25,0,112.5,0,0,0,0,ng,Texas,3.274,4.7219,4e-4,0
13367,7422,35.14,41.76,57.26,-12.49,1.04,135,1,112.5,33.75,0,0,0,0,0,0,0,0,56.25,0,112.5,0,0,0,0,ng,Texas,3.274,4.7219,4e-4,0
13368,7422,35.14,41.76,57.26,-12.49,1.04,135,1,112.5,33.75,0,0,0,0,0,0,0,0,56.25,0,112.5,0,0,0,0,ng,Texas,3.274,4.7219,4e-4,0
13369,7422,59.69,41.76,97.27,-21.21,1.04,229.32,1,191.1,57.33,0,0,0,0,0,0,0,0,95.55,0,191.1,0,0,0,0,ng,Texas,3.274,4.8272,4e-4,0
13370,7422,53.79,41.76,87.65,-19.11,1.04,206.64,1,172.2,51.66,0,0,0,0,0,0,0,0,86.1,0,172.2,0,0,0,0,ng,Texas,3.274,4.8019,4e-4,0
13371,7422,53.79,41.76,87.65,-19.11,1.04,206.64,1,172.2,51.66,0,0,0,0,0,0,0,0,86.1,0,172.2,0,0,0,0,ng,Texas,3.274,4.8019,4e-4,0
13372,7422,53.79,41.76,87.65,-19.11,1.04,206.64,1,172.2,51.66,0,0,0,0,0,0,0,0,86.1,0,172.2,0,0,0,0,ng,Texas,3.274,4.8019,4e-4,0
13373,7428,31.4,20.89,51.16,-11.16,1.04,120.62,1,100.52,30.16,0,0,0,0,0,0,0,0,50.26,0,100.52,0,0,0,0,ng,Texas,3.274,4.7058,4e-4,0
13374,7428,40.6,20.89,66.17,-14.43,1.04,156,1,130,39,0,0,0,0,0,0,0,0,65,0,130,0,0,0,0,ng,Texas,3.274,4.7453,4e-4,0
13375,7428,40.6,20.89,66.17,-14.43,1.04,156,1,130,39,0,0,0,0,0,0,0,0,65,0,130,0,0,0,0,ng,Texas,3.274,4.7453,4e-4,0
13376,7428,31.4,20.89,51.16,-11.16,1.04,120.62,1,100.52,30.16,0,0,0,0,0,0,0,0,50.26,0,100.52,0,0,0,0,ng,Texas,3.274,4.7058,4e-4,0
13377,7428,31.4,20.89,51.16,-11.16,1.04,120.62,1,100.52,30.16,0,0,0,0,0,0,0,0,50.26,0,100.52,0,0,0,0,ng,Texas,3.274,4.7058,4e-4,0
13378,7428,31.4,20.89,51.16,-11.16,1.04,120.62,1,100.52,30.16,0,0,0,0,0,0,0,0,50.26,0,100.52,0,0,0,0,ng,Texas,3.274,4.7058,4e-4,0
13379,7428,31.4,20.89,51.16,-11.16,1.04,120.62,1,100.52,30.16,0,0,0,0,0,0,0,0,50.26,0,100.52,0,0,0,0,ng,Texas,3.274,4.7058,4e-4,0
13380,7428,31.4,20.89,51.16,-11.16,1.04,120.62,1,100.52,30.16,0,0,0,0,0,0,0,0,50.26,0,100.52,0,0,0,0,ng,Texas,3.274,4.7058,4e-4,0
13381,7428,23.43,20.89,38.17,-8.33,1.04,90,1,75,22.5,0,0,0,0,0,0,0,0,37.5,0,75,0,0,0,0,ng,Texas,3.274,4.6716,4e-4,0
13382,7428,0,0,41.23,-8.99,1.04,97.2,0,81,24.3,0,0,0,0,0,0,0,0,40.5,0,81,0,0,0,0,ng,Texas,3.274,4.6797,4e-4,0
13383,7428,3.65,5.96,5.96,-1.3,1.04,14.04,1,11.7,3.51,0,0,0,0,0,0,0,0,5.85,0,11.7,0,0,0,0,ng,Texas,3.274,4.5868,4e-4,0
13384,7389,33,0,0,0,1.04,52.8,1,44,0,0,0,0,0,0,0,0,0,0,0,44,0,0,0,0,solar,Texas,0,0,0,0
13385,8030,0,0,119.58,-26.08,1.04,281.91,0,234.93,70.48,0,0,0,0,0,0,0,0,111.31,0,234.93,0,0,0,0,ng,Texas,3.975,4.8859,4e-4,0
13386,8030,0,0,119.58,-26.08,1.04,281.91,0,234.93,70.48,0,0,0,0,0,0,0,0,111.31,0,234.93,0,0,0,0,ng,Texas,3.975,4.8859,4e-4,0
13387,8030,0,0,119.58,-26.08,1.04,281.91,0,234.93,70.48,0,0,0,0,0,0,0,0,111.31,0,234.93,0,0,0,0,ng,Texas,3.975,4.8859,4e-4,0
13388,8030,0,0,119.58,-26.08,1.04,281.91,0,234.93,70.48,0,0,0,0,0,0,0,0,111.31,0,234.93,0,0,0,0,ng,Texas,3.975,4.8859,4e-4,0
13389,8043,172.42,-19.17,87.89,-19.17,1.01,207.2,1,172.67,51.8,0,0,0,0,0,0,0,0,86.33,0,172.67,0,0,0,0,ng,Texas,3.975,4.8025,4e-4,0
13390,8043,0,0,87.89,-19.17,1.01,207.2,0,172.67,51.8,0,0,0,0,0,0,0,0,86.33,0,172.67,0,0,0,0,ng,Texas,3.975,4.8025,4e-4,0
13391,8043,172.42,76.28,87.89,-19.17,1.04,207.2,1,172.67,51.8,0,0,0,0,0,0,0,0,86.33,0,172.67,0,0,0,0,ng,Texas,3.975,4.8025,4e-4,0
13392,8043,172.42,-19.17,87.89,-19.17,1.01,207.2,1,172.67,51.8,0,0,0,0,0,0,0,0,86.33,0,172.67,0,0,0,0,ng,Texas,3.975,4.8025,4e-4,0
13393,8043,0,0,87.89,-19.17,1.01,207.2,0,172.67,51.8,0,0,0,0,0,0,0,0,86.33,0,172.67,0,0,0,0,ng,Texas,3.975,4.8025,4e-4,0
13394,8043,0,0,87.89,-19.17,1.01,207.2,0,172.67,51.8,0,0,0,0,0,0,0,0,86.33,0,172.67,0,0,0,0,ng,Texas,3.975,4.8025,4e-4,0
13395,8057,0,0,276.52,-72.39,1,712.08,0,593.4,178.02,0,0,0,0,0,0,0,0,188.73,0,593.4,0,0,0,0,coal,Texas,2.329,8.0169,8e-4,0
13396,8057,0,0,276.52,-72.39,1,712.08,0,593.4,178.02,0,0,0,0,0,0,0,0,188.73,0,593.4,0,0,0,0,coal,Texas,2.329,8.0169,8e-4,0
13397,8067,0,0,431,-112.84,1,1109.88,0,924.9,277.47,0,0,0,0,0,0,0,0,230.28,0,924.9,0,0,0,0,coal,Texas,2.329,8.0169,8e-4,0
13398,8067,923.54,-112.84,431,-112.84,1,1109.88,1,924.9,277.47,0,0,0,0,0,0,0,0,230.28,0,924.9,0,0,0,0,coal,Texas,2.329,8.0169,8e-4,0
13399,8074,234.55,2.31,119.56,-26.07,1.03,281.88,1,234.9,70.47,0,0,0,0,0,0,0,0,111.3,0,234.9,0,0,0,0,ng,Texas,3.316,4.8859,4e-4,0
13400,8074,234.55,1.15,119.56,-26.07,1.03,281.88,1,234.9,70.47,0,0,0,0,0,0,0,0,111.3,0,234.9,0,0,0,0,ng,Texas,3.316,4.8859,4e-4,0
13401,8074,234.55,0.28,119.56,-26.07,1.03,281.88,1,234.9,70.47,0,0,0,0,0,0,0,0,111.3,0,234.9,0,0,0,0,ng,Texas,3.316,4.8859,4e-4,0
13402,8074,234.55,1.1,119.56,-26.07,1.03,281.88,1,234.9,70.47,0,0,0,0,0,0,0,0,111.3,0,234.9,0,0,0,0,ng,Texas,3.316,4.8859,4e-4,0
13403,8082,0,0,418.33,-109.52,1.04,1077.24,0,897.7,269.31,0,0,0,0,0,0,0,0,228.6,0,897.7,0,0,0,0,coal,Texas,2.329,8.0169,8e-4,0
13404,8082,896.38,112.95,418.33,-109.52,1.04,1077.24,1,897.7,269.31,0,0,0,0,0,0,0,0,228.6,0,897.7,0,0,0,0,coal,Texas,2.329,8.0169,8e-4,0
13405,8112,85.5,0,0,0,1.04,136.8,1,114,0,0,0,0,0,0,0,0,0,0,0,114,0,0,0,0,solar,Texas,0,0,0,0
13406,8112,0,0,4.66,-1.22,1.04,12,0,10,3,0,0,0,0,0,0,0,0,4,0,10,0,0,0,0,coal,Texas,2.724,8.0169,8e-4,0
13407,8112,0,0,163.89,-42.91,1.04,422.04,0,351.7,105.51,0,0,0,0,0,0,0,0,129.56,0,351.7,0,0,0,0,coal,Texas,2.724,8.0169,8e-4,0
13408,8112,230.48,55.6,163.89,-42.91,1.04,422.04,1,351.7,105.51,0,0,0,0,0,0,0,0,129.56,0,351.7,0,0,0,0,coal,Texas,2.724,8.0169,8e-4,0
13409,8126,659.03,-43.88,307.56,-80.52,1.03,792,1,660,198,0,0,0,0,0,0,0,0,200.75,0,660,0,0,0,0,coal,Texas,2.101,8.0169,8e-4,0
13410,8126,659.03,-6.48,307.56,-80.52,1.03,792,1,660,198,0,0,0,0,0,0,0,0,200.75,0,660,0,0,0,0,coal,Texas,2.101,8.0169,8e-4,0
13411,8126,659.03,-31.64,307.56,-80.52,1.03,792,1,660,198,0,0,0,0,0,0,0,0,200.75,0,660,0,0,0,0,coal,Texas,2.101,8.0169,8e-4,0
13412,8043,0,0,1.86,-0.49,1.03,4.8,0,4,1.2,0,0,0,0,0,0,0,0,1.6,0,4,0,0,0,0,coal,Texas,2.724,8.0169,8e-4,0
13413,8043,0,0,111.51,-29.19,1.03,287.16,0,239.3,71.79,0,0,0,0,0,0,0,0,93.76,0,239.3,0,0,0,0,coal,Texas,2.724,8.0169,8e-4,0
13414,8158,0,0,11.2,-2.44,1,26.4,0,22,6.6,0,0,0,0,0,0,0,0,11,0,22,0,0,0,0,ng,Texas,3.975,4.6006,4e-4,0
13415,8155,0,0,81.36,-21.3,1,209.52,0,174.6,52.38,0,0,0,0,0,0,0,0,69.84,0,174.6,0,0,0,0,coal,Texas,2.329,8.0169,8e-4,0
13416,8155,174.34,-21.3,81.36,-21.3,1,209.52,1,174.6,52.38,0,0,0,0,0,0,0,0,69.84,0,174.6,0,0,0,0,coal,Texas,2.329,8.0169,8e-4,0
13417,8158,0,0,53.44,-11.65,1,126,0,105,31.5,0,0,0,0,0,0,0,0,52.5,0,105,0,0,0,0,ng,Texas,3.975,4.7118,4e-4,0
13418,8158,0,0,49.98,-10.9,1,117.84,0,98.2,29.46,0,0,0,0,0,0,0,0,49.1,0,98.2,0,0,0,0,ng,Texas,3.975,4.7027,4e-4,0
