sub_id,name,interconnect_sub_id,lat,lon,interconnect
39762,ODESSA 2,1,31.9067,-102.262,Texas
39763,PRESIDIO 2,2,29.888,-104.519,Texas
39764,O DONNELL 1,3,32.9264,-101.648,Texas
39765,BIG SPRING 5,4,32.2075,-101.388,Texas
39766,VAN HORN,5,31.0935,-104.625,Texas
39767,IRAAN 2,6,30.9315,-102.201,Texas
39768,PRESIDIO 1,7,29.6,-104.3,Texas
39769,SANDERSON,8,30.0281,-101.97,Texas
39770,MONAHANS 2,9,31.4846,-103.161,Texas
39771,GRANDFALLS,10,31.1695,-103.085,Texas
39772,MARFA,11,30.2853,-104.006,Texas
39773,GARDEN CITY,12,31.7631,-101.502,Texas
39774,ODESSA 4,13,31.7252,-102.414,Texas
39775,NOTREES,14,31.7992,-102.633,Texas
39776,MIDLAND 4,15,31.9794,-102.132,Texas
39777,BIG SPRING 1,16,31.9925,-101.117,Texas
39778,O DONNELL 2,17,32.929,-101.579,Texas
39779,ODESSA 6,18,31.9693,-102.631,Texas
39780,BIG SPRINGS,19,32.039,-101.22,Texas
39781,MIDLAND 2,20,32.3217,-102.042,Texas
39782,COAHOMA,21,32.8795,-101.247,Texas
39783,MIDLAND 3,22,31.9924,-102.081,Texas
39784,ALPINE,23,29.8021,-103.222,Texas
39785,FORT DAVIS,24,31.005,-103.759,Texas
39786,MCCAMEY 1,25,31.2092,-102.242,Texas
39787,BIG SPRING 4,26,31.9914,-101.303,Texas
39788,CRANE,27,31.1869,-102.596,Texas
39789,ODESSA 5,28,31.7992,-102.474,Texas
39790,FORT STOCKTON 1,29,30.7726,-102.506,Texas
39791,ANDREWS,30,32.3357,-102.697,Texas
39792,FORSAN,31,32.1408,-101.399,Texas
39793,BIG LAKE,32,31.2726,-101.173,Texas
39794,MIDLAND 5,33,32.0536,-102.202,Texas
39795,OZONA,34,30.5756,-101.331,Texas
39796,MONAHANS 1,35,31.5839,-102.963,Texas
39797,STANTON,36,32.4898,-101.754,Texas
39798,ODONNELL,37,32.927,-101.764,Texas
39799,LENORAH,38,32.2353,-101.837,Texas
39800,IRAAN 3,39,30.8847,-101.921,Texas
39801,BIG SPRING 6,40,32.2732,-101.422,Texas
39802,ODESSA 3,41,32.0011,-102.312,Texas
39803,BIG SPRING 3,42,32.1008,-101.451,Texas
39804,BIG SPRING 7,43,32.1029,-101.365,Texas
39805,MIDLAND 1,44,31.5176,-101.918,Texas
39806,IRAAN 1,45,30.9178,-102.087,Texas
39807,ODESSA 1,46,31.8403,-102.326,Texas
39808,FORT STOCKTON 2,47,30.8073,-102.356,Texas
39809,FORT STOCKTON 3,48,30.7475,-102.791,Texas
39810,BIG SPRING 2,49,31.9361,-101.298,Texas
39811,KERMIT,50,31.6963,-103.139,Texas
39812,PECOS,51,31.8035,-103.6,Texas
39813,SHEFFIELD,52,30.597,-101.785,Texas
39814,MCCAMEY 2,53,31.1392,-102.225,Texas
39815,LAMESA,54,32.9296,-102.134,Texas
39816,GOLDSMITH,55,31.995,-102.828,Texas
39817,RALLS 2,56,33.6587,-101.531,Texas
39818,PARIS 3,57,33.6839,-95.3447,Texas
39819,SAVOY,58,33.6281,-96.3676,Texas
39820,HONEY GROVE,59,33.6152,-95.9001,Texas
39821,MEMPHIS,60,34.8573,-100.513,Texas
39822,IOWA PARK,61,33.9733,-98.7211,Texas
39823,VERNON 2,62,33.8998,-99.7735,Texas
39824,PANHANDLE 2,63,35.2383,-101.311,Texas
39825,CHILDRESS,64,34.4472,-100.81,Texas
39826,FORESTBURG,65,33.4716,-97.4452,Texas
39827,SHERMAN 3,66,33.6276,-96.7674,Texas
39828,PANHANDLE 4,67,35.4275,-101.253,Texas
39829,WICHITA FALLS 6,68,33.9438,-98.5231,Texas
39830,PARIS 2,69,33.6968,-95.5577,Texas
39831,WICHITA FALLS 4,70,33.8645,-98.491,Texas
39832,WHEELER,71,35.8308,-100.766,Texas
39833,DEPORT,72,33.4826,-95.3201,Texas
39834,WICHITA FALLS 3,73,34.0048,-98.3888,Texas
39835,SILVERTON,74,34.4575,-101.287,Texas
39836,BONHAM,75,33.7083,-96.2407,Texas
39837,MATADOR,76,33.7107,-100.384,Texas
39838,ARTHUR CITY,77,33.8579,-95.6491,Texas
39839,LEONARD,78,33.4414,-96.1792,Texas
39840,GORDONVILLE,79,33.8309,-96.8398,Texas
39841,KNOX CITY,80,33.4318,-99.8537,Texas
39842,WICHITA FALLS 7,81,33.8949,-98.5437,Texas
39843,LINDSAY,82,33.6159,-97.3108,Texas
39844,ECTOR,83,33.5535,-96.2829,Texas
39845,SUNSET,84,33.456,-97.7518,Texas
39846,CLARKSVILLE,85,33.6631,-94.9973,Texas
39847,PANHANDLE 3,86,35.386,-101.579,Texas
39848,SADLER,87,33.738,-96.8395,Texas
39849,WHITESBORO,88,33.7439,-96.9361,Texas
39850,SHEPPARD AFB,89,33.9695,-98.509,Texas
39851,POTTSBORO,90,33.8007,-96.726,Texas
39852,BELLS,91,33.6236,-96.4279,Texas
39853,CROSBYTON,92,33.7745,-100.99,Texas
39854,ELECTRA,93,34.1317,-99.1066,Texas
39855,PATTONVILLE,94,33.4023,-95.4832,Texas
39856,HENRIETTA,95,33.7585,-98.2023,Texas
39857,PANHANDLE 6,96,34.9008,-100.995,Texas
39858,BOWIE,97,33.5206,-97.9561,Texas
39859,WICHITA FALLS 1,98,33.9133,-98.4931,Texas
39860,WHITE DEER,99,35.4789,-101.244,Texas
39861,ROXTON,100,33.5768,-95.8097,Texas
39862,VERNON 1,101,34.29,-99.3647,Texas
39863,DENISON 2,102,33.7708,-96.6041,Texas
39864,SUMNER,103,33.7452,-95.7443,Texas
39865,GAINESVILLE,104,33.6616,-97.1763,Texas
39866,ASPERMONT,105,33.1831,-100.245,Texas
39867,WICHITA FALLS 5,106,33.7991,-98.5098,Texas
39868,WINDTHORST,107,33.5126,-98.4576,Texas
39869,HOWE,108,33.4508,-96.7422,Texas
39870,ARCHER 2,109,33.4931,-98.5819,Texas
39871,COLLINSVILLE,110,33.5377,-96.9066,Texas
39872,JAYTON,111,32.9697,-100.524,Texas
39873,MUENSTER 1,112,33.733,-97.4284,Texas
39874,PADUCAH,113,33.9943,-100.287,Texas
39875,NOCONA,114,33.7931,-97.9638,Texas
39876,DODD CITY,115,33.6155,-96.0722,Texas
39877,WICHITA FALLS 2,116,33.8625,-98.5894,Texas
39878,MONTAGUE,117,33.6269,-97.6879,Texas
39879,SPUR,118,33.3411,-100.715,Texas
39880,ARCHER 1,119,33.4953,-98.5,Texas
39881,ANNONA,120,33.4982,-94.8908,Texas
39882,SEYMOUR,121,33.6211,-99.2438,Texas
39883,DENISON 1,122,33.7271,-96.4708,Texas
39884,PANHANDLE 5,123,35.3503,-101.54,Texas
39885,RALLS 1,124,33.6611,-101.39,Texas
39886,SHERMAN 1,125,33.5826,-96.6179,Texas
39887,WHITEWRIGHT,126,33.4946,-96.3961,Texas
39888,SHERMAN 2,127,33.6041,-96.5504,Texas
39889,ROCHESTER,128,33.3228,-99.6421,Texas
39890,BURKBURNETT,129,34.1033,-98.6225,Texas
39891,MUENSTER 2,130,33.6821,-97.3829,Texas
39892,ARCHER CITY,131,33.5274,-98.8848,Texas
39893,PETROLIA,132,34.0083,-98.2593,Texas
39894,PARIS 1,133,33.6308,-95.59,Texas
39895,BAGWELL,134,33.8019,-95.152,Texas
39896,TELEPHONE,135,33.7787,-95.9968,Texas
39897,PANHANDLE 1,136,35.4428,-101.373,Texas
39898,VAN ALSTYNE,137,33.4357,-96.5499,Texas
39899,TIOGA,138,33.4646,-96.8927,Texas
39900,VALLEY VIEW,139,33.458,-97.1286,Texas
39901,MIAMI,140,35.6539,-100.539,Texas
39902,TRENTON,141,33.4391,-96.3115,Texas
39903,HASKELL,142,33.1227,-99.6504,Texas
39904,SAINT JO,143,33.7414,-97.5353,Texas
39905,KERRVILLE,144,30.0367,-99.163,Texas
39906,SWEETWATER 4,145,32.3606,-100.339,Texas
39907,LEAKEY,146,29.6445,-99.6825,Texas
39908,HAMLIN,147,32.857,-100.124,Texas
39909,MERKEL 3,148,32.4736,-100.033,Texas
39910,COLEMAN,149,31.7369,-99.5678,Texas
39911,SONORA,150,30.4414,-100.561,Texas
39912,CAMP WOOD,151,29.6747,-100.079,Texas
39913,LLANO,152,30.6537,-98.9183,Texas
39914,WILLOW CITY,153,30.4371,-98.7087,Texas
39915,ABILENE 4,154,32.3357,-99.6675,Texas
39916,KINGSLAND,155,30.6728,-98.4427,Texas
39917,ROSCOE 6,156,32.4152,-100.574,Texas
39918,BLACKWELL,157,32.1981,-100.269,Texas
39919,CHRISTOVAL,158,31.0854,-100.679,Texas
39920,LUEDERS,159,32.8686,-99.6945,Texas
39921,COLORADO CITY,160,32.3145,-100.918,Texas
39922,STAMFORD,161,32.9409,-99.851,Texas
39923,ELDORADO,162,30.8835,-100.595,Texas
39924,SAN SABA,163,31.1571,-98.764,Texas
39925,ABILENE 2,164,32.6256,-99.4928,Texas
39926,LOMETA,165,31.2572,-98.3767,Texas
39927,SAN ANGELO 1,166,31.5097,-100.322,Texas
39928,TUSCOLA,167,32.2741,-99.826,Texas
39929,ABILENE 7,168,32.3336,-99.9277,Texas
39930,SNYDER 1,169,32.7204,-100.995,Texas
39931,CHEROKEE,170,30.9398,-99.0799,Texas
39932,RICHLAND SPRINGS,171,31.5179,-99.1355,Texas
39933,ROSCOE 2,172,32.4694,-100.666,Texas
39934,BALLINGER,173,31.7386,-99.9342,Texas
39935,SILVER,174,32.05,-100.692,Texas
39936,ROSCOE 5,175,32.3122,-100.53,Texas
39937,ANSON,176,32.7479,-99.9054,Texas
39938,DEL RIO,177,29.8372,-101.212,Texas
39939,HUNT,178,30.0951,-99.6282,Texas
39940,WINGATE,179,32.214,-100.057,Texas
39941,STERLING CITY 1,180,31.9261,-100.928,Texas
39942,ROSCOE 4,181,32.2369,-100.483,Texas
39943,BRADY,182,31.177,-99.6164,Texas
39944,TRENT 1,183,32.4301,-100.236,Texas
39945,OVALO,184,32.1202,-99.753,Texas
39946,NOLAN,185,32.2878,-100.1,Texas
39947,MILES,186,31.592,-100.193,Texas
39948,BRACKETTVILLE 2,187,29.2347,-100.209,Texas
39949,MASON,188,30.8431,-99.5701,Texas
39950,BRACKETTVILLE 3,189,29.3956,-100.44,Texas
39951,ABILENE 6,190,32.3628,-99.8173,Texas
39952,HERMLEIGH,191,32.5886,-100.673,Texas
39953,MERKEL 1,192,32.3182,-100.177,Texas
39954,LORAINE 1,193,32.4375,-100.744,Texas
39955,ABILENE 1,194,32.5144,-99.6564,Texas
39956,ROCKSPRINGS,195,29.9881,-100.286,Texas
39957,MERKEL 2,196,32.3116,-100.062,Texas
39958,FLUVANNA 2,197,32.9479,-101.148,Texas
39959,DYESS AFB,198,32.4158,-99.9062,Texas
39960,HAWLEY,199,32.6305,-99.8306,Texas
39961,BUCHANAN DAM 2,200,30.9368,-98.4671,Texas
39962,ABILENE 3,201,32.5765,-99.6653,Texas
39963,SWEETWATER 5,202,32.2919,-100.211,Texas
39964,BUCHANAN DAM 1,203,30.7316,-98.3854,Texas
39965,INGRAM,204,30.1591,-99.345,Texas
39966,KEMPNER,205,31.0882,-98.0107,Texas
39967,FLUVANNA 1,206,32.9254,-101.219,Texas
39968,STERLING CITY 2,207,31.9519,-100.791,Texas
39969,SAN ANGELO 2,208,31.2688,-100.564,Texas
39970,ROTAN,209,32.8918,-100.498,Texas
39971,SYNDER,210,32.7393,-100.739,Texas
39972,BRACKETTVILLE 1,211,29.3289,-100.384,Texas
39973,ROSCOE 1,212,32.4969,-100.58,Texas
39974,UVALDE,213,29.151,-100.016,Texas
39975,FREDERICKSBURG,214,30.2809,-98.8767,Texas
39976,ABILENE 5,215,32.4622,-99.7159,Texas
39977,SABINAL,216,29.3038,-99.6308,Texas
39978,SWEETWATER 2,217,32.2908,-100.422,Texas
39979,LORAINE 2,218,32.4049,-100.711,Texas
39980,ROSCOE 3,219,32.3983,-100.648,Texas
39981,SAN ANGELO 3,220,31.8027,-101.056,Texas
39982,TUSOCOLA,221,32.3039,-100.022,Texas
39983,EDEN,222,31.2228,-99.8962,Texas
39984,SNYDER 2,223,32.7471,-100.955,Texas
39985,SWEETWATER 1,224,32.4081,-100.129,Texas
39986,MENARD,225,30.8975,-100.107,Texas
39987,WINTERS,226,31.8585,-100.165,Texas
39988,GOLDSBORO,227,32.0521,-99.6946,Texas
39989,SWEETWATER 3,228,32.3472,-100.37,Texas
39990,GOODFELLOW AFB,229,31.2895,-100.153,Texas
39991,SANTA ANNA,230,31.5153,-99.3806,Texas
39992,ROWENA,231,31.4115,-99.6823,Texas
39993,TRENT 2,232,32.6649,-100.213,Texas
39994,JUNCTION,233,30.4587,-100.069,Texas
39995,LAMPASAS,234,31.1024,-98.2593,Texas
39996,LAUGHLIN A F B,235,29.3585,-100.777,Texas
39997,EDINBURG 3,236,26.4504,-98.2769,Texas
39998,LAREDO 7,237,27.8335,-99.6855,Texas
39999,BRUNI 2,238,27.3651,-98.9967,Texas
40000,MCALLEN 2,239,26.2158,-98.2396,Texas
40001,POTEET,240,29.0798,-98.6423,Texas
40002,SARITA 3,241,27.0702,-97.5077,Texas
40003,HEBBRONVILLE,242,27.1004,-98.79,Texas
40004,PROGRESO,243,26.0832,-97.9621,Texas
40005,EDINBURG 2,244,26.2807,-98.1833,Texas
40006,EAGLE PASS,245,28.4764,-100.277,Texas
40007,CHARLOTTE,246,28.7909,-98.7176,Texas
40008,CORPUS CHRISTI 4,247,27.6271,-97.2692,Texas
40009,WOODSBORO,248,28.1871,-97.3823,Texas
40010,MERCEDES,249,26.1488,-97.8311,Texas
40011,CORPUS CHRISTI 16,250,27.6579,-97.4798,Texas
40012,EDCOUCH,251,26.3745,-97.9803,Texas
40013,ENCINAL,252,28.0417,-99.3992,Texas
40014,MOORE,253,28.9417,-98.8513,Texas
40015,CHRISTINE,254,28.7044,-98.4775,Texas
40016,MCALLEN 3,255,26.1623,-98.2487,Texas
40017,FANNIN,256,28.7128,-97.2142,Texas
40018,SAN YGNACIO,257,27.1282,-99.3308,Texas
40019,KINGSVILLE,258,27.4442,-97.8656,Texas
40020,LAREDO 6,259,27.5138,-99.5021,Texas
40021,HIDALGO,260,26.1112,-98.2417,Texas
40022,CORPUS CHRISTI 18,261,27.8382,-97.5963,Texas
40023,CRYSTAL CITY,262,28.8887,-99.5627,Texas
40024,SINTON,263,28.1216,-97.553,Texas
40025,BEEVILLE,264,28.4077,-97.7106,Texas
40026,MISSION 4,265,26.2287,-98.3762,Texas
40027,SAN JUAN,266,26.1445,-98.1213,Texas
40028,FALCON HEIGHTS 2,267,26.6782,-99.1031,Texas
40029,FALCON HEIGHTS 1,268,26.5575,-99.1642,Texas
40030,LA JOYA,269,26.2428,-98.4945,Texas
40031,SEBASTIAN 2,270,26.3307,-97.5857,Texas
40032,BISHOP,271,27.5697,-97.8228,Texas
40033,ARMSTRONG 2,272,26.911,-97.7738,Texas
40034,SKIDMORE,273,28.2462,-97.6509,Texas
40035,CORPUS CHRISTI 9,274,27.8194,-97.3925,Texas
40036,GREGORY,275,27.8893,-97.2584,Texas
40037,CORPUS CHRISTI 2,276,27.8322,-97.5281,Texas
40038,WESLACO,277,26.1586,-97.9892,Texas
40039,HARLINGEN 1,278,26.2555,-97.6675,Texas
40040,ELSA,279,26.3078,-98.0394,Texas
40041,CORPUS CHRISTI 17,280,27.7712,-97.5188,Texas
40042,BROWNSVILLE 2,281,25.9439,-97.3179,Texas
40043,CORPUS CHRISTI 10,282,27.768,-97.3991,Texas
40044,MISSION 1,283,26.208,-98.3992,Texas
40045,CORPUS CHRISTI 8,284,27.7299,-97.3852,Texas
40046,MISSION 3,285,26.3189,-98.3701,Texas
40047,CORPUS CHRISTI 3,286,27.6064,-97.3117,Texas
40048,RIO HONDO,287,26.2614,-97.489,Texas
40049,CORPUS CHRISTI 5,288,27.6952,-97.2694,Texas
40050,PHARR,289,26.1497,-98.1897,Texas
40051,SANTA ROSA 1,290,26.2697,-97.867,Texas
40052,ODEM,291,27.9629,-97.679,Texas
40053,CORPUS CHRISTI 13,292,27.7742,-97.4388,Texas
40054,LAREDO 3,293,27.557,-99.2672,Texas
40055,OLMITO,294,26.0218,-97.5261,Texas
40056,EDINBURG 1,295,26.4515,-98.092,Texas
40057,TAFT 2,296,27.9386,-97.4586,Texas
40058,PORT ISABEL,297,26.0516,-97.3128,Texas
40059,DONNA,298,26.1619,-98.0587,Texas
40060,INGLESIDE,299,27.8679,-97.203,Texas
40061,CORPUS CHRISTI 11,300,27.6833,-97.4063,Texas
40062,LOS FRESNOS,301,26.235,-97.2718,Texas
40063,HARLINGEN 2,302,26.2528,-97.7436,Texas
40064,RIVIERA,303,27.1391,-97.9014,Texas
40065,LAREDO 1,304,27.5667,-99.5089,Texas
40066,JOURDANTON,305,28.7645,-98.486,Texas
40067,GEORGE WEST,306,28.2575,-98.1431,Texas
40068,ROMA,307,26.5326,-99.113,Texas
40069,CORPUS CHRISTI 12,308,27.752,-97.4365,Texas
40070,SANTA MARIA,309,26.0527,-97.7405,Texas
40071,MCALLEN 1,310,26.272,-98.2366,Texas
40072,CORPUS CHRISTI 7,311,27.6625,-97.3714,Texas
40073,FALFURRIAS,312,26.8805,-98.2162,Texas
40074,PETTUS,313,28.5409,-97.957,Texas
40075,BROWNSVILLE 3,314,25.9889,-97.4436,Texas
40076,ALICE,315,27.6599,-98.0757,Texas
40077,RIO GRANDE CITY,316,26.5829,-98.5216,Texas
40078,PREMONT,317,27.6344,-98.4967,Texas
40079,FREER,318,27.8359,-98.629,Texas
40080,PEARSALL,319,28.9275,-99.0919,Texas
40081,SANDIA,320,28.0932,-97.9629,Texas
40082,SARITA 1,321,27.2231,-97.7892,Texas
40083,DILLEY,322,28.7034,-99.1912,Texas
40084,ORANGE GROVE,323,27.9862,-98.0602,Texas
40085,PORTLAND,324,27.8921,-97.3842,Texas
40086,LAREDO 4,325,27.3735,-99.3506,Texas
40087,THREE RIVERS,326,28.3103,-98.5732,Texas
40088,ROCKPORT,327,28.1207,-97.1969,Texas
40089,CORPUS CHRISTI 15,328,27.7396,-97.4668,Texas
40090,ARMSTRONG 1,329,27.0011,-97.5994,Texas
40091,PENITAS,330,26.3216,-98.4762,Texas
40092,SULLIVAN CITY,331,26.2537,-98.5672,Texas
40093,CORPUS CHRISTI 6,332,27.7036,-97.345,Texas
40094,MISSION 2,333,26.2964,-98.3,Texas
40095,CORPUS CHRISTI 1,334,27.8139,-97.4283,Texas
40096,GRULLA,335,26.2748,-98.6548,Texas
40097,SARITA 2,336,27.1197,-97.5499,Texas
40098,HARGILL,337,26.4774,-97.9215,Texas
40099,CORPUS CHRISTI 14,338,27.8107,-97.4404,Texas
40100,MATHIS,339,28.1032,-97.808,Texas
40101,ARANSAS PASS,340,27.873,-97.0922,Texas
40102,SAN BENITO,341,26.1061,-97.6293,Texas
40103,PLEASANTON,342,28.9358,-98.429,Texas
40104,REFUGIO,343,28.2911,-96.8991,Texas
40105,LYTLE,344,29.2037,-98.7767,Texas
40106,LAREDO 2,345,27.7517,-99.1261,Texas
40107,BRUNI 1,346,27.5761,-98.9053,Texas
40108,GOLIAD,347,28.5683,-97.5792,Texas
40109,SAN DIEGO,348,27.8496,-98.3858,Texas
40110,PORT ARANSAS,349,27.7774,-97.115,Texas
40111,TAFT 1,350,27.9958,-97.2967,Texas
40112,SAN PERLITA,351,26.4753,-97.6911,Texas
40113,ZAPATA,352,26.9309,-99.1628,Texas
40114,SANTA ROSA 2,353,26.3453,-97.7949,Texas
40115,COTULLA,354,28.2932,-99.2143,Texas
40116,QUEMADO,355,28.9512,-100.593,Texas
40117,CARRIZO SPRINGS,356,28.5249,-99.5085,Texas
40118,LAREDO 5,357,27.5454,-99.462,Texas
40119,RAYMONDVILLE,358,26.5693,-97.4423,Texas
40120,BROWNSVILLE 1,359,25.9131,-97.5214,Texas
40121,LEMING,360,29.0705,-98.4818,Texas
40122,SEBASTIAN 1,361,26.3489,-97.6668,Texas
40123,GARLAND 5,362,32.9117,-96.6748,Texas
40124,KERENS,363,32.1583,-96.3296,Texas
40125,LIPAN,364,32.527,-98.0088,Texas
40126,DALLAS 24,365,32.9697,-96.7973,Texas
40127,DENTON 4,366,33.2316,-97.1099,Texas
40128,ALBANY 2,367,32.7901,-99.2418,Texas
40129,DALLAS 21,368,32.8649,-96.7904,Texas
40130,PLANO 2,369,33.0316,-96.6732,Texas
40131,THORNTON,370,31.2996,-96.609,Texas
40132,DENTON 5,371,33.221,-97.146,Texas
40133,EARLY,372,31.8426,-98.8051,Texas
40134,DECATUR,373,33.2763,-97.5142,Texas
40135,KELLER 2,374,32.928,-97.2839,Texas
40136,PONDER,375,33.1987,-97.3116,Texas
40137,JACKSBORO 1,376,33.068,-98.3377,Texas
40138,ALEDO 1,377,32.7206,-97.5142,Texas
40139,GATESVILLE 4,378,31.4173,-97.7556,Texas
40140,CLEBURNE 2,379,32.2767,-97.5084,Texas
40141,FORT WORTH 14,380,32.639,-97.3351,Texas
40142,FORT WORTH 23,381,32.6673,-97.4166,Texas
40143,FORT WORTH 1,382,32.824,-97.0487,Texas
40144,TROY,383,31.1959,-97.2653,Texas
40145,SPRINGTOWN,384,32.8531,-97.6966,Texas
40146,PRINCETON,385,33.1517,-96.4832,Texas
40147,DALLAS 27,386,32.7468,-96.8027,Texas
40148,DALLAS 1,387,32.6486,-96.6444,Texas
40149,ROYSE CITY,388,32.9455,-96.3753,Texas
40150,BOYD,389,33.0419,-97.5971,Texas
40151,STEPHENVILLE,390,32.2822,-98.1967,Texas
40152,MANSFIELD,391,32.504,-97.1884,Texas
40153,GREENVILLE 1,392,33.1707,-96.1264,Texas
40154,PLANO 4,393,33.0901,-96.74,Texas
40155,GROESBECK,394,31.5031,-96.52,Texas
40156,GRAHAM,395,33.1344,-98.6117,Texas
40157,MABANK 2,396,32.2778,-96.1053,Texas
40158,ARLINGTON 1,397,32.7751,-97.1421,Texas
40159,DALLAS 41,398,32.7812,-96.8788,Texas
40160,WACO 3,399,31.5768,-97.1272,Texas
40161,DALLAS 19,400,32.9974,-96.7882,Texas
40162,BANGS,401,31.7062,-99.1514,Texas
40163,PROSPER,402,33.2419,-96.808,Texas
40164,EVANT,403,31.5539,-98.0491,Texas
40165,TERRELL 1,404,32.7385,-96.1692,Texas
40166,AUBREY,405,33.2734,-96.9901,Texas
40167,WACO 4,406,31.5138,-97.153,Texas
40168,LORENA,407,31.2686,-97.2025,Texas
40169,FORT HOOD,408,31.1436,-97.761,Texas
40170,ARLINGTON 5,409,32.6921,-97.0865,Texas
40171,MCKINNEY 3,410,33.172,-96.6963,Texas
40172,DALLAS 38,411,32.6656,-96.8731,Texas
40173,ARLINGTON 9,412,32.7193,-97.155,Texas
40174,MILFORD,413,32.1375,-96.9925,Texas
40175,CLIFTON 1,414,31.8694,-97.3667,Texas
40176,DALLAS 15,415,32.8313,-96.7712,Texas
40177,FROST,416,32.0387,-96.8079,Texas
40178,GRANDVIEW,417,32.2809,-97.1608,Texas
40179,HASLET,418,32.9866,-97.3773,Texas
40180,BARDWELL,419,32.2111,-96.7528,Texas
40181,LAKE DALLAS,420,33.1104,-97.0055,Texas
40182,PLANO 1,421,33.0218,-96.6155,Texas
40183,EULESS 2,422,32.8141,-97.0913,Texas
40184,FORT WORTH 24,423,32.5819,-97.4206,Texas
40185,FLOWER MOUND 2,424,33.0349,-97.1249,Texas
40186,DALLAS 11,425,32.7706,-96.7464,Texas
40187,COMANCHE,426,31.8911,-98.6146,Texas
40188,RICHARDSON 2,427,32.9761,-96.7421,Texas
40189,FORT WORTH 8,428,32.6201,-97.2749,Texas
40190,IRVING 1,429,32.9192,-96.9894,Texas
40191,DALLAS 44,430,32.6361,-96.9646,Texas
40192,LANCASTER 1,431,32.5627,-96.7522,Texas
40193,PALO PINTO 2,432,32.7641,-98.2769,Texas
40194,ADDISON,433,32.96,-96.8385,Texas
40195,HICO,434,32.0015,-97.8826,Texas
40196,KRUM,435,33.2788,-97.3023,Texas
40197,KAUFMAN,436,32.5688,-96.2551,Texas
40198,CADDO MILLS,437,33.0663,-96.2221,Texas
40199,PLANO 7,438,33.0342,-96.8116,Texas
40200,FORT WORTH 5,439,32.6911,-97.2626,Texas
40201,BAIRD,440,32.3412,-99.1983,Texas
40202,PERRIN,441,33.015,-98.0537,Texas
40203,BROWNWOOD,442,31.7483,-99.0329,Texas
40204,DALLAS 6,443,32.842,-96.7026,Texas
40205,MARLIN,444,31.2024,-96.8142,Texas
40206,ARLINGTON 6,445,32.785,-97.1001,Texas
40207,DALLAS 8,446,32.9126,-96.7366,Texas
40208,JONESBORO,447,31.769,-97.8044,Texas
40209,DALLAS 33,448,32.7531,-96.8396,Texas
40210,GOLDTHWAITE 2,449,31.6274,-98.5467,Texas
40211,PLANO 5,450,33.0213,-96.7416,Texas
40212,BELTON,451,31.0517,-97.4999,Texas
40213,TOLAR,452,32.3626,-97.9244,Texas
40214,BRECKENRIDGE,453,32.8043,-98.8925,Texas
40215,EASTLAND,454,32.4959,-98.664,Texas
40216,COOPER,455,33.4622,-95.7575,Texas
40217,WACO 1,456,31.4757,-97.0839,Texas
40218,DALLAS 42,457,32.9232,-96.8917,Texas
40219,GATESVILLE 1,458,31.4864,-97.7069,Texas
40220,ANNA,459,33.3217,-96.3785,Texas
40221,MOODY,460,31.2851,-97.3901,Texas
40222,FORT WORTH 2,461,32.7759,-97.181,Texas
40223,WACO 6,462,31.6271,-97.2159,Texas
40224,GRAND PRAIRIE 1,463,32.7294,-96.9965,Texas
40225,ROWLETT 2,464,32.9381,-96.5564,Texas
40226,PLANO 6,465,33.0754,-96.8027,Texas
40227,IRVING 5,466,32.8748,-96.9967,Texas
40228,DALLAS 7,467,32.8785,-96.7078,Texas
40229,BRYSON 2,468,33.2764,-98.3824,Texas
40230,MORGAN,469,31.989,-97.5298,Texas
40231,SACHSE,470,32.969,-96.5809,Texas
40232,PARADISE,471,33.0987,-97.7234,Texas
40233,RIO VISTA,472,32.1085,-97.3958,Texas
40234,STRAWN,473,32.7594,-98.6664,Texas
40235,MAY,474,31.9312,-98.9274,Texas
40236,DESOTO,475,32.5994,-96.8641,Texas
40237,MESQUITE 2,476,32.7717,-96.6167,Texas
40238,ROSEBUD,477,31.0823,-96.9535,Texas
40239,DENTON 2,478,33.2088,-97.0551,Texas
40240,DALLAS 4,479,32.8249,-96.6794,Texas
40241,AXTELL,480,31.661,-96.9551,Texas
40242,NOLANVILLE,481,31.076,-97.6044,Texas
40243,DENTON 1,482,33.1975,-97.1061,Texas
40244,DALLAS 39,483,32.8685,-96.8761,Texas
40245,DUBLIN 1,484,32.3386,-98.4761,Texas
40246,MERTENS,485,32.044,-96.9146,Texas
40247,WEATHERFORD 1,486,32.6827,-97.7823,Texas
40248,PLANO 3,487,33.0568,-96.7308,Texas
40249,MALONE,488,31.9246,-96.9045,Texas
40250,DENTON 3,489,33.1495,-97.096,Texas
40251,GRAFORD,490,32.905,-98.3243,Texas
40252,ARLINGTON 8,491,32.6356,-97.1488,Texas
40253,ROCKWALL 1,492,32.8517,-96.4362,Texas
40254,CORSICANA 2,493,32.0579,-96.6325,Texas
40255,GARLAND 2,494,32.9289,-96.6198,Texas
40256,GATESVILLE 2,495,31.4766,-97.7287,Texas
40257,CARROLLTON 3,496,32.9625,-96.8982,Texas
40258,FORT WORTH 26,497,32.7754,-97.4356,Texas
40259,RHOME,498,33.0934,-97.4628,Texas
40260,VENUS,499,32.4263,-97.0903,Texas
40261,OLNEY 2,500,33.2502,-98.9256,Texas
40262,CARROLLTON 1,501,33.0502,-96.8745,Texas
40263,DALLAS 20,502,32.8021,-96.7889,Texas
40264,GORDON,503,32.5876,-98.3336,Texas
40265,MERIDIAN,504,31.9162,-97.7101,Texas
40266,KILLEEN 4,505,30.936,-97.9346,Texas
40267,DUNCANVILLE 1,506,32.6607,-96.9119,Texas
40268,ARGYLE,507,33.1147,-97.1738,Texas
40269,BRYSON 1,508,33.2058,-98.3651,Texas
40270,FORT WORTH 12,509,32.7591,-97.3298,Texas
40271,MINERAL WELLS,510,32.7996,-98.1268,Texas
40272,COOLIDGE,511,31.6611,-96.76,Texas
40273,RICE,512,32.2291,-96.4755,Texas
40274,DALLAS 35,513,32.9993,-96.8417,Texas
40275,POOLVILLE,514,33.0583,-97.9103,Texas
40276,WALNUT SPRINGS,515,32.0835,-97.7367,Texas
40277,BEDFORD 2,516,32.8307,-97.1452,Texas
40278,HUBBARD,517,31.8485,-96.8073,Texas
40279,FERRIS,518,32.4399,-96.678,Texas
40280,GARLAND 4,519,32.8802,-96.6516,Texas
40281,DALLAS 32,520,32.7114,-96.8386,Texas
40282,PILOT POINT,521,33.3712,-96.9332,Texas
40283,FORT WORTH 6,522,32.724,-97.2694,Texas
40284,NORTH RICHLAND HILLS 2,523,32.84,-97.2253,Texas
40285,JUSTIN,524,33.1,-97.3405,Texas
40286,SCURRY,525,32.4648,-96.4395,Texas
40287,SANGER,526,33.3731,-97.2134,Texas
40288,KILLEEN 1,527,31.1492,-97.6332,Texas
40289,MABANK 1,528,32.4367,-96.0796,Texas
40290,MEXIA,529,31.6549,-96.4681,Texas
40291,CARROLLTON 2,530,33.0053,-96.8967,Texas
40292,NEVADA,531,33.0618,-96.3933,Texas
40293,ZEPHYR,532,31.6867,-98.7763,Texas
40294,TERRELL 2,533,32.7584,-96.3013,Texas
40295,DALLAS 14,534,32.6654,-96.7595,Texas
40296,DALLAS 13,535,32.7506,-96.7568,Texas
40297,DALLAS 28,536,32.8118,-96.8129,Texas
40298,HAMILTON,537,31.6868,-98.187,Texas
40299,ARLINGTON 7,538,32.6922,-97.1333,Texas
40300,EULESS 1,539,32.8603,-97.086,Texas
40301,FRISCO 1,540,33.1631,-96.7902,Texas
40302,SALADO,541,30.9257,-97.5987,Texas
40303,OLNEY 1,542,33.3836,-98.7119,Texas
40304,GOLDTHWAITE 1,543,31.3833,-98.4667,Texas
40305,FORT WORTH 22,544,32.7007,-97.387,Texas
40306,GRAPEVINE,545,32.9258,-97.0715,Texas
40307,GLEN ROSE 2,546,32.2085,-97.7952,Texas
40308,KOPPERL,547,32.1175,-97.5756,Texas
40309,BEDFORD 1,548,32.853,-97.1304,Texas
40310,FORT WORTH 29,549,32.787,-97.5239,Texas
40311,DALLAS 5,550,32.7671,-96.6893,Texas
40312,GRAND PRAIRIE 2,551,32.7767,-97.0094,Texas
40313,DALLAS 22,552,32.9027,-96.7934,Texas
40314,FLOWER MOUND 1,553,33.0327,-97.0601,Texas
40315,ROANOKE,554,33.0093,-97.2267,Texas
40316,MILLSAP,555,32.7045,-97.9931,Texas
40317,FORRESTON,556,32.2375,-96.8423,Texas
40318,ITALY,557,32.1777,-96.8512,Texas
40319,FORNEY,558,32.7432,-96.4549,Texas
40320,LAVON,559,33.0127,-96.4541,Texas
40321,GLEN ROSE 1,560,32.2984,-97.7855,Texas
40322,DE LEON,561,32.2986,-98.5523,Texas
40323,KELLER 1,562,32.924,-97.2251,Texas
40324,CEDAR HILL,563,32.5802,-96.9647,Texas
40325,MC GREGOR,564,31.4095,-97.5311,Texas
40326,COMMERCE,565,33.3163,-95.789,Texas
40327,MIDLOTHIAN 2,566,32.4693,-96.9907,Texas
40328,WEST,567,31.8162,-97.2433,Texas
40329,BARTLETT,568,30.7893,-97.2916,Texas
40330,DALLAS 16,569,32.7925,-96.7728,Texas
40331,COPPELL,570,32.9634,-96.9847,Texas
40332,WILMER,571,32.6052,-96.6743,Texas
40333,DAWSON,572,31.867,-96.6558,Texas
40334,MART,573,31.561,-96.8024,Texas
40335,LITTLE ELM,574,33.1765,-96.9506,Texas
40336,TEMPLE 2,575,31.0753,-97.2524,Texas
40337,TEMPLE 1,576,31.0558,-97.3172,Texas
40338,QUINLAN,577,32.9247,-96.1134,Texas
40339,CHICO,578,33.3159,-97.8577,Texas
40340,DUBLIN 2,579,32.0753,-98.3486,Texas
40341,ARLINGTON 2,580,32.5912,-97.0394,Texas
40342,WOLFE CITY,581,33.4209,-95.9457,Texas
40343,DALLAS 26,582,32.9446,-96.8018,Texas
40344,WHITNEY,583,31.9597,-97.3304,Texas
40345,FORT WORTH 25,584,32.9135,-97.4338,Texas
40346,FORT WORTH 27,585,32.8473,-97.4822,Texas
40347,JOSHUA,586,32.4259,-97.5399,Texas
40348,DALLAS 12,587,32.8735,-96.7475,Texas
40349,MCKINNEY 1,588,33.1669,-96.6017,Texas
40350,ALLEN 1,589,33.0896,-96.6078,Texas
40351,ALEDO 2,590,32.6957,-97.6315,Texas
40352,THE COLONY,591,33.0703,-96.9124,Texas
40353,SUNNYVALE,592,32.8005,-96.5476,Texas
40354,DALLAS 10,593,32.8287,-96.746,Texas
40355,FORT WORTH 4,594,32.8684,-97.2521,Texas
40356,DALLAS 30,595,32.8483,-96.8255,Texas
40357,AZLE,596,32.9002,-97.5612,Texas
40358,HUTCHINS,597,32.6385,-96.6955,Texas
40359,VALLEY MILLS,598,31.6622,-97.5061,Texas
40360,DENTON 6,599,33.2277,-97.1838,Texas
40361,MESQUITE 3,600,32.8173,-96.6303,Texas
40362,GRANBURY 1,601,32.3342,-97.7317,Texas
40363,DALLAS 2,602,32.7231,-96.9358,Texas
40364,MOUNT CALM,603,31.7512,-96.8919,Texas
40365,RIESEL 2,604,31.3547,-97.0129,Texas
40366,DALLAS 17,605,32.7113,-96.7812,Texas
40367,ARLINGTON 4,606,32.7543,-97.0832,Texas
40368,CELINA,607,33.3389,-96.753,Texas
40369,FORT WORTH 16,608,32.8818,-97.346,Texas
40370,RED OAK,609,32.5218,-96.8073,Texas
40371,CLYDE,610,32.2664,-99.5189,Texas
40372,IRVING 2,611,32.8853,-96.9421,Texas
40373,ROWLETT 1,612,32.8978,-96.5504,Texas
40374,JACKSBORO 2,613,33.2196,-98.1882,Texas
40375,GRANBURY 3,614,32.5621,-97.631,Texas
40376,SOUTHLAKE,615,32.9599,-97.1486,Texas
40377,DALLAS 29,616,32.7868,-96.82,Texas
40378,LEWISVILLE 1,617,33.0685,-96.9638,Texas
40379,DALLAS 36,618,32.8933,-96.8643,Texas
40380,HILLSBORO,619,32.0225,-97.1334,Texas
40381,FORT WORTH 15,620,32.7078,-97.3383,Texas
40382,CISCO,621,32.556,-99.1647,Texas
40383,ITASCA,622,32.1626,-97.1549,Texas
40384,LANCASTER 2,623,32.6177,-96.7781,Texas
40385,GARLAND 1,624,32.8576,-96.5763,Texas
40386,DALLAS 9,625,32.7922,-96.744,Texas
40387,DUNCANVILLE 2,626,32.6432,-96.9165,Texas
40388,MESQUITE 1,627,32.7257,-96.559,Texas
40389,MAYPEARL,628,32.3024,-97.0372,Texas
40390,GARLAND 3,629,32.9646,-96.6497,Texas
40391,ALLEN 2,630,33.1143,-96.694,Texas
40392,RIESEL 1,631,31.4744,-96.9571,Texas
40393,BRIDGEPORT,632,33.1964,-97.9208,Texas
40394,LEWISVILLE 2,633,33.0814,-97.061,Texas
40395,SEAGOVILLE,634,32.6058,-96.5423,Texas
40396,DALLAS 31,635,32.9253,-96.8368,Texas
40397,HALTOM CITY,636,32.8034,-97.2674,Texas
40398,BALCH SPRINGS,637,32.7166,-96.6201,Texas
40399,FORT WORTH 13,638,32.6785,-97.3305,Texas
40400,DALLAS 43,639,32.6762,-96.9366,Texas
40401,KILLEEN 2,640,31.1129,-97.7296,Texas
40402,WACO 5,641,31.5397,-97.195,Texas
40403,FORT WORTH 9,642,32.8597,-97.2915,Texas
40404,ENNIS,643,32.32,-96.675,Texas
40405,DALLAS 3,644,32.7103,-96.6785,Texas
40406,RICHARDSON 1,645,32.9916,-96.6631,Texas
40407,FORT WORTH 21,646,32.7421,-97.3817,Texas
40408,WACO 2,647,31.621,-97.0985,Texas
40409,ROGERS,648,30.9402,-97.227,Texas
40410,CHINA SPRING,649,31.6939,-97.3253,Texas
40411,ALBANY 1,650,32.7683,-99.4228,Texas
40412,MCKINNEY 2,651,33.2459,-96.6313,Texas
40413,GRANBURY 2,652,32.4031,-97.7006,Texas
40414,CLIFTON 2,653,31.8171,-97.5466,Texas
40415,FARMERSVILLE,654,33.1742,-96.356,Texas
40416,ARLINGTON 10,655,32.6892,-97.1891,Texas
40417,KILLEEN 3,656,31.0096,-97.7464,Texas
40418,WYLIE,657,33.0121,-96.5349,Texas
40419,PALO PINTO 1,658,32.6581,-98.3103,Texas
40420,FORT WORTH 10,659,32.9754,-97.3105,Texas
40421,JOSEPHINE,660,33.0662,-96.309,Texas
40422,LEWSIVILLE,661,33.0196,-96.962,Texas
40423,DALLAS 40,662,32.8136,-96.878,Texas
40424,KEMP,663,32.3667,-96.245,Texas
40425,WAXAHACHIE 2,664,32.3608,-96.9155,Texas
40426,HURST,665,32.8172,-97.1806,Texas
40427,FORT WORTH 18,666,32.8165,-97.3595,Texas
40428,WEATHERFORD 2,667,32.755,-97.7911,Texas
40429,ROCKWALL 2,668,32.9439,-96.4529,Texas
40430,WEATHERFORD 3,669,32.8484,-97.9032,Texas
40431,FORT WORTH 3,670,32.7474,-97.2177,Texas
40432,NEWARK,671,33.0008,-97.4444,Texas
40433,SANTO,672,32.6005,-98.1728,Texas
40434,DALLAS 18,673,32.9303,-96.7875,Texas
40435,ELM MOTT,674,31.6966,-97.0737,Texas
40436,FORT WORTH 17,675,32.7811,-97.3546,Texas
40437,WAXAHACHIE 1,676,32.3722,-96.7849,Texas
40438,ARLINGTON 3,677,32.7228,-97.0802,Texas
40439,FORT WORTH 20,678,32.6529,-97.3795,Texas
40440,FORT WORTH 7,679,32.7491,-97.273,Texas
40441,FORT WORTH 11,680,32.7287,-97.3178,Texas
40442,MIDLOTHIAN 1,681,32.4302,-97.0537,Texas
40443,HEWITT,682,31.4535,-97.1953,Texas
40444,ARLINGTON 11,683,32.6396,-97.2175,Texas
40445,GRAND PRAIRIE 3,684,32.665,-97.0247,Texas
40446,MELISSA,685,33.2851,-96.5662,Texas
40447,COPPERAS COVE,686,31.219,-97.9682,Texas
40448,CLEBURNE 1,687,32.3926,-97.3275,Texas
40449,GREENVILLE 2,688,33.0685,-96.0843,Texas
40450,ALVORD,689,33.3724,-97.67,Texas
40451,GORMAN,690,32.117,-98.9851,Texas
40452,COLLEYVILLE,691,32.8918,-97.1496,Texas
40453,HOLLAND,692,30.8843,-97.3788,Texas
40454,TEMPLE 3,693,31.1379,-97.3736,Texas
40455,DALLAS 34,694,32.6609,-96.8409,Texas
40456,IRVING 4,695,32.8259,-96.9669,Texas
40457,FRISCO 2,696,33.1463,-96.8563,Texas
40458,GATESVILLE 3,697,31.468,-97.7353,Texas
40459,DALLAS 25,698,32.7877,-96.7994,Texas
40460,DALLAS 37,699,32.7039,-96.8719,Texas
40461,FORT WORTH 19,700,32.7086,-97.3635,Texas
40462,WOODWAY,701,31.5297,-97.2604,Texas
40463,MINGUS,702,32.4554,-98.4182,Texas
40464,THROCKMORTON,703,33.1877,-99.265,Texas
40465,NEMO,704,32.2662,-97.6551,Texas
40466,ABBOTT,705,31.8817,-97.0854,Texas
40467,ALVARADO,706,32.4149,-97.1964,Texas
40468,CORSICANA 1,707,32.0432,-96.3509,Texas
40469,HARKER HEIGHTS,708,31.0509,-97.6446,Texas
40470,IRVING 3,709,32.7966,-96.9549,Texas
40471,BURLESON,710,32.5327,-97.3065,Texas
40472,FORT WORTH 28,711,32.6359,-97.5035,Texas
40473,DALLAS 23,712,32.8359,-96.7955,Texas
40474,NORTH RICHLAND HILLS 1,713,32.8866,-97.2084,Texas
40475,CROSS PLAINS,714,32.0069,-99.2908,Texas
40476,BLOOMING GROVE,715,32.1229,-96.7237,Texas
40477,CONVERSE,716,29.4878,-98.2915,Texas
40478,SAN ANTONIO 46,717,29.6523,-98.6562,Texas
40479,BASTROP,718,30.1456,-97.2708,Texas
40480,MARION 2,719,29.6005,-98.0476,Texas
40481,PAIGE,720,30.3039,-97.2189,Texas
40482,SAN ANTONIO 42,721,29.3714,-98.5934,Texas
40483,WAELDER,722,29.7007,-97.3013,Texas
40484,ATASCOSA,723,29.283,-98.7373,Texas
40485,SAN ANTONIO 40,724,29.4606,-98.5713,Texas
40486,CIBOLO,725,29.575,-98.2206,Texas
40487,AUSTIN 6,726,30.2424,-97.6592,Texas
40488,AUSTIN 25,727,30.2933,-97.7661,Texas
40489,HORSESHOE BAY,728,30.5309,-98.3778,Texas
40490,LEANDER 1,729,30.5626,-97.9079,Texas
40491,AUSTIN 10,730,30.3043,-97.6857,Texas
40492,SAN ANTONIO 31,731,29.59,-98.5253,Texas
40493,SAN ANTONIO 49,732,29.3413,-98.7056,Texas
40494,ELGIN,733,30.3386,-97.3612,Texas
40495,AUSTIN 31,734,30.2162,-97.856,Texas
40496,RUNGE,735,28.9522,-97.887200000000007,Texas
40497,YOAKUM,736,29.2023,-97.0763,Texas
40498,AUSTIN 37,737,30.3197,-97.9582,Texas
40499,PFLUGERVILLE,738,30.4385,-97.5946,Texas
40500,SAN ANTONIO 12,739,29.5859,-98.4068,Texas
40501,AUSTIN 3,740,30.2934,-97.7844,Texas
40502,SAN ANTONIO 48,741,29.462,-98.6768,Texas
40503,SAN ANTONIO 19,742,29.4151,-98.4591,Texas
40504,SAN ANTONIO 2,743,29.5889,-98.6139,Texas
40505,BERGHEIM,744,29.9033,-98.5564,Texas
40506,NEW BRAUNFELS 2,745,29.6969,-98.0707,Texas
40507,D HANIS,746,29.2853,-99.3292,Texas
40508,SAN ANTONIO 24,747,29.6975,-98.4867,Texas
40509,AUSTIN 7,748,30.3825,-97.6735,Texas
40510,BRENHAM,749,30.2151,-96.4103,Texas
40511,BERTRAM,750,30.7733,-98.0452,Texas
40512,MARION 1,751,29.6244,-98.1419,Texas
40513,LA GRANGE,752,29.9172,-96.7506,Texas
40514,MARBLE FALLS 1,753,30.5553,-98.2576,Texas
40515,ROUND ROCK 1,754,30.557,-97.6903,Texas
40516,WIMBERLEY,755,30.0344,-98.1428,Texas
40517,GONZALES,756,29.477,-97.4489,Texas
40518,SAN ANTONIO 11,757,29.6905,-98.4018,Texas
40519,SAN ANTONIO 14,758,29.6272,-98.4271,Texas
40520,HUTTO,759,30.56,-97.5461,Texas
40521,LULING,760,29.6961,-97.4707,Texas
40522,SAN ANTONIO 21,761,29.5886,-98.4746,Texas
40523,AUSTIN 12,762,30.388,-97.7069,Texas
40524,SAN ANTONIO 15,763,29.4606,-98.4386,Texas
40525,ADKINS,764,29.3536,-98.2383,Texas
40526,WINCHESTER,765,30.0381,-96.9875,Texas
40527,ROCKDALE 1,766,30.5659,-97.064,Texas
40528,NATALIA,767,29.1998,-98.8422,Texas
40529,AUSTIN 20,768,30.2706,-97.7426,Texas
40530,SAN ANTONIO 43,769,29.4715,-98.6178,Texas
40531,SAN ANTONIO 5,770,29.556,-98.3603,Texas
40532,TAYLOR,771,30.4655,-97.3841,Texas
40533,SMITHVILLE,772,30.0139,-97.1821,Texas
40534,CEDAR PARK,773,30.5039,-97.8242,Texas
40535,SAN ANTONIO 25,774,29.5373,-98.4879,Texas
40536,HALLETTSVILLE,775,29.38,-96.8362,Texas
40537,AUSTIN 5,776,30.3557,-97.6447,Texas
40538,NEW BRAUNFELS 3,777,29.7588,-98.1905,Texas
40539,SUTHERLAND SPRINGS,778,29.2935,-98.057,Texas
40540,AUSTIN 34,779,30.1784,-97.8887,Texas
40541,CAMERON,780,30.8911,-96.9076,Texas
40542,SAN ANTONIO 35,781,29.3055,-98.5311,Texas
40543,MEDINA,782,29.6783,-99.3166,Texas
40544,MANCHACA,783,30.1328,-97.8747,Texas
40545,SPRING BRANCH,784,29.8948,-98.391,Texas
40546,AUSTIN 19,785,30.3222,-97.7402,Texas
40547,FLATONIA,786,29.7276,-97.1585,Texas
40548,GRANGER,787,30.7109,-97.4139,Texas
40549,FAYETTEVILLE,788,30.043,-96.6992,Texas
40550,GEORGETOWN 2,789,30.6479,-97.7532,Texas
40551,AUSTIN 35,790,30.3779,-97.895,Texas
40552,PIPE CREEK,791,29.6897,-98.9112,Texas
40553,RED ROCK,792,29.844,-97.358,Texas
40554,JARRELL,793,30.8186,-97.5025,Texas
40555,SAN ANTONIO 1,794,29.4289,-98.3433,Texas
40556,SAN ANTONIO 36,795,29.5453,-98.5566,Texas
40557,SCHULENBURG,796,29.6863,-96.9336,Texas
40558,SAN ANTONIO 22,797,29.2783,-98.4791,Texas
40559,DRIPPING SPRINGS,798,30.2241,-98.1348,Texas
40560,SAN ANTONIO 26,799,29.2001,-98.4927,Texas
40561,MARBLE FALLS 3,800,30.5812,-98.2087,Texas
40562,BOERNE 1,801,29.7477,-98.6503,Texas
40563,WASHINGTON,802,30.2869,-96.1894,Texas
40564,SCHERTZ,803,29.5471,-98.2626,Texas
40565,AUSTIN 8,804,30.27,-97.6836,Texas
40566,SEGUIN 1,805,29.5931,-97.9732,Texas
40567,SAN ANTONIO 45,806,29.4066,-98.6303,Texas
40568,SAN ANTONIO 52,807,29.3573,-98.8867,Texas
40569,CUERO 2,808,29.097,-97.2824,Texas
40570,SAN ANTONIO 10,809,29.4916,-98.3971,Texas
40571,AUSTIN 16,810,30.2822,-97.731,Texas
40572,AUSTIN 39,811,30.1119,-98.0336,Texas
40573,SAN ANTONIO 51,812,29.5378,-98.7348,Texas
40574,SAN ANTONIO 41,813,29.6605,-98.5835,Texas
40575,LA VERNIA,814,29.3504,-98.107,Texas
40576,MANOR,815,30.3397,-97.5235,Texas
40577,SAN ANTONIO 38,816,29.3425,-98.5701,Texas
40578,GIDDINGS,817,30.1676,-96.923,Texas
40579,AUSTIN 32,818,30.2681,-97.8692,Texas
40580,AUSTIN 38,819,30.2611,-97.9594,Texas
40581,AUSTIN 30,820,30.4307,-97.8401,Texas
40582,AUSTIN 28,821,30.4186,-97.8025,Texas
40583,COLUMBUS,822,29.696,-96.4255,Texas
40584,SHINER,823,29.5649,-97.0838,Texas
40585,SAN ANTONIO 3,824,29.6562,-98.3391,Texas
40586,CALDWELL,825,30.5416,-96.6762,Texas
40587,AUSTIN 18,826,30.127,-97.74,Texas
40588,INDUSTRY,827,30.0243,-96.4511,Texas
40589,DALE,828,29.9401,-97.5683,Texas
40590,SAN ANTONIO 37,829,29.5017,-98.5695,Texas
40591,SAN ANTONIO 18,830,29.4399,-98.4587,Texas
40592,SAN ANTONIO 33,831,29.388,-98.526,Texas
40593,MARTINDALE,832,29.6596,-97.7852,Texas
40594,SAN ANTONIO 17,833,29.4889,-98.4562,Texas
40595,SAN ANTONIO 23,834,29.4412,-98.4805,Texas
40596,AUSTIN 29,835,30.1671,-97.824,Texas
40597,LEXINGTON,836,30.3548,-96.8402,Texas
40598,LEANDER 2,837,30.45,-97.9718,Texas
40599,AUSTIN 15,838,30.4299,-97.7178,Texas
40600,MICO,839,29.5011,-98.8535,Texas
40601,MARBLE FALLS 2,840,30.556,-98.3384,Texas
40602,AUSTIN 36,841,30.3784,-97.9512,Texas
40603,LOCKHART,842,29.8715,-97.6768,Texas
40604,AUSTIN 17,843,30.3515,-97.7326,Texas
40605,SAN ANTONIO 13,844,29.5381,-98.4152,Texas
40606,FALLS CITY,845,28.867,-98.2404,Texas
40607,AUSTIN 27,846,30.2068,-97.7974,Texas
40608,AUSTIN 23,847,30.4027,-97.7611,Texas
40609,SAN ANTONIO 27,848,29.4646,-98.4937,Texas
40610,BLANCO,849,30.1829,-98.5665,Texas
40611,AUSTIN 24,850,30.243,-97.7651,Texas
40612,SAN MARCOS,851,29.8802,-97.9662,Texas
40613,BUDA,852,30.0785,-97.838,Texas
40614,DEL VALLE,853,30.151,-97.6073,Texas
40615,AUSTIN 4,854,30.2971,-97.6178,Texas
40616,SAN ANTONIO 50,855,29.4009,-98.7307,Texas
40617,BURLINGTON,856,31.0208,-97.1207,Texas
40618,AUSTIN 13,857,30.2305,-97.7141,Texas
40619,ELMENDORF,858,29.2567,-98.3825,Texas
40620,SAN ANTONIO 6,859,29.5186,-98.363,Texas
40621,CANYON LAKE,860,29.9711,-98.2282,Texas
40622,JOHNSON CITY,861,30.4023,-98.3596,Texas
40623,YORKTOWN,862,28.8577,-97.4286,Texas
40624,AUSTIN 2,863,30.2098,-97.6129,Texas
40625,LACKLAND A F B,864,29.3913,-98.6187,Texas
40626,LIBERTY HILL,865,30.6909,-97.9414,Texas
40627,KENEDY,866,28.7334,-97.895,Texas
40628,CUERO 1,867,29.1297,-97.3112,Texas
40629,SAN ANTONIO 20,868,29.3958,-98.4644,Texas
40630,VON ORMY,869,29.2439,-98.6224,Texas
40631,KYLE,870,29.9048,-97.8073,Texas
40632,SEGUIN 2,871,29.5428,-97.9371,Texas
40633,UNIVERSAL CITY,872,29.526,-98.2775,Texas
40634,SPICEWOOD,873,30.43,-98.1127,Texas
40635,SAINT HEDWIG,874,29.4366,-98.2051,Texas
40636,SAN ANTONIO 16,875,29.3452,-98.4439,Texas
40637,BOERNE 2,876,29.8592,-98.7063,Texas
40638,SAN ANTONIO 32,877,29.4224,-98.5259,Texas
40639,AUSTIN 26,878,30.3482,-97.7681,Texas
40640,AUSTIN 21,879,30.4924,-97.7483,Texas
40641,SAN ANTONIO 44,880,29.6247,-98.624,Texas
40642,CEDAR CREEK 1,881,30.1458,-97.55,Texas
40643,NEW BRAUNFELS 1,882,29.7372,-98.0228,Texas
40644,AUSTIN 11,883,30.3318,-97.7043,Texas
40645,SAN ANTONIO 39,884,29.4211,-98.5709,Texas
40646,HONDO,885,29.4274,-99.1411,Texas
40647,SAN ANTONIO 4,886,29.4741,-98.3481,Texas
40648,NEW ULM,887,29.8066,-96.6865,Texas
40649,SAN ANTONIO 8,888,29.4467,-98.3874,Texas
40650,AUSTIN 33,889,30.321,-97.8848,Texas
40651,BULVERDE,890,29.7695,-98.4532,Texas
40652,GEORGETOWN 3,891,30.8418,-97.8097,Texas
40653,SAN ANTONIO 9,892,29.4182,-98.3943,Texas
40654,FLORESVILLE,893,29.0734,-98.0804,Texas
40655,SAN ANTONIO 29,894,29.4044,-98.505,Texas
40656,SAN ANTONIO 7,895,29.3549,-98.3719,Texas
40657,BUCKHOLTS,896,30.8527,-97.1489,Texas
40658,SOMERVILLE,897,30.4713,-96.4381,Texas
40659,WEIMAR,898,29.4886,-96.6525,Texas
40660,COMFORT,899,29.9723,-98.9047,Texas
40661,NORDHEIM,900,28.9141,-97.6326,Texas
40662,AUSTIN 9,901,30.1838,-97.6843,Texas
40663,AUSTIN 22,902,30.4584,-97.7553,Texas
40664,HELOTES,903,29.6099,-98.7468,Texas
40665,SAN ANTONIO 47,904,29.5035,-98.6646,Texas
40666,BANDERA,905,29.7072,-99.0952,Texas
40667,SAN ANTONIO 30,906,29.5164,-98.523,Texas
40668,ROCKDALE 2,907,30.7004,-96.8306,Texas
40669,CEDAR CREEK 2,908,30.0941,-97.4951,Texas
40670,NIXON,909,29.4289,-97.7358,Texas
40671,CHAPPELL HILL,910,30.1223,-96.2584,Texas
40672,ROUND ROCK 3,911,30.5017,-97.6472,Texas
40673,AUSTIN 14,912,30.29,-97.7147,Texas
40674,OILTON,913,27.4881,-99.0053,Texas
40675,AUSTIN 1,914,30.3974,-97.8426,Texas
40676,SAN ANTONIO 28,915,29.6341,-98.4974,Texas
40677,ROUND ROCK 2,916,30.5434,-97.6456,Texas
40678,ROUND ROCK 4,917,30.5344,-97.7256,Texas
40679,SAN ANTONIO 34,918,29.4684,-98.5289,Texas
40680,DEVINE,919,29.1358,-99.1689,Texas
40681,GEORGETOWN 1,920,30.6591,-97.6182,Texas
40682,BURNET,921,30.8007,-98.283,Texas
40683,INEZ,922,28.8391,-96.8896,Texas
40684,PASADENA 2,923,29.7248,-95.1765,Texas
40685,PRAIRIE VIEW,924,30.0868,-95.9905,Texas
40686,CONROE 1,925,30.2858,-95.3124,Texas
40687,SIMONTON,926,29.6876,-95.9523,Texas
40688,HOUSTON 80,927,29.9797,-95.5728,Texas
40689,HOUSTON 1,928,29.8108,-95.2539,Texas
40690,HOUSTON 9,929,29.8329,-95.149,Texas
40691,HOUSTON 73,930,29.8159,-95.523,Texas
40692,NURSERY,931,28.8947,-97.135,Texas
40693,BACLIFF,932,29.5072,-94.9872,Texas
40694,SPRING 1,933,30.1004,-95.3564,Texas
40695,HOUSTON 72,934,29.6524,-95.5212,Texas
40696,PORT LAVACA,935,28.5707,-96.8333,Texas
40697,CONROE 5,936,30.3074,-95.4385,Texas
40698,SUGAR LAND 3,937,29.67,-95.7081,Texas
40699,DAYTON,938,30.0544,-94.922,Texas
40700,VICTORIA 2,939,28.7883,-97.01,Texas
40701,KATY 1,940,29.8376,-95.7338,Texas
40702,MAGNOLIA 2,941,30.1563,-95.7493,Texas
40703,HOUSTON 29,942,29.8634,-95.3414,Texas
40704,MISSOURI CITY 1,943,29.6004,-95.5155,Texas
40705,RICHMOND 1,944,29.4827,-95.6802,Texas
40706,HOUSTON 11,945,29.9066,-95.1806,Texas
40707,HOUSTON 33,946,29.7249,-95.3638,Texas
40708,SPRING 8,947,30.195,-95.5482,Texas
40709,POINT COMFORT 2,948,28.6917,-96.5417,Texas
40710,HOUSTON 28,949,29.9112,-95.3412,Texas
40711,EL CAMPO,950,29.2123,-96.2806,Texas
40712,HOUSTON 12,951,29.6194,-95.1912,Texas
40713,PORT O CONNOR,952,28.4446,-96.4918,Texas
40714,DICKINSON,953,29.4568,-95.0311,Texas
40715,GALVESTON 1,954,29.3105,-94.7758,Texas
40716,HOUSTON 10,955,29.7639,-95.1731,Texas
40717,BAYTOWN 2,956,29.7731,-94.9019,Texas
40718,LEAGUE CITY,957,29.5038,-95.0873,Texas
40719,LIVERPOOL,958,29.2845,-95.2815,Texas
40720,HOUSTON 16,959,29.7597,-95.2563,Texas
40721,SUGAR LAND 1,960,29.6203,-95.6057,Texas
40722,RICHMOND 2,961,29.6461,-95.7945,Texas
40723,HOUSTON 82,962,29.8127,-95.5836,Texas
40724,PINEHURST,963,30.1605,-95.6692,Texas
40725,PEARLAND 2,964,29.5453,-95.3501,Texas
40726,HOUSTON 47,965,29.7348,-95.4161,Texas
40727,HOUSTON 79,966,29.7413,-95.5603,Texas
40728,HOUSTON 49,967,29.8264,-95.4263,Texas
40729,WADSWORTH,968,28.795,-96.0481,Texas
40730,HOUSTON 18,969,29.7185,-95.2741,Texas
40731,HOUSTON 88,970,29.6945,-95.6496,Texas
40732,TOMBALL 1,971,30.0949,-95.5858,Texas
40733,HOUSTON 22,972,29.7436,-95.3089,Texas
40734,DEER PARK,973,29.7232,-95.1289,Texas
40735,WALLIS,974,29.6327,-96.0551,Texas
40736,HOUSTON 67,975,29.9177,-95.49,Texas
40737,SPRING 4,976,30.0593,-95.4707,Texas
40738,SOUTH HOUSTON,977,29.661,-95.2298,Texas
40739,HOUSTON 3,978,29.726,-95.6382,Texas
40740,SEADRIFT,979,28.4296,-96.5742,Texas
40741,HOUSTON 34,980,29.7953,-95.3676,Texas
40742,SUGAR LAND 2,981,29.567,-95.636,Texas
40743,CONROE 7,982,30.3245,-95.505,Texas
40744,LOLITA,983,28.8333,-96.5216,Texas
40745,LAPORTE,984,29.7268,-95.0598,Texas
40746,NEW CANEY,985,30.1612,-95.1898,Texas
40747,HOUSTON 14,986,29.6898,-95.2524,Texas
40748,HOUSTON 2,987,29.9522,-95.2422,Texas
40749,HOUSTON 78,988,29.6522,-95.5462,Texas
40750,HOUSTON 40,989,29.8904,-95.3925,Texas
40751,BLOOMINGTON,990,28.6956,-96.7942,Texas
40752,WILLIS 2,991,30.4714,-95.3639,Texas
40753,HOUSTON 51,992,29.7338,-95.4333,Texas
40754,PALACIOS,993,28.6234,-96.1899,Texas
40755,CONROE 4,994,30.1882,-95.4163,Texas
40756,HOUSTON 52,995,29.6857,-95.4348,Texas
40757,SPRING 2,996,30.0622,-95.384,Texas
40758,KINGWOOD 1,997,30.0531,-95.1579,Texas
40759,HOUSTON 5,998,29.9417,-95.5306,Texas
40760,TEXAS CITY 1,999,29.3914,-94.9201,Texas
40761,KINGWOOD 2,1000,30.0468,-95.221,Texas
40762,HOUSTON 8,1001,29.5736,-95.1306,Texas
40763,SPRING 7,1002,30.0409,-95.5289,Texas
40764,HOUSTON 41,1003,29.9347,-95.3949,Texas
40765,FRESNO,1004,29.5373,-95.4746,Texas
40766,HOUSTON 48,1005,29.7982,-95.4169,Texas
40767,HOUSTON 58,1006,29.8815,-95.4526,Texas
40768,PATTISON,1007,29.7927,-96.012200000000007,Texas
40769,HOUSTON 77,1008,29.7018,-95.5345,Texas
40770,MISSOURI CITY 2,1009,29.4734,-95.5581,Texas
40771,HOUSTON 4,1010,29.721,-95.3954,Texas
40772,TOMBALL 2,1011,30.0617,-95.6815,Texas
40773,CYPRESS 1,1012,29.9978,-95.6694,Texas
40774,HEMPSTEAD,1013,30.0999,-96.0656,Texas
40775,WEST COLUMBIA,1014,29.1556,-95.6835,Texas
40776,BAYTOWN 1,1015,29.6744,-94.9139,Texas
40777,SANTA FE 1,1016,29.3036,-95.0323,Texas
40778,HOUSTON 27,1017,29.6669,-95.3351,Texas
40779,SPRING 5,1018,30.1782,-95.501,Texas
40780,HOUSTON 46,1019,29.7715,-95.4111,Texas
40781,HOUSTON 23,1020,29.7732,-95.3143,Texas
40782,MONTGOMERY,1021,30.3062,-95.6864,Texas
40783,HUNGERFORD,1022,29.4164,-96.0854,Texas
40784,HOUSTON 84,1023,29.6709,-95.586,Texas
40785,HOUSTON 83,1024,29.6997,-95.5848,Texas
40786,HOUSTON 24,1025,29.721800000000002,-95.3183,Texas
40787,HOUSTON 76,1026,29.9884,-95.5312,Texas
40788,HOUSTON 43,1027,29.7068,-95.4017,Texas
40789,HOUSTON 81,1028,29.8586,-95.5808,Texas
40790,HOUSTON 35,1029,29.6561,-95.3787,Texas
40791,HOUSTON 90,1030,29.8275,-95.6599,Texas
40792,BEASLEY,1031,29.4644,-95.9662,Texas
40793,HOUSTON 7,1032,29.6136,-95.1194,Texas
40794,LA MARQUE,1033,29.3632,-94.9801,Texas
40795,WALLER,1034,30.0796,-95.9323,Texas
40796,PORTER,1035,30.1067,-95.2971,Texas
40797,CYPRESS 2,1036,29.9343,-95.7476,Texas
40798,HOUSTON 30,1037,29.9878,-95.3534,Texas
40799,FULSHEAR,1038,29.5924,-95.9553,Texas
40800,LIBERTY,1039,30.0757,-94.7334,Texas
40801,WINNIE,1040,29.8685,-94.603,Texas
40802,HOUSTON 63,1041,29.6534,-95.4753,Texas
40803,HOUSTON 70,1042,29.7712,-95.5118,Texas
40804,HOUSTON 55,1043,29.9186,-95.4412,Texas
40805,CROSBY,1044,29.9329,-95.0572,Texas
40806,MANVEL,1045,29.4815,-95.3614,Texas
40807,HOUSTON 54,1046,30.0082,-95.439,Texas
40808,HOUSTON 89,1047,29.9092,-95.6512,Texas
40809,DAMON,1048,29.2599,-95.6677,Texas
40810,HOUSTON 74,1049,29.7363,-95.5233,Texas
40811,HOUSTON 26,1050,29.8002,-95.3289,Texas
40812,HOUSTON 32,1051,29.7536,-95.3598,Texas
40813,HOCKLEY,1052,30.0476,-95.8337,Texas
40814,ANGLETON,1053,29.1749,-95.4501,Texas
40815,CONROE 3,1054,30.378,-95.3771,Texas
40816,HOUSTON 39,1055,29.741,-95.3913,Texas
40817,HOUSTON 59,1056,29.5835,-95.4607,Texas
40818,PEARLAND 1,1057,29.5616,-95.2797,Texas
40819,HOUSTON 56,1058,29.7401,-95.4464,Texas
40820,HOUSTON 13,1059,29.587,-95.2256,Texas
40821,CHANNELVIEW 2,1060,29.8325,-95.0509,Texas
40822,BAY CITY,1061,28.7885,-95.8393,Texas
40823,PASADENA 3,1062,29.6225,-95.0458,Texas
40824,BROOKSHIRE,1063,29.8485,-95.9771,Texas
40825,HOUSTON 25,1064,29.6187,-95.3242,Texas
40826,TEXAS CITY 2,1065,29.3992,-94.9973,Texas
40827,VICTORIA 3,1066,28.6767,-97.1987,Texas
40828,HOUSTON 36,1067,29.8316,-95.3796,Texas
40829,GANADO,1068,29.0209,-96.4898,Texas
40830,MONT BELVIEU,1069,29.8247,-94.9197,Texas
40831,BAYTOWN 3,1070,29.7535,-94.9973,Texas
40832,SPRING 6,1071,30.1234,-95.5171,Texas
40833,HUMBLE 2,1072,30.0173,-95.2862,Texas
40834,HOUSTON 69,1073,29.9572,-95.5033,Texas
40835,SANTA FE 2,1074,29.3645,-95.1311,Texas
40836,PORT BOLIVAR,1075,29.5069,-94.5201,Texas
40837,HOUSTON 42,1076,29.9993,-95.4002,Texas
40838,HOUSTON 85,1077,29.7761,-95.603,Texas
40839,HOUSTON 50,1078,29.6358,-95.4329,Texas
40840,HOUSTON 62,1079,29.83,-95.4744,Texas
40841,EAGLE LAKE,1080,29.3974,-96.3845,Texas
40842,CONROE 2,1081,30.2219,-95.3388,Texas
40843,WEBSTER,1082,29.5386,-95.1361,Texas
40844,SWEENY,1083,28.9331,-95.7349,Texas
40845,BLESSING,1084,28.8579,-96.3539,Texas
40846,WHARTON 1,1085,29.2878,-96.0683,Texas
40847,LAKE JACKSON,1086,29.0505,-95.4758,Texas
40848,BELLVILLE,1087,29.9871,-96.2529,Texas
40849,KATY 4,1088,29.8532,-95.8315,Texas
40850,HOUSTON 38,1089,29.6106,-95.3869,Texas
40851,FRIENDSWOOD,1090,29.5151,-95.1921,Texas
40852,HOUSTON 17,1091,29.6204,-95.2689,Texas
40853,HOUSTON 66,1092,30.0071,-95.4884,Texas
40854,FREEPORT 1,1093,28.9802,-95.342,Texas
40855,NEWGULF,1094,29.2639,-95.8997,Texas
40856,HOUSTON 60,1095,29.704,-95.4609,Texas
40857,PASADENA 1,1096,29.7233,-95.2103,Texas
40858,STAFFORD,1097,29.6243,-95.568,Texas
40859,EDNA,1098,29.0424,-96.6897,Texas
40860,HOUSTON 21,1099,29.6856,-95.3042,Texas
40861,NEEDVILLE,1100,29.3826,-95.807,Texas
40862,SEALY,1101,29.7951,-96.1077,Texas
40863,KATY 3,1102,29.7406,-95.8296,Texas
40864,HOUSTON 37,1103,29.86,-95.3822,Texas
40865,HOUSTON 19,1104,29.647,-95.2766,Texas
40866,THOMPSONS,1105,29.4828,-95.6311,Texas
40867,HOUSTON 61,1106,29.7482,-95.4689,Texas
40868,GALVESTON 3,1107,29.2532,-94.9247,Texas
40869,EAST BERNARD,1108,29.5222,-96.2187,Texas
40870,HOUSTON 20,1109,29.8625,-95.3,Texas
40871,CHANNELVIEW 1,1110,29.8161,-95.1077,Texas
40872,FREEPORT 3,1111,29.0212,-95.2783,Texas
40873,HOUSTON 15,1112,29.8524,-95.2541,Texas
40874,HOUSTON 31,1113,29.6984,-95.3569,Texas
40875,ROSHARON,1114,29.3814,-95.47,Texas
40876,HOUSTON 44,1115,29.6803,-95.4049,Texas
40877,HOUSTON 75,1116,29.8746,-95.5271,Texas
40878,HOUSTON 71,1117,29.6879,-95.5157,Texas
40879,HUMBLE 1,1118,29.9945,-95.1775,Texas
40880,HOUSTON 68,1119,29.7969,-95.4917,Texas
40881,WILLIS 1,1120,30.4356,-95.5214,Texas
40882,BAYTOWN 4,1121,29.8717,-94.8653,Texas
40883,VAN VLECK,1122,29.1327,-95.9411,Texas
40884,HUFFMAN,1123,30.0632,-95.0989,Texas
40885,HOUSTON 53,1124,29.8531,-95.436,Texas
40886,HOUSTON 91,1125,29.7693,-95.6813,Texas
40887,ROSENBERG,1126,29.5484,-95.8617,Texas
40888,PASADENA 5,1127,29.6479,-95.1898,Texas
40889,HOUSTON 45,1128,29.7541,-95.4095,Texas
40890,HOUSTON 6,1129,29.8222,-95.2194,Texas
40891,PASADENA 4,1130,29.6456,-95.1403,Texas
40892,HOUSTON 57,1131,29.9526,-95.4466,Texas
40893,GALVESTON 2,1132,29.2782,-94.8333,Texas
40894,POINT COMFORT 1,1133,28.6527,-96.56,Texas
40895,KATY 2,1134,29.7457,-95.7421,Texas
40896,SPRING 3,1135,30.137,-95.4684,Texas
40897,DANBURY,1136,29.2315,-95.3143,Texas
40898,WHARTON 2,1137,29.3491,-96.1918,Texas
40899,VICTORIA 1,1138,28.6751,-96.956,Texas
40900,HOUSTON 64,1139,29.6753,-95.4794,Texas
40901,HOUSTON 65,1140,29.6207,-95.4861,Texas
40902,LA PORTE,1141,29.6948,-95.0406,Texas
40903,MAGNOLIA 1,1142,30.2169,-95.6472,Texas
40904,ALVIN,1143,29.425,-95.1872,Texas
40905,HOUSTON 86,1144,29.9266,-95.6032,Texas
40906,BRAZORIA,1145,28.9606,-95.5583,Texas
40907,HOUSTON 87,1146,29.7502,-95.6154,Texas
40908,FREEPORT 2,1147,28.9913,-95.4075,Texas
40909,CONROE 6,1148,30.2338,-95.4957,Texas
40910,MADISONVILLE,1149,30.9537,-95.9053,Texas
40911,NORMANGEE,1150,31.1324,-96.1392,Texas
40912,ARP,1151,32.2675,-95.0777,Texas
40913,CENTERVILLE,1152,31.1365,-95.9343,Texas
40914,LUFKIN 3,1153,31.3408,-94.8262,Texas
40915,FLINT,1154,32.2183,-95.4134,Texas
40916,BULLARD,1155,32.1127,-95.3475,Texas
40917,CHANDLER,1156,32.2714,-95.5214,Texas
40918,PLANTERSVILLE,1157,30.3164,-95.85,Texas
40919,MARQUEZ,1158,31.2359,-96.2293,Texas
40920,TENNESSEE COLONY,1159,31.932,-95.9807,Texas
40921,ANDERSON,1160,30.528,-96.0114,Texas
40922,MINEOLA,1161,32.8164,-95.4247,Texas
40923,LOVELADY,1162,31.0924,-95.4999,Texas
40924,HUNTINGTON,1163,31.2305,-94.51,Texas
40925,BRYAN 4,1164,30.6613,-96.3226,Texas
40926,FRANKSTON,1165,32.0359,-95.4188,Texas
40927,TYLER 4,1166,32.3219,-95.3022,Texas
40928,BEN WHEELER,1167,32.428,-95.662,Texas
40929,GARRISON,1168,31.8193,-94.5206,Texas
40930,ETOILE,1169,31.4653,-94.3673,Texas
40931,LUFKIN 1,1170,31.3658,-94.7436,Texas
40932,PALESTINE 1,1171,31.8632,-95.4846,Texas
40933,LINDALE,1172,32.5379,-95.4357,Texas
40934,WHITEHOUSE,1173,32.2216,-95.2206,Texas
40935,OVERTON,1174,32.2503,-94.9365,Texas
40936,GRAND SALINE,1175,32.6466,-95.6875,Texas
40937,SHIRO,1176,30.5924,-95.9178,Texas
40938,MIDWAY,1177,30.9595,-95.7155,Texas
40939,SULPHUR SPRINGS,1178,33.168,-95.6082,Texas
40940,VAN,1179,32.5352,-95.644,Texas
40941,MURCHISON,1180,32.1586,-95.6437,Texas
40942,NACOGDOCHES 2,1181,31.7233,-94.6286,Texas
40943,DIBOLL,1182,31.1869,-94.7587,Texas
40944,FAIRFIELD 1,1183,31.8907,-96.1131,Texas
40945,TYLER 8,1184,32.3042,-95.3908,Texas
40946,ATHENS 1,1185,32.244,-95.8076,Texas
40947,BUFFALO,1186,31.4737,-96.0092,Texas
40948,RUSK,1187,31.7793,-95.1927,Texas
40949,WINONA,1188,32.4822,-95.1064,Texas
40950,FAIRFIELD 2,1189,31.8206,-96.0544,Texas
40951,CUSHING 2,1190,31.7962,-94.8543,Texas
40952,NACOGDOCHES 3,1191,31.6317,-94.7407,Texas
40953,FAIRFIELD 3,1192,31.7826,-96.0936,Texas
40954,TRINIDAD 2,1193,32.1666,-96.1188,Texas
40955,DIKE,1194,33.2612,-95.4724,Texas
40956,JEWETT 1,1195,31.4219,-96.2525,Texas
40957,PALESTINE 2,1196,31.946,-95.8135,Texas
40958,EMORY,1197,32.8807,-95.7491,Texas
40959,MT. ENTERPRISE,1198,32.0178,-94.6197,Texas
40960,TYLER 9,1199,32.4131,-95.4433,Texas
40961,FRANKLIN,1200,31.1803,-96.4866,Texas
40962,TYLER 3,1201,32.4184,-95.2131,Texas
40963,ELKHART,1202,31.6067,-95.5833,Texas
40964,WORTHAM,1203,31.8935,-96.4337,Texas
40965,OAKWOOD,1204,31.5573,-95.8637,Texas
40966,COOKVILLE,1205,33.242,-94.8578,Texas
40967,COLLEGE STATION 1,1206,30.5614,-96.2726,Texas
40968,EDGEWOOD,1207,32.715,-95.8545,Texas
40969,CUSHING 1,1208,31.8321,-94.9006,Texas
40970,TYLER 2,1209,32.3015,-95.178,Texas
40971,ALTO,1210,31.613,-95.0621,Texas
40972,CALVERT,1211,31.0031,-96.689,Texas
40973,JEWETT 2,1212,31.3295,-96.1528,Texas
40974,NAVASOTA,1213,30.3693,-96.0548,Texas
40975,MOUNT PLEASANT 2,1214,33.3349,-95.1615,Texas
40976,SCROGGINS,1215,33.0244,-95.1971,Texas
40977,WILLS POINT,1216,32.7033,-95.9947,Texas
40978,ATHENS 2,1217,32.0943,-95.906,Texas
40979,POINT,1218,32.9893,-95.9129,Texas
40980,LUFKIN 2,1219,31.3017,-94.6414,Texas
40981,JACKSONVILLE 1,1220,31.9398,-94.9898,Texas
40982,CROCKETT,1221,31.1889,-95.2557,Texas
40983,HENDERSON 1,1222,31.9254,-94.704,Texas
40984,BRYAN 3,1223,30.7977,-96.3121,Texas
40985,JACKSONVILLE 2,1224,31.9451,-95.257,Texas
40986,BRYAN 5,1225,30.743,-96.5484,Texas
40987,MALAKOFF,1226,32.1275,-96.0142,Texas
40988,CUMBY,1227,33.0981,-95.8032,Texas
40989,NACOGDOCHES 1,1228,31.5091,-94.5272,Texas
40990,MOUNT PLEASANT 1,1229,33.0917,-95.0417,Texas
40991,TEAGUE,1230,31.4789,-96.2298,Texas
40992,TYLER 7,1231,32.2351,-95.321,Texas
40993,TYLER 6,1232,32.3624,-95.3153,Texas
40994,YANTIS,1233,32.9251,-95.5682,Texas
40995,POLLOK,1234,31.3908,-95.1267,Texas
40996,TYLER 1,1235,32.3626,-95.0867,Texas
40997,COLLEGE STATION 2,1236,30.6091,-96.326,Texas
40998,HEARNE,1237,30.8719,-96.5269,Texas
40999,MOUNT VERNON,1238,33.1765,-95.3586,Texas
41000,IOLA,1239,30.7261,-96.0964,Texas
41001,STREETMAN,1240,31.7652,-96.3299,Texas
41002,COMO,1241,33.0142,-95.4609,Texas
41003,HENDERSON 2,1242,32.2394,-94.7283,Texas
41004,TRINIDAD 1,1243,32.1245,-96.1013,Texas
41005,ZAVALLA,1244,31.1384,-94.3752,Texas
41006,GRAPELAND,1245,31.4174,-95.4817,Texas
41007,BRYAN 2,1246,30.6474,-96.3723,Texas
41008,CANTON,1247,32.5181,-95.8889,Texas
41009,TYLER 5,1248,32.4696,-95.3079,Texas
41010,BREMOND,1249,31.0919,-96.695,Texas
41011,BRYAN 1,1250,30.7217,-96.4608,Texas
